player id,Name,Team,league,season,position,kmeans_cluster_raw,cluster_label
888971,Arijanet Murić,Burnley,England Premier League,23/24,G,1,G_low_signal
96531,Alphonse Areola,West Ham United,England Premier League,23/24,G,3,G_3
787498,André Onana,Manchester United,England Premier League,23/24,G,3,G_3
138530,Jordan Pickford,Everton,England Premier League,23/24,G,0,G_0
42209,Martin Dúbravka,Newcastle United,England Premier League,23/24,G,3,G_3
994363,Bart Verbruggen,Brighton & Hove Albion,England Premier League,23/24,G,2,G_2
252669,José Sá,Wolverhampton,England Premier League,23/24,G,3,G_3
920546,Robert Sánchez,Chelsea,England Premier League,23/24,G,2,G_2
84844,Neto,Bournemouth,England Premier League,23/24,G,0,G_0
158263,Emiliano Martínez,Aston Villa,England Premier League,23/24,G,2,G_2
103335,Bernd Leno,Fulham,England Premier League,23/24,G,2,G_2
171919,Mark Flekken,Brentford,England Premier League,23/24,G,1,G_low_signal
553606,Guglielmo Vicario,Tottenham Hotspur,England Premier League,23/24,G,2,G_2
243609,Alisson,Liverpool FC,England Premier League,23/24,G,2,G_2
254491,Ederson,Manchester City,England Premier League,23/24,G,2,G_2
162653,Nick Pope,Newcastle United,England Premier League,23/24,G,4,G_low_signal
980643,James Trafford,Burnley,England Premier League,23/24,G,3,G_3
187861,Wes Foderingham,Sheffield United,England Premier League,23/24,G,3,G_3
833943,Matt Turner,Nottingham Forest,England Premier League,23/24,G,0,G_0
827362,Caoimhín Kelleher,Liverpool FC,England Premier League,23/24,G,2,G_2
882604,Djordje Petrovic,Chelsea,England Premier League,23/24,G,2,G_2
45959,Thomas Kaminski,Luton Town,England Premier League,23/24,G,0,G_0
581310,David Raya,Arsenal,England Premier League,23/24,G,2,G_2
788134,Dean Henderson,Crystal Palace,England Premier League,23/24,G,0,G_0
98427,Sam Johnstone,Crystal Palace,England Premier League,23/24,G,0,G_0
31867,Jason Steele,Brighton & Hove Albion,England Premier League,23/24,G,2,G_2
78152,Matz Sels,Nottingham Forest,England Premier League,23/24,G,0,G_0
171919,Mark Flekken,Brentford,England Premier League,24/25,G,1,G_low_signal
138530,Jordan Pickford,Everton,England Premier League,24/25,G,1,G_low_signal
232422,Kepa Arrizabalaga,Bournemouth,England Premier League,24/25,G,4,G_low_signal
78152,Matz Sels,Nottingham Forest,England Premier League,24/25,G,0,G_0
839410,Aaron Ramsdale,Southampton,England Premier League,24/25,G,0,G_0
42209,Martin Dúbravka,Newcastle United,England Premier League,24/25,G,2,G_2
162653,Nick Pope,Newcastle United,England Premier League,24/25,G,0,G_0
888971,Arijanet Murić,Ipswich Town,England Premier League,24/25,G,3,G_3
243609,Alisson,Liverpool FC,England Premier League,24/25,G,2,G_2
15479,Lukasz Fabianski,West Ham United,England Premier League,24/25,G,3,G_3
553606,Guglielmo Vicario,Tottenham Hotspur,England Premier League,24/25,G,2,G_2
158263,Emiliano Martínez,Aston Villa,England Premier League,24/25,G,2,G_2
796143,Alex Palmer,Ipswich Town,England Premier League,24/25,G,0,G_0
254491,Ederson,Manchester City,England Premier League,24/25,G,1,G_low_signal
581310,David Raya,Arsenal,England Premier League,24/25,G,2,G_2
920546,Robert Sánchez,Chelsea,England Premier League,24/25,G,2,G_2
103335,Bernd Leno,Fulham,England Premier League,24/25,G,2,G_2
856640,Mads Hermansen,Leicester City,England Premier League,24/25,G,0,G_0
787498,André Onana,Manchester United,England Premier League,24/25,G,2,G_2
788134,Dean Henderson,Crystal Palace,England Premier League,24/25,G,4,G_low_signal
827362,Caoimhín Kelleher,Liverpool FC,England Premier League,24/25,G,2,G_2
997830,Jakub Stolarczyk,Leicester City,England Premier League,24/25,G,0,G_0
125274,Stefan Ortega,Manchester City,England Premier League,24/25,G,2,G_2
994363,Bart Verbruggen,Brighton & Hove Albion,England Premier League,24/25,G,2,G_2
96531,Alphonse Areola,West Ham United,England Premier League,24/25,G,0,G_0
252669,José Sá,Wolverhampton,England Premier League,24/25,G,3,G_3
827362,Caoimhín Kelleher,Brentford,England Premier League,25/26,G,3,G_3
994363,Bart Verbruggen,Brighton & Hove Albion,England Premier League,25/26,G,2,G_2
123689,Karl Darlow,Leeds United,England Premier League,25/26,G,0,G_0
824509,Gianluigi Donnarumma,Manchester City,England Premier League,25/26,G,2,G_2
964753,Senne Lammens,Manchester United,England Premier League,25/26,G,0,G_0
138530,Jordan Pickford,Everton,England Premier League,25/26,G,0,G_0
42209,Martin Dúbravka,Burnley,England Premier League,25/26,G,0,G_0
1012928,Robin Roefs,Sunderland,England Premier League,25/26,G,0,G_0
158263,Emiliano Martínez,Aston Villa,England Premier League,25/26,G,1,G_low_signal
788134,Dean Henderson,Crystal Palace,England Premier League,25/26,G,0,G_0
103335,Bernd Leno,Fulham,England Premier League,25/26,G,2,G_2
920546,Robert Sánchez,Chelsea,England Premier League,25/26,G,1,G_low_signal
581310,David Raya,Arsenal,England Premier League,25/26,G,2,G_2
162653,Nick Pope,Newcastle United,England Premier League,25/26,G,4,G_low_signal
98427,Sam Johnstone,Wolverhampton,England Premier League,25/26,G,0,G_0
882604,Djordje Petrovic,Bournemouth,England Premier League,25/26,G,0,G_0
553606,Guglielmo Vicario,Tottenham Hotspur,England Premier League,25/26,G,0,G_0
252669,José Sá,Wolverhampton,England Premier League,25/26,G,0,G_0
243609,Alisson,Liverpool FC,England Premier League,25/26,G,2,G_2
96531,Alphonse Areola,West Ham United,England Premier League,25/26,G,0,G_0
78152,Matz Sels,Nottingham Forest,England Premier League,25/26,G,0,G_0
856640,Mads Hermansen,West Ham United,England Premier League,25/26,G,1,G_low_signal
839410,Aaron Ramsdale,Newcastle United,England Premier League,25/26,G,0,G_0
871290,Lucas Perri,Leeds United,England Premier League,25/26,G,0,G_0
849114,Radoslaw Majecki,AS Monaco,France Ligue 1,23/24,G,2,G_2
580226,Mory Diaw,Clermont Foot,France Ligue 1,23/24,G,3,G_3
824509,Gianluigi Donnarumma,Paris Saint-Germain,France Ligue 1,23/24,G,2,G_2
48535,Anthony Lopes,Olympique Lyonnais,France Ligue 1,23/24,G,0,G_0
164055,Brice Samba,RC Lens,France Ligue 1,23/24,G,2,G_2
149656,Yvon Mvogo,Lorient,France Ligue 1,23/24,G,3,G_3
32668,Alexandre Oukidja,Metz,France Ligue 1,23/24,G,3,G_3
123207,Benjamin Lecomte,Montpellier,France Ligue 1,23/24,G,0,G_0
100390,Marco Bizot,Stade Brestois,France Ligue 1,23/24,G,2,G_2
996953,Lucas Chevalier,Lille,France Ligue 1,23/24,G,2,G_2
798306,Arthur Desmas,Le Havre,France Ligue 1,23/24,G,0,G_0
826201,Alban Lafont,Nantes,France Ligue 1,23/24,G,0,G_0
889590,Marcin Bulka,Nice,France Ligue 1,23/24,G,2,G_2
845183,Yehvann Diouf,Stade de Reims,France Ligue 1,23/24,G,2,G_2
27029,Steve Mandanda,Stade Rennais,France Ligue 1,23/24,G,2,G_2
868964,Philipp Köhn,AS Monaco,France Ligue 1,23/24,G,2,G_2
548848,Pau López,Olympique de Marseille,France Ligue 1,23/24,G,2,G_2
78152,Matz Sels,RC Strasbourg,France Ligue 1,23/24,G,2,G_2
1154630,Guillaume Restes,Toulouse,France Ligue 1,23/24,G,2,G_2
1000501,Alaa Bellaarouch,RC Strasbourg,France Ligue 1,23/24,G,0,G_0
882604,Djordje Petrovic,RC Strasbourg,France Ligue 1,24/25,G,2,G_2
134029,Mathew Ryan,RC Lens,France Ligue 1,24/25,G,2,G_2
159837,Donovan Léon,Auxerre,France Ligue 1,24/25,G,1,G_low_signal
877977,Yahia Fofana,Angers,France Ligue 1,24/25,G,3,G_3
889590,Marcin Bulka,Nice,France Ligue 1,24/25,G,2,G_2
845183,Yehvann Diouf,Stade de Reims,France Ligue 1,24/25,G,4,G_low_signal
164055,Brice Samba,Stade Rennais,France Ligue 1,24/25,G,2,G_2
871290,Lucas Perri,Olympique Lyonnais,France Ligue 1,24/25,G,2,G_2
128383,Gerónimo Rulli,Olympique de Marseille,France Ligue 1,24/25,G,2,G_2
996953,Lucas Chevalier,Lille,France Ligue 1,24/25,G,2,G_2
810526,Gautier Larsonneur,Saint-Étienne,France Ligue 1,24/25,G,3,G_3
123226,Mathieu Gorgelin,Le Havre,France Ligue 1,24/25,G,3,G_3
100390,Marco Bizot,Stade Brestois,France Ligue 1,24/25,G,0,G_0
48535,Anthony Lopes,Nantes,France Ligue 1,24/25,G,3,G_3
826201,Alban Lafont,Nantes,France Ligue 1,24/25,G,0,G_0
868964,Philipp Köhn,AS Monaco,France Ligue 1,24/25,G,2,G_2
123207,Benjamin Lecomte,Montpellier,France Ligue 1,24/25,G,0,G_0
824509,Gianluigi Donnarumma,Paris Saint-Germain,France Ligue 1,24/25,G,2,G_2
798306,Arthur Desmas,Le Havre,France Ligue 1,24/25,G,2,G_2
849114,Radoslaw Majecki,AS Monaco,France Ligue 1,24/25,G,2,G_2
27029,Steve Mandanda,Stade Rennais,France Ligue 1,24/25,G,2,G_2
1154630,Guillaume Restes,Toulouse,France Ligue 1,24/25,G,2,G_2
867299,Hervé Koffi,Angers,France Ligue 1,25/26,G,3,G_3
847494,Berke Özer,Lille,France Ligue 1,25/26,G,2,G_2
800749,Matvey Safonov,Paris Saint-Germain,France Ligue 1,25/26,G,2,G_2
891508,Grégoire Coudert,Stade Brestois,France Ligue 1,25/26,G,3,G_3
48535,Anthony Lopes,Nantes,France Ligue 1,25/26,G,4,G_low_signal
128383,Gerónimo Rulli,Olympique de Marseille,France Ligue 1,25/26,G,4,G_low_signal
1387161,Robin Risser,RC Lens,France Ligue 1,25/26,G,2,G_2
845183,Yehvann Diouf,Nice,France Ligue 1,25/26,G,3,G_3
159837,Donovan Léon,Auxerre,France Ligue 1,25/26,G,3,G_3
580226,Mory Diaw,Le Havre,France Ligue 1,25/26,G,1,G_low_signal
791046,Dominik Greif,Olympique Lyonnais,France Ligue 1,25/26,G,2,G_2
149656,Yvon Mvogo,Lorient,France Ligue 1,25/26,G,2,G_2
1004550,Jonathan Fischer,Metz,France Ligue 1,25/26,G,2,G_2
996953,Lucas Chevalier,Paris Saint-Germain,France Ligue 1,25/26,G,2,G_2
164055,Brice Samba,Stade Rennais,France Ligue 1,25/26,G,2,G_2
38440,Kevin Trapp,Paris FC,France Ligue 1,25/26,G,0,G_0
868964,Philipp Köhn,AS Monaco,France Ligue 1,25/26,G,2,G_2
1149148,Mike Penders,RC Strasbourg,France Ligue 1,25/26,G,2,G_2
15219,Lukas Hradecky,AS Monaco,France Ligue 1,25/26,G,0,G_0
1154630,Guillaume Restes,Toulouse,France Ligue 1,25/26,G,0,G_0
1015872,Obed Nkambadio,Paris FC,France Ligue 1,25/26,G,2,G_2
40244,Oliver Baumann,TSG Hoffenheim,Germany Bundesliga,23/24,G,1,G_low_signal
190161,Michael Zetterer,SV Werder Bremen,Germany Bundesliga,23/24,G,4,G_low_signal
578166,Moritz Nicolas,Borussia M'gladbach,Germany Bundesliga,23/24,G,3,G_3
121908,Kevin Müller,1. FC Heidenheim,Germany Bundesliga,23/24,G,0,G_0
556866,Gregor Kobel,Borussia Dortmund,Germany Bundesliga,23/24,G,2,G_2
24937,Manuel Riemann,VfL Bochum 1848,Germany Bundesliga,23/24,G,5,G_low_signal
137692,Frederik Rönnow,1. FC Union Berlin,Germany Bundesliga,23/24,G,4,G_low_signal
132654,Marcel Schuhen,Darmstadt 98,Germany Bundesliga,23/24,G,3,G_3
822564,Finn Dahmen,FC Augsburg,Germany Bundesliga,23/24,G,3,G_3
37096,Péter Gulácsi,RB Leipzig,Germany Bundesliga,23/24,G,2,G_2
15219,Lukas Hradecky,Bayer 04 Leverkusen,Germany Bundesliga,23/24,G,2,G_2
584722,Alexander Nübel,VfB Stuttgart,Germany Bundesliga,23/24,G,2,G_2
70987,Koen Casteels,VfL Wolfsburg,Germany Bundesliga,23/24,G,0,G_0
980626,Noah Atubolu,SC Freiburg,Germany Bundesliga,23/24,G,0,G_0
174345,Robin Zentner,1. FSV Mainz 05,Germany Bundesliga,23/24,G,4,G_low_signal
187185,Marvin Schwäbe,1. FC Köln,Germany Bundesliga,23/24,G,2,G_2
8959,Manuel Neuer,FC Bayern München,Germany Bundesliga,23/24,G,2,G_2
96832,Janis Blaswich,RB Leipzig,Germany Bundesliga,23/24,G,2,G_2
38440,Kevin Trapp,Eintracht Frankfurt,Germany Bundesliga,23/24,G,2,G_2
26768,Sven Ulreich,FC Bayern München,Germany Bundesliga,23/24,G,2,G_2
578166,Moritz Nicolas,Borussia M'gladbach,Germany Bundesliga,24/25,G,2,G_2
822564,Finn Dahmen,FC Augsburg,Germany Bundesliga,24/25,G,0,G_0
37096,Péter Gulácsi,RB Leipzig,Germany Bundesliga,24/25,G,2,G_2
980626,Noah Atubolu,SC Freiburg,Germany Bundesliga,24/25,G,0,G_0
174345,Robin Zentner,1. FSV Mainz 05,Germany Bundesliga,24/25,G,4,G_low_signal
325061,Nikola Vasilj,FC St. Pauli,Germany Bundesliga,24/25,G,2,G_2
137692,Frederik Rönnow,1. FC Union Berlin,Germany Bundesliga,24/25,G,4,G_low_signal
902080,Kamil Grabara,VfL Wolfsburg,Germany Bundesliga,24/25,G,0,G_0
40244,Oliver Baumann,TSG Hoffenheim,Germany Bundesliga,24/25,G,0,G_0
38440,Kevin Trapp,Eintracht Frankfurt,Germany Bundesliga,24/25,G,2,G_2
190161,Michael Zetterer,SV Werder Bremen,Germany Bundesliga,24/25,G,2,G_2
8959,Manuel Neuer,FC Bayern München,Germany Bundesliga,24/25,G,2,G_2
15219,Lukas Hradecky,Bayer 04 Leverkusen,Germany Bundesliga,24/25,G,2,G_2
571622,Jonas Omlin,Borussia M'gladbach,Germany Bundesliga,24/25,G,3,G_3
556866,Gregor Kobel,Borussia Dortmund,Germany Bundesliga,24/25,G,2,G_2
121908,Kevin Müller,1. FC Heidenheim,Germany Bundesliga,24/25,G,0,G_0
584722,Alexander Nübel,VfB Stuttgart,Germany Bundesliga,24/25,G,2,G_2
947986,Nediljko Labrovic,FC Augsburg,Germany Bundesliga,24/25,G,0,G_0
97923,Timo Horn,VfL Bochum 1848,Germany Bundesliga,24/25,G,0,G_0
132607,Patrick Drewes,VfL Bochum 1848,Germany Bundesliga,24/25,G,0,G_0
1140362,Timon Weiner,Holstein Kiel,Germany Bundesliga,24/25,G,0,G_0
94312,Daniel Batz,1. FSV Mainz 05,Germany Bundesliga,25/26,G,3,G_3
578166,Moritz Nicolas,Borussia M'gladbach,Germany Bundesliga,25/26,G,0,G_0
96832,Janis Blaswich,Bayer 04 Leverkusen,Germany Bundesliga,25/26,G,2,G_2
902080,Kamil Grabara,VfL Wolfsburg,Germany Bundesliga,25/26,G,4,G_low_signal
584722,Alexander Nübel,VfB Stuttgart,Germany Bundesliga,25/26,G,1,G_low_signal
1130647,Jonas Urbig,FC Bayern München,Germany Bundesliga,25/26,G,2,G_2
113442,Daniel Heuer Fernandes,Hamburger SV,Germany Bundesliga,25/26,G,4,G_low_signal
556866,Gregor Kobel,Borussia Dortmund,Germany Bundesliga,25/26,G,2,G_2
187185,Marvin Schwäbe,1. FC Köln,Germany Bundesliga,25/26,G,0,G_0
1083390,Mio Backhaus,SV Werder Bremen,Germany Bundesliga,25/26,G,2,G_2
325061,Nikola Vasilj,FC St. Pauli,Germany Bundesliga,25/26,G,0,G_0
980626,Noah Atubolu,SC Freiburg,Germany Bundesliga,25/26,G,0,G_0
934385,Maarten Vandevoordt,RB Leipzig,Germany Bundesliga,25/26,G,2,G_2
822564,Finn Dahmen,FC Augsburg,Germany Bundesliga,25/26,G,4,G_low_signal
190161,Michael Zetterer,Eintracht Frankfurt,Germany Bundesliga,25/26,G,0,G_0
981562,Diant Ramaj,1. FC Heidenheim,Germany Bundesliga,25/26,G,1,G_low_signal
8959,Manuel Neuer,FC Bayern München,Germany Bundesliga,25/26,G,2,G_2
171919,Mark Flekken,Bayer 04 Leverkusen,Germany Bundesliga,25/26,G,2,G_2
37096,Péter Gulácsi,RB Leipzig,Germany Bundesliga,25/26,G,2,G_2
40244,Oliver Baumann,TSG Hoffenheim,Germany Bundesliga,25/26,G,0,G_0
137692,Frederik Rönnow,1. FC Union Berlin,Germany Bundesliga,25/26,G,0,G_0
1134203,Kauã Santos,Eintracht Frankfurt,Germany Bundesliga,25/26,G,0,G_0
793986,Mile Svilar,AS Roma,Italy Serie A,23/24,G,2,G_2
844609,Michele Di Gregorio,Monza,Italy Serie A,23/24,G,3,G_3
947954,Elia Caprile,Empoli,Italy Serie A,23/24,G,0,G_0
191210,Mike Maignan,AC Milan,Italy Serie A,23/24,G,1,G_low_signal
356160,Vanja Milinković-Savić,Torino,Italy Serie A,23/24,G,0,G_0
16206,Yann Sommer,Inter,Italy Serie A,23/24,G,2,G_2
136856,Pietro Terracciano,Fiorentina,Italy Serie A,23/24,G,2,G_2
865646,Marco Carnesecchi,Atalanta,Italy Serie A,23/24,G,0,G_0
308182,Ivan Provedel,Lazio,Italy Serie A,23/24,G,2,G_2
35656,Etrit Berisha,Empoli,Italy Serie A,23/24,G,0,G_0
256667,Wladimiro Falcone,Lecce,Italy Serie A,23/24,G,0,G_0
845291,Josep Martínez,Genoa,Italy Serie A,23/24,G,3,G_3
891656,Maduka Okoye,Udinese,Italy Serie A,23/24,G,0,G_0
50490,Wojciech Szczesny,Juventus,Italy Serie A,23/24,G,2,G_2
253391,Lorenzo Montipò,Hellas Verona,Italy Serie A,23/24,G,0,G_0
44906,Lukasz Skorupski,Bologna,Italy Serie A,23/24,G,2,G_2
263651,Juan Musso,Atalanta,Italy Serie A,23/24,G,2,G_2
17737,Rui Patrício,AS Roma,Italy Serie A,23/24,G,2,G_2
15497,Guillermo Ochoa,Salernitana,Italy Serie A,23/24,G,0,G_0
592794,Alex Meret,SSC Napoli,Italy Serie A,23/24,G,2,G_2
38618,Andrea Consigli,Sassuolo,Italy Serie A,23/24,G,0,G_0
893752,Stefano Turati,Frosinone,Italy Serie A,23/24,G,2,G_2
284349,Simone Scuffet,Cagliari,Italy Serie A,23/24,G,0,G_0
26965,Benoît Costil,Salernitana,Italy Serie A,23/24,G,0,G_0
43970,Marco Silvestri,Udinese,Italy Serie A,23/24,G,2,G_2
356160,Vanja Milinković-Savić,Torino,Italy Serie A,24/25,G,3,G_3
986355,Filip Stanković,Venezia,Italy Serie A,24/25,G,0,G_0
793986,Mile Svilar,AS Roma,Italy Serie A,24/25,G,2,G_2
865646,Marco Carnesecchi,Atalanta,Italy Serie A,24/25,G,2,G_2
947954,Elia Caprile,Cagliari,Italy Serie A,24/25,G,0,G_0
69378,David de Gea,Fiorentina,Italy Serie A,24/25,G,2,G_2
98059,Nicola Leali,Genoa,Italy Serie A,24/25,G,0,G_0
16206,Yann Sommer,Inter,Italy Serie A,24/25,G,2,G_2
256667,Wladimiro Falcone,Lecce,Italy Serie A,24/25,G,0,G_0
191210,Mike Maignan,AC Milan,Italy Serie A,24/25,G,2,G_2
599114,Jean Butez,Como,Italy Serie A,24/25,G,2,G_2
905351,Zion Suzuki,Parma,Italy Serie A,24/25,G,0,G_0
1001997,Răzvan Sava,Udinese,Italy Serie A,24/25,G,2,G_2
893752,Stefano Turati,Monza,Italy Serie A,24/25,G,0,G_0
844609,Michele Di Gregorio,Juventus,Italy Serie A,24/25,G,2,G_2
815202,Ionuț Radu,Venezia,Italy Serie A,24/25,G,0,G_0
592794,Alex Meret,SSC Napoli,Italy Serie A,24/25,G,2,G_2
891656,Maduka Okoye,Udinese,Italy Serie A,24/25,G,2,G_2
308182,Ivan Provedel,Lazio,Italy Serie A,24/25,G,2,G_2
44906,Lukasz Skorupski,Bologna,Italy Serie A,24/25,G,2,G_2
284349,Simone Scuffet,SSC Napoli,Italy Serie A,24/25,G,0,G_0
253391,Lorenzo Montipò,Hellas Verona,Italy Serie A,24/25,G,0,G_0
925285,Devis Vásquez,Empoli,Italy Serie A,24/25,G,0,G_0
850952,Federico Ravaglia,Bologna,Italy Serie A,24/25,G,2,G_2
26937,Pepe Reina,Como,Italy Serie A,24/25,G,2,G_2
865646,Marco Carnesecchi,Atalanta,Italy Serie A,25/26,G,0,G_0
191210,Mike Maignan,AC Milan,Italy Serie A,25/26,G,2,G_2
599114,Jean Butez,Como,Italy Serie A,25/26,G,1,G_low_signal
308182,Ivan Provedel,Lazio,Italy Serie A,25/26,G,2,G_2
850952,Federico Ravaglia,Bologna,Italy Serie A,25/26,G,3,G_3
888971,Arijanet Murić,Sassuolo,Italy Serie A,25/26,G,0,G_0
793986,Mile Svilar,AS Roma,Italy Serie A,25/26,G,2,G_2
259281,Alberto Paleari,Torino,Italy Serie A,25/26,G,0,G_0
318603,Emil Audero,Cremonese,Italy Serie A,25/26,G,0,G_0
905351,Zion Suzuki,Parma,Italy Serie A,25/26,G,0,G_0
947954,Elia Caprile,Cagliari,Italy Serie A,25/26,G,0,G_0
256667,Wladimiro Falcone,Lecce,Italy Serie A,25/26,G,0,G_0
891656,Maduka Okoye,Udinese,Italy Serie A,25/26,G,0,G_0
990411,Edoardo Corvi,Parma,Italy Serie A,25/26,G,2,G_2
69378,David de Gea,Fiorentina,Italy Serie A,25/26,G,2,G_2
814876,Adrian Semper,Pisa,Italy Serie A,25/26,G,0,G_0
556696,Justin Bijlow,Genoa,Italy Serie A,25/26,G,2,G_2
16206,Yann Sommer,Inter,Italy Serie A,25/26,G,2,G_2
844609,Michele Di Gregorio,Juventus,Italy Serie A,25/26,G,2,G_2
98059,Nicola Leali,Genoa,Italy Serie A,25/26,G,2,G_2
356160,Vanja Milinković-Savić,SSC Napoli,Italy Serie A,25/26,G,1,G_low_signal
44906,Lukasz Skorupski,Bologna,Italy Serie A,25/26,G,2,G_2
592794,Alex Meret,SSC Napoli,Italy Serie A,25/26,G,1,G_low_signal
253391,Lorenzo Montipò,Hellas Verona,Italy Serie A,25/26,G,0,G_0
164343,Paulo Gazzaniga,Girona FC,Spain La Liga,23/24,G,3,G_3
962053,Filip Jørgensen,Villarreal,Spain La Liga,23/24,G,3,G_3
88625,Marc-André ter Stegen,FC Barcelona,Spain La Liga,23/24,G,2,G_2
857574,Andriy Lunin,Real Madrid,Spain La Liga,23/24,G,2,G_2
964983,Álvaro Valles,Las Palmas,Spain La Liga,23/24,G,3,G_3
791773,Álex Remiro,Real Sociedad,Spain La Liga,23/24,G,2,G_2
253809,Rui Silva,Real Betis,Spain La Liga,23/24,G,3,G_3
32023,Vicente Guaita,Celta Vigo,Spain La Liga,23/24,G,0,G_0
604258,David Soria,Getafe,Spain La Liga,23/24,G,0,G_0
930997,Giorgi Mamardashvili,Valencia,Spain La Liga,23/24,G,0,G_0
22209,Ørjan Nyland,Sevilla,Spain La Liga,23/24,G,0,G_0
797291,Unai Simón,Athletic Club,Spain La Liga,23/24,G,0,G_0
358910,Augusto Batalla,Granada,Spain La Liga,23/24,G,4,G_low_signal
188107,Predrag Rajković,Mallorca,Spain La Liga,23/24,G,0,G_0
369004,Antonio Sivera,Deportivo Alavés,Spain La Liga,23/24,G,0,G_0
232422,Kepa Arrizabalaga,Real Madrid,Spain La Liga,23/24,G,2,G_2
845797,Luís Maximiano,Almería,Spain La Liga,23/24,G,0,G_0
69768,Jan Oblak,Atlético Madrid,Spain La Liga,23/24,G,2,G_2
294377,Sergio Herrera,Osasuna,Spain La Liga,23/24,G,0,G_0
94527,Marko Dmitrovic,Sevilla,Spain La Liga,23/24,G,0,G_0
97951,Stole Dimitrievski,Rayo Vallecano,Spain La Liga,23/24,G,0,G_0
788197,André Ferreira,Granada,Spain La Liga,23/24,G,3,G_3
794949,Iñaki Peña,FC Barcelona,Spain La Liga,23/24,G,2,G_2
848980,Iván Villar,Celta Vigo,Spain La Liga,23/24,G,3,G_3
930267,Joan García,Espanyol,Spain La Liga,24/25,G,4,G_low_signal
294377,Sergio Herrera,Osasuna,Spain La Liga,24/25,G,3,G_3
1066603,Luiz Júnior,Villarreal,Spain La Liga,24/25,G,0,G_0
70988,Thibaut Courtois,Real Madrid,Spain La Liga,24/25,G,2,G_2
358910,Augusto Batalla,Rayo Vallecano,Spain La Liga,24/25,G,3,G_3
791046,Dominik Greif,Mallorca,Spain La Liga,24/25,G,0,G_0
797291,Unai Simón,Athletic Club,Spain La Liga,24/25,G,2,G_2
69768,Jan Oblak,Atlético Madrid,Spain La Liga,24/25,G,2,G_2
253809,Rui Silva,Real Betis,Spain La Liga,24/25,G,2,G_2
369004,Antonio Sivera,Deportivo Alavés,Spain La Liga,24/25,G,0,G_0
123865,Jasper Cillessen,Las Palmas,Spain La Liga,24/25,G,3,G_3
604258,David Soria,Getafe,Spain La Liga,24/25,G,0,G_0
94527,Marko Dmitrovic,Leganés,Spain La Liga,24/25,G,0,G_0
794949,Iñaki Peña,FC Barcelona,Spain La Liga,24/25,G,2,G_2
791773,Álex Remiro,Real Sociedad,Spain La Liga,24/25,G,2,G_2
855922,Dinko Horkas,Las Palmas,Spain La Liga,24/25,G,3,G_3
1014412,Julen Agirrezabala,Athletic Club,Spain La Liga,24/25,G,3,G_3
164343,Paulo Gazzaniga,Girona FC,Spain La Liga,24/25,G,2,G_2
50490,Wojciech Szczesny,FC Barcelona,Spain La Liga,24/25,G,2,G_2
951008,Diego Conde,Villarreal,Spain La Liga,24/25,G,1,G_low_signal
32023,Vicente Guaita,Celta Vigo,Spain La Liga,24/25,G,2,G_2
930997,Giorgi Mamardashvili,Valencia,Spain La Liga,24/25,G,0,G_0
991591,Karl Hein,Real Valladolid,Spain La Liga,24/25,G,0,G_0
22209,Ørjan Nyland,Sevilla,Spain La Liga,24/25,G,0,G_0
556884,Matías Dituro,Elche,Spain La Liga,25/26,G,1,G_low_signal
930267,Joan García,FC Barcelona,Spain La Liga,25/26,G,2,G_2
134029,Mathew Ryan,Levante UD,Spain La Liga,25/26,G,4,G_low_signal
368922,Aarón Escandell,Real Oviedo,Spain La Liga,25/26,G,1,G_low_signal
604258,David Soria,Getafe,Spain La Liga,25/26,G,0,G_0
794949,Iñaki Peña,Elche,Spain La Liga,25/26,G,1,G_low_signal
94527,Marko Dmitrovic,Espanyol,Spain La Liga,25/26,G,0,G_0
69768,Jan Oblak,Atlético Madrid,Spain La Liga,25/26,G,2,G_2
97951,Stole Dimitrievski,Valencia,Spain La Liga,25/26,G,0,G_0
164343,Paulo Gazzaniga,Girona FC,Spain La Liga,25/26,G,0,G_0
1131909,Leo Román,Mallorca,Spain La Liga,25/26,G,0,G_0
1066603,Luiz Júnior,Villarreal,Spain La Liga,25/26,G,2,G_2
294377,Sergio Herrera,Osasuna,Spain La Liga,25/26,G,0,G_0
815202,Ionuț Radu,Celta Vigo,Spain La Liga,25/26,G,2,G_2
358910,Augusto Batalla,Rayo Vallecano,Spain La Liga,25/26,G,3,G_3
964983,Álvaro Valles,Real Betis,Spain La Liga,25/26,G,2,G_2
138149,Odysseas Vlachodimos,Sevilla,Spain La Liga,25/26,G,0,G_0
70988,Thibaut Courtois,Real Madrid,Spain La Liga,25/26,G,2,G_2
369004,Antonio Sivera,Deportivo Alavés,Spain La Liga,25/26,G,0,G_0
791773,Álex Remiro,Real Sociedad,Spain La Liga,25/26,G,0,G_0
1014412,Julen Agirrezabala,Valencia,Spain La Liga,25/26,G,0,G_0
797291,Unai Simón,Athletic Club,Spain La Liga,25/26,G,0,G_0
908714,Arnau Tenas,Villarreal,Spain La Liga,25/26,G,0,G_0
262911,Andrew Robertson,Liverpool FC,England Premier League,23/24,D,2,D_2
964994,Josko Gvardiol,Manchester City,England Premier League,23/24,D,2,D_2
151545,Virgil van Dijk,Liverpool FC,England Premier League,23/24,D,1,D_1
913654,Pedro Porro,Tottenham Hotspur,England Premier League,23/24,D,2,D_2
145188,James Tarkowski,Everton,England Premier League,23/24,D,3,D_3
69256,Kieran Trippier,Newcastle United,England Premier League,23/24,D,2,D_2
795064,Trent Alexander-Arnold,Liverpool FC,England Premier League,23/24,D,2,D_2
846036,Ben White,Arsenal,England Premier League,23/24,D,2,D_2
829932,Cristian Romero,Tottenham Hotspur,England Premier League,23/24,D,1,D_1
383560,Manuel Akanji,Manchester City,England Premier League,23/24,D,1,D_1
869792,Gabriel,Arsenal,England Premier League,23/24,D,1,D_1
318941,Rúben Dias,Manchester City,England Premier League,23/24,D,1,D_1
287643,Oleksandr Zinchenko,Arsenal,England Premier League,23/24,D,2,D_2
115365,Lewis Dunk,Brighton & Hove Albion,England Premier League,23/24,D,1,D_1
44614,Kyle Walker,Manchester City,England Premier League,23/24,D,1,D_1
50027,Craig Dawson,Wolverhampton,England Premier League,23/24,D,3,D_3
149380,Harry Maguire,Manchester United,England Premier League,23/24,D,1,D_1
962012,Jan Paul van Hecke,Brighton & Hove Albion,England Premier League,23/24,D,1,D_1
843200,Diogo Dalot,Manchester United,England Premier League,23/24,D,0,D_0
149663,Nathan Aké,Manchester City,England Premier League,23/24,D,1,D_1
826215,Ibrahima Konaté,Liverpool FC,England Premier League,23/24,D,1,D_1
33541,Thiago Silva,Chelsea,England Premier League,23/24,D,1,D_1
979563,Jarrad Branthwaite,Everton,England Premier League,23/24,D,3,D_3
855864,Ethan Pinnock,Brentford,England Premier League,23/24,D,3,D_3
996958,Malo Gusto,Chelsea,England Premier League,23/24,D,2,D_2
941168,William Saliba,Arsenal,England Premier League,23/24,D,1,D_1
352668,Tosin Adarabioyo,Fulham,England Premier League,23/24,D,1,D_1
139310,Willy Boly,Nottingham Forest,England Premier League,23/24,D,3,D_3
362682,Joachim Andersen,Crystal Palace,England Premier League,23/24,D,1,D_1
94758,Ben Davies,Tottenham Hotspur,England Premier League,23/24,D,1,D_1
101882,Fabian Schär,Newcastle United,England Premier League,23/24,D,1,D_1
1003339,Jarell Quansah,Liverpool FC,England Premier League,23/24,D,1,D_1
996911,Levi Colwill,Chelsea,England Premier League,23/24,D,3,D_3
998247,Micky van de Ven,Tottenham Hotspur,England Premier League,23/24,D,1,D_1
794939,Marc Cucurella,Chelsea,England Premier League,23/24,D,0,D_0
830659,Marcos Senesi,Bournemouth,England Premier League,23/24,D,2,D_2
803174,Antonee Robinson,Fulham,England Premier League,23/24,D,0,D_0
894474,Maximilian Kilman,Wolverhampton,England Premier League,23/24,D,3,D_3
876643,Vitaliy Mykolenko,Everton,England Premier League,23/24,D,0,D_0
99090,Dan Burn,Newcastle United,England Premier League,23/24,D,3,D_3
863653,Aaron Wan-Bissaka,Manchester United,England Premier League,23/24,D,0,D_0
976037,Jakub Kiwior,Arsenal,England Premier League,23/24,D,1,D_1
190839,Luke Shaw,Manchester United,England Premier League,23/24,D,0,D_0
827679,Ezri Konsa,Aston Villa,England Premier League,23/24,D,1,D_1
152077,John Stones,Manchester City,England Premier League,23/24,D,1,D_1
155997,Emerson,West Ham United,England Premier League,23/24,D,0,D_0
197848,Tom Lockyer,Luton Town,England Premier League,23/24,D,3,D_3
825719,Issa Diop,Fulham,England Premier League,23/24,D,3,D_3
927175,Jordan Beyer,Burnley,England Premier League,23/24,D,3,D_3
138310,Raphaël Varane,Manchester United,England Premier League,23/24,D,3,D_3
958916,Nathan Collins,Brentford,England Premier League,23/24,D,3,D_3
826134,Trevoh Chalobah,Chelsea,England Premier League,23/24,D,1,D_1
931278,Rayan Aït-Nouri,Wolverhampton,England Premier League,23/24,D,2,D_2
318927,Joe Gomez,Liverpool FC,England Premier League,23/24,D,0,D_0
833956,Matty Cash,Aston Villa,England Premier League,23/24,D,2,D_2
983572,Destiny Udogie,Tottenham Hotspur,England Premier League,23/24,D,0,D_0
858195,Sergio Reguilón,Brentford,England Premier League,23/24,D,2,D_2
576384,Kristoffer Ajer,Brentford,England Premier League,23/24,D,3,D_3
26404,Zanka,Brentford,England Premier League,23/24,D,3,D_3
931844,Chris Richards,Crystal Palace,England Premier League,23/24,D,3,D_3
910046,Sven Botman,Newcastle United,England Premier League,23/24,D,1,D_1
856719,Dara O'Shea,Burnley,England Premier League,23/24,D,3,D_3
216308,Adam Webster,Brighton & Hove Albion,England Premier League,23/24,D,1,D_1
804434,Takehiro Tomiyasu,Arsenal,England Premier League,23/24,D,2,D_2
329417,Timothy Castagne,Fulham,England Premier League,23/24,D,0,D_0
96538,Lucas Digne,Aston Villa,England Premier League,23/24,D,2,D_2
877994,Marc Guéhi,Crystal Palace,England Premier League,23/24,D,3,D_3
754698,Ben Godfrey,Everton,England Premier League,23/24,D,0,D_0
842513,Igor Julio,Brighton & Hove Albion,England Premier League,23/24,D,1,D_1
143334,Victor Lindelöf,Manchester United,England Premier League,23/24,D,1,D_1
30144,Jonny Evans,Manchester United,England Premier League,23/24,D,3,D_3
1199282,Murillo,Nottingham Forest,England Premier League,23/24,D,3,D_3
827243,Axel Disasi,Chelsea,England Premier League,23/24,D,1,D_1
864169,Pau Torres,Aston Villa,England Premier League,23/24,D,1,D_1
137774,Ben Mee,Brentford,England Premier League,23/24,D,3,D_3
856123,Emerson Royal,Tottenham Hotspur,England Premier League,23/24,D,0,D_0
372342,Reece Burke,Luton Town,England Premier League,23/24,D,0,D_0
153444,Jamaal Lascelles,Newcastle United,England Premier League,23/24,D,1,D_1
219572,Joël Veltman,Brighton & Hove Albion,England Premier League,23/24,D,0,D_0
980634,Tino Livramento,Newcastle United,England Premier League,23/24,D,0,D_0
118179,Tim Ream,Fulham,England Premier League,23/24,D,1,D_1
927356,Neco Williams,Nottingham Forest,England Premier League,23/24,D,0,D_0
920680,Gabriel Osho,Luton Town,England Premier League,23/24,D,3,D_3
829022,Konstantinos Mavropanos,West Ham United,England Premier League,23/24,D,3,D_3
979233,Teden Mengi,Luton Town,England Premier League,23/24,D,3,D_3
904827,Benoît Badiashile,Chelsea,England Premier League,23/24,D,1,D_1
43215,Nathaniel Clyne,Crystal Palace,England Premier League,23/24,D,3,D_3
877102,Nayef Aguerd,West Ham United,England Premier League,23/24,D,3,D_3
143047,Matt Doherty,Wolverhampton,England Premier League,23/24,D,0,D_0
580550,Clément Lenglet,Aston Villa,England Premier League,23/24,D,1,D_1
973418,Toti,Wolverhampton,England Premier League,23/24,D,3,D_3
358218,Harry Toffolo,Nottingham Forest,England Premier League,23/24,D,0,D_0
1023567,Ilya Zabarnyi,Bournemouth,England Premier League,23/24,D,3,D_3
294593,Álex Moreno,Aston Villa,England Premier League,23/24,D,2,D_2
800417,Ola Aina,Nottingham Forest,England Premier League,23/24,D,0,D_0
861972,Calvin Bassey,Fulham,England Premier League,23/24,D,3,D_3
139227,Kurt Zouma,West Ham United,England Premier League,23/24,D,3,D_3
138024,Vladimír Coufal,West Ham United,England Premier League,23/24,D,0,D_0
150396,Emil Krafth,Newcastle United,England Premier League,23/24,D,0,D_0
1097425,Milos Kerkez,Bournemouth,England Premier League,23/24,D,0,D_0
865167,Lloyd Kelly,Bournemouth,England Premier League,23/24,D,0,D_0
758168,Moussa Niakhaté,Nottingham Forest,England Premier League,23/24,D,3,D_3
166381,Charlie Taylor,Burnley,England Premier League,23/24,D,0,D_0
1117223,Maxime Estève,Burnley,England Premier League,23/24,D,3,D_3
972421,Keane Lewis-Potter,Brentford,England Premier League,23/24,D,2,D_2
252821,Nélson Semedo,Wolverhampton,England Premier League,23/24,D,0,D_0
369674,Amari'i Bell,Luton Town,England Premier League,23/24,D,0,D_0
44566,Adam Smith,Bournemouth,England Premier League,23/24,D,0,D_0
98454,Jack Robinson,Sheffield United,England Premier League,23/24,D,3,D_3
10589,Ashley Young,Everton,England Premier League,23/24,D,0,D_0
39183,Joel Ward,Crystal Palace,England Premier League,23/24,D,3,D_3
1020141,Nathan Patterson,Everton,England Premier League,23/24,D,0,D_0
604232,Diego Carlos,Aston Villa,England Premier League,23/24,D,3,D_3
826057,Mads Roerslev,Brentford,England Premier League,23/24,D,0,D_0
112928,George Baldock,Sheffield United,England Premier League,23/24,D,0,D_0
929132,Jayden Bogle,Sheffield United,England Premier League,23/24,D,0,D_0
991584,Luke Thomas,Sheffield United,England Premier League,23/24,D,0,D_0
914691,Tariq Lamptey,Brighton & Hove Albion,England Premier League,23/24,D,0,D_0
1009334,Lorenz Assignon,Burnley,England Premier League,23/24,D,0,D_0
822459,Auston Trusty,Sheffield United,England Premier League,23/24,D,3,D_3
914477,Vitinho,Burnley,England Premier League,23/24,D,0,D_0
825899,Anel Ahmedhodzic,Sheffield United,England Premier League,23/24,D,3,D_3
943645,Max Aarons,Bournemouth,England Premier League,23/24,D,0,D_0
1979970,Ameen Al-Dakhil,Burnley,England Premier League,23/24,D,3,D_3
964994,Josko Gvardiol,Manchester City,England Premier League,24/25,D,1,D_1
145188,James Tarkowski,Everton,England Premier League,24/25,D,3,D_3
151545,Virgil van Dijk,Liverpool FC,England Premier League,24/25,D,1,D_1
795064,Trent Alexander-Arnold,Liverpool FC,England Premier League,24/25,D,2,D_2
1136730,Lewis Hall,Newcastle United,England Premier League,24/25,D,2,D_2
869792,Gabriel,Arsenal,England Premier League,24/25,D,1,D_1
1176744,Dean Huijsen,Bournemouth,England Premier League,24/25,D,1,D_1
945122,Matheus Nunes,Manchester City,England Premier League,24/25,D,2,D_2
913654,Pedro Porro,Tottenham Hotspur,England Premier League,24/25,D,2,D_2
1199282,Murillo,Nottingham Forest,England Premier League,24/25,D,3,D_3
958916,Nathan Collins,Brentford,England Premier League,24/25,D,3,D_3
318941,Rúben Dias,Manchester City,England Premier League,24/25,D,1,D_1
803174,Antonee Robinson,Fulham,England Premier League,24/25,D,2,D_2
859999,Lisandro Martínez,Manchester United,England Premier League,24/25,D,1,D_1
863653,Aaron Wan-Bissaka,West Ham United,England Premier League,24/25,D,0,D_0
836168,Nikola Milenković,Nottingham Forest,England Premier League,24/25,D,3,D_3
877994,Marc Guéhi,Crystal Palace,England Premier League,24/25,D,3,D_3
826215,Ibrahima Konaté,Liverpool FC,England Premier League,24/25,D,1,D_1
962012,Jan Paul van Hecke,Brighton & Hove Albion,England Premier League,24/25,D,1,D_1
829932,Cristian Romero,Tottenham Hotspur,England Premier League,24/25,D,1,D_1
1013842,Emmanuel Agbadou,Wolverhampton,England Premier League,24/25,D,1,D_1
1097425,Milos Kerkez,Bournemouth,England Premier League,24/25,D,0,D_0
794939,Marc Cucurella,Chelsea,England Premier League,24/25,D,0,D_0
826134,Trevoh Chalobah,Chelsea,England Premier League,24/25,D,1,D_1
931278,Rayan Aït-Nouri,Wolverhampton,England Premier League,24/25,D,2,D_2
941168,William Saliba,Arsenal,England Premier League,24/25,D,1,D_1
879674,Maxence Lacroix,Crystal Palace,England Premier League,24/25,D,3,D_3
362682,Joachim Andersen,Fulham,England Premier League,24/25,D,1,D_1
190877,Kenny Tete,Fulham,England Premier League,24/25,D,0,D_0
927356,Neco Williams,Nottingham Forest,England Premier League,24/25,D,0,D_0
979563,Jarrad Branthwaite,Everton,England Premier League,24/25,D,3,D_3
303638,Tyrone Mings,Aston Villa,England Premier League,24/25,D,3,D_3
876643,Vitaliy Mykolenko,Everton,England Premier League,24/25,D,0,D_0
843200,Diogo Dalot,Manchester United,England Premier League,24/25,D,0,D_0
352668,Tosin Adarabioyo,Chelsea,England Premier League,24/25,D,1,D_1
143047,Matt Doherty,Wolverhampton,England Premier League,24/25,D,3,D_3
99090,Dan Burn,Newcastle United,England Premier League,24/25,D,3,D_3
996911,Levi Colwill,Chelsea,England Premier League,24/25,D,1,D_1
957602,Riccardo Calafiori,Arsenal,England Premier League,24/25,D,2,D_2
847030,Noussair Mazraoui,Manchester United,England Premier League,24/25,D,0,D_0
96538,Lucas Digne,Aston Villa,England Premier League,24/25,D,0,D_0
846036,Ben White,Arsenal,England Premier League,24/25,D,0,D_0
383560,Manuel Akanji,Manchester City,England Premier League,24/25,D,1,D_1
958959,Jurriën Timber,Arsenal,England Premier League,24/25,D,0,D_0
101882,Fabian Schär,Newcastle United,England Premier League,24/25,D,1,D_1
855864,Ethan Pinnock,Brentford,England Premier League,24/25,D,3,D_3
894474,Maximilian Kilman,West Ham United,England Premier League,24/25,D,3,D_3
69256,Kieran Trippier,Newcastle United,England Premier League,24/25,D,2,D_2
286085,Jan Bednarek,Southampton,England Premier League,24/25,D,3,D_3
983572,Destiny Udogie,Tottenham Hotspur,England Premier League,24/25,D,0,D_0
110846,Michael Keane,Everton,England Premier League,24/25,D,3,D_3
885908,Reece James,Chelsea,England Premier League,24/25,D,2,D_2
1023567,Ilya Zabarnyi,Bournemouth,England Premier League,24/25,D,3,D_3
833956,Matty Cash,Aston Villa,England Premier League,24/25,D,0,D_0
856719,Dara O'Shea,Ipswich Town,England Premier League,24/25,D,3,D_3
924378,Sepp van den Berg,Brentford,England Premier League,24/25,D,3,D_3
998253,Jake O'Brien,Everton,England Premier League,24/25,D,3,D_3
1136731,Rico Lewis,Manchester City,England Premier League,24/25,D,0,D_0
803031,Matthijs de Ligt,Manchester United,England Premier League,24/25,D,3,D_3
980637,Taylor Harwood-Bellis,Southampton,England Premier League,24/25,D,1,D_1
149380,Harry Maguire,Manchester United,England Premier League,24/25,D,3,D_3
923894,Wesley Fofana,Chelsea,England Premier League,24/25,D,3,D_3
827679,Ezri Konsa,Aston Villa,England Premier League,24/25,D,3,D_3
10589,Ashley Young,Everton,England Premier League,24/25,D,2,D_2
94758,Ben Davies,Tottenham Hotspur,England Premier League,24/25,D,3,D_3
358084,Cameron Burgess,Ipswich Town,England Premier League,24/25,D,3,D_3
973418,Toti,Wolverhampton,England Premier League,24/25,D,3,D_3
980634,Tino Livramento,Newcastle United,England Premier League,24/25,D,0,D_0
976037,Jakub Kiwior,Arsenal,England Premier League,24/25,D,1,D_1
219572,Joël Veltman,Brighton & Hove Albion,England Premier League,24/25,D,0,D_0
800417,Ola Aina,Nottingham Forest,England Premier League,24/25,D,0,D_0
931844,Chris Richards,Crystal Palace,England Premier League,24/25,D,3,D_3
990821,Jacob Greaves,Ipswich Town,England Premier League,24/25,D,3,D_3
972421,Keane Lewis-Potter,Brentford,England Premier League,24/25,D,0,D_0
996958,Malo Gusto,Chelsea,England Premier League,24/25,D,2,D_2
945798,Djed Spence,Tottenham Hotspur,England Premier League,24/25,D,0,D_0
115365,Lewis Dunk,Brighton & Hove Albion,England Premier League,24/25,D,1,D_1
991584,Luke Thomas,Leicester City,England Premier League,24/25,D,0,D_0
829022,Konstantinos Mavropanos,West Ham United,England Premier League,24/25,D,3,D_3
861972,Calvin Bassey,Fulham,England Premier League,24/25,D,1,D_1
262911,Andrew Robertson,Liverpool FC,England Premier League,24/25,D,0,D_0
830659,Marcos Senesi,Bournemouth,England Premier League,24/25,D,3,D_3
959628,Mats Wieffer,Brighton & Hove Albion,England Premier League,24/25,D,2,D_2
329417,Timothy Castagne,Fulham,England Premier League,24/25,D,0,D_0
827681,James Justin,Leicester City,England Premier League,24/25,D,0,D_0
976263,Ian Maatsen,Aston Villa,England Premier League,24/25,D,2,D_2
823085,Kyle Walker-Peters,Southampton,England Premier League,24/25,D,0,D_0
998247,Micky van de Ven,Tottenham Hotspur,England Premier League,24/25,D,1,D_1
963493,Leif Davis,Ipswich Town,England Premier League,24/25,D,0,D_0
361696,Wout Faes,Leicester City,England Premier League,24/25,D,3,D_3
155997,Emerson,West Ham United,England Premier League,24/25,D,2,D_2
864169,Pau Torres,Aston Villa,England Premier League,24/25,D,3,D_3
1423711,Myles Lewis-Skelly,Arsenal,England Premier League,24/25,D,0,D_0
826057,Mads Roerslev,Brentford,England Premier League,24/25,D,0,D_0
967722,Caleb Okoli,Leicester City,England Premier League,24/25,D,3,D_3
1092409,Victor Kristiansen,Leicester City,England Premier League,24/25,D,0,D_0
252821,Nélson Semedo,Wolverhampton,England Premier League,24/25,D,0,D_0
120538,Jannik Vestergaard,Leicester City,England Premier League,24/25,D,3,D_3
134361,Jack Stephens,Southampton,England Premier League,24/25,D,3,D_3
825719,Issa Diop,Fulham,England Premier League,24/25,D,3,D_3
44614,Kyle Walker,Manchester City,England Premier League,24/25,D,0,D_0
893478,Luke Woolfenden,Ipswich Town,England Premier League,24/25,D,3,D_3
294593,Álex Moreno,Nottingham Forest,England Premier League,24/25,D,0,D_0
842513,Igor Julio,Brighton & Hove Albion,England Premier League,24/25,D,1,D_1
846308,Santiago Bueno,Wolverhampton,England Premier League,24/25,D,3,D_3
997103,Radu Drăgușin,Tottenham Hotspur,England Premier League,24/25,D,3,D_3
945217,Jean-Clair Todibo,West Ham United,England Premier League,24/25,D,3,D_3
50027,Craig Dawson,Wolverhampton,England Premier League,24/25,D,3,D_3
576384,Kristoffer Ajer,Brentford,England Premier League,24/25,D,0,D_0
138024,Vladimír Coufal,West Ham United,England Premier League,24/25,D,0,D_0
905347,Yukinari Sugawara,Southampton,England Premier League,24/25,D,0,D_0
1153315,Leny Yoro,Manchester United,England Premier League,24/25,D,3,D_3
44566,Adam Smith,Bournemouth,England Premier League,24/25,D,0,D_0
555406,James Bree,Southampton,England Premier League,24/25,D,0,D_0
985086,Morato,Nottingham Forest,England Premier League,24/25,D,0,D_0
98449,Conor Coady,Leicester City,England Premier League,24/25,D,3,D_3
817979,Axel Tuanzebe,Ipswich Town,England Premier League,24/25,D,3,D_3
914412,Ben Johnson,Ipswich Town,England Premier League,24/25,D,0,D_0
877994,Marc Guéhi,Manchester City,England Premier League,25/26,D,1,D_1
869792,Gabriel,Arsenal,England Premier League,25/26,D,1,D_1
151545,Virgil van Dijk,Liverpool FC,England Premier League,25/26,D,1,D_1
830659,Marcos Senesi,Bournemouth,England Premier League,25/26,D,1,D_1
962012,Jan Paul van Hecke,Brighton & Hove Albion,England Premier League,25/26,D,1,D_1
885908,Reece James,Chelsea,England Premier League,25/26,D,2,D_2
318941,Rúben Dias,Manchester City,England Premier League,25/26,D,1,D_1
145188,James Tarkowski,Everton,England Premier League,25/26,D,3,D_3
829932,Cristian Romero,Tottenham Hotspur,England Premier League,25/26,D,1,D_1
101882,Fabian Schär,Newcastle United,England Premier League,25/26,D,1,D_1
859999,Lisandro Martínez,Manchester United,England Premier League,25/26,D,1,D_1
826215,Ibrahima Konaté,Liverpool FC,England Premier League,25/26,D,1,D_1
829022,Konstantinos Mavropanos,West Ham United,England Premier League,25/26,D,3,D_3
362682,Joachim Andersen,Fulham,England Premier League,25/26,D,1,D_1
941168,William Saliba,Arsenal,England Premier League,25/26,D,1,D_1
1014286,Malick Thiaw,Newcastle United,England Premier League,25/26,D,3,D_3
910046,Sven Botman,Newcastle United,England Premier League,25/26,D,3,D_3
964994,Josko Gvardiol,Manchester City,England Premier League,25/26,D,1,D_1
827679,Ezri Konsa,Aston Villa,England Premier League,25/26,D,1,D_1
1156586,James Hill,Bournemouth,England Premier League,25/26,D,3,D_3
1199282,Murillo,Nottingham Forest,England Premier League,25/26,D,3,D_3
780014,Nordi Mukiele,Sunderland,England Premier League,25/26,D,0,D_0
803031,Matthijs de Ligt,Manchester United,England Premier League,25/26,D,3,D_3
985086,Morato,Nottingham Forest,England Premier League,25/26,D,3,D_3
115365,Lewis Dunk,Brighton & Hove Albion,England Premier League,25/26,D,1,D_1
945122,Matheus Nunes,Manchester City,England Premier League,25/26,D,1,D_1
827681,James Justin,Leeds United,England Premier League,25/26,D,0,D_0
1194333,Abdukodir Khusanov,Manchester City,England Premier League,25/26,D,1,D_1
826134,Trevoh Chalobah,Chelsea,England Premier League,25/26,D,1,D_1
190877,Kenny Tete,Fulham,England Premier League,25/26,D,0,D_0
958959,Jurriën Timber,Arsenal,England Premier League,25/26,D,2,D_2
1445799,Ayden Heaven,Manchester United,England Premier League,25/26,D,3,D_3
913654,Pedro Porro,Tottenham Hotspur,England Premier League,25/26,D,2,D_2
886930,Jaka Bijol,Leeds United,England Premier League,25/26,D,3,D_3
1002837,Piero Hincapié,Arsenal,England Premier League,25/26,D,0,D_0
931278,Rayan Aït-Nouri,Manchester City,England Premier League,25/26,D,2,D_2
1144630,Cristhian Mosquera,Arsenal,England Premier League,25/26,D,0,D_0
110846,Michael Keane,Everton,England Premier League,25/26,D,3,D_3
927356,Neco Williams,Nottingham Forest,England Premier League,25/26,D,2,D_2
879674,Maxence Lacroix,Crystal Palace,England Premier League,25/26,D,3,D_3
800417,Ola Aina,Nottingham Forest,England Premier League,25/26,D,0,D_0
847030,Noussair Mazraoui,Manchester United,England Premier League,25/26,D,0,D_0
149380,Harry Maguire,Manchester United,England Premier League,25/26,D,3,D_3
931844,Chris Richards,Crystal Palace,England Premier League,25/26,D,3,D_3
868715,Jorge Cuenca,Fulham,England Premier League,25/26,D,3,D_3
957602,Riccardo Calafiori,Arsenal,England Premier League,25/26,D,2,D_2
864169,Pau Torres,Aston Villa,England Premier League,25/26,D,1,D_1
1142703,Nico O'Reilly,Manchester City,England Premier League,25/26,D,2,D_2
1137431,Michael Kayode,Brentford,England Premier League,25/26,D,0,D_0
997152,Maxim De Cuyper,Brighton & Hove Albion,England Premier League,25/26,D,2,D_2
924378,Sepp van den Berg,Brentford,England Premier League,25/26,D,3,D_3
803174,Antonee Robinson,Fulham,England Premier League,25/26,D,4,D_4
843200,Diogo Dalot,Manchester United,England Premier League,25/26,D,0,D_0
1013842,Emmanuel Agbadou,Wolverhampton,England Premier League,25/26,D,3,D_3
996910,Bashir Humphreys,Burnley,England Premier League,25/26,D,3,D_3
958878,Dan Ballard,Sunderland,England Premier League,25/26,D,3,D_3
794953,Kevin Danso,Tottenham Hotspur,England Premier League,25/26,D,3,D_3
1136730,Lewis Hall,Newcastle United,England Premier League,25/26,D,2,D_2
1471671,Jaydee Canvot,Crystal Palace,England Premier League,25/26,D,3,D_3
923894,Wesley Fofana,Chelsea,England Premier League,25/26,D,3,D_3
833956,Matty Cash,Aston Villa,England Premier League,25/26,D,2,D_2
1184308,Álex Jiménez,Bournemouth,England Premier League,25/26,D,0,D_0
805137,Omar Alderete,Sunderland,England Premier League,25/26,D,3,D_3
219572,Joël Veltman,Brighton & Hove Albion,England Premier League,25/26,D,0,D_0
861972,Calvin Bassey,Fulham,England Premier League,25/26,D,3,D_3
825844,Ferdi Kadıoğlu,Brighton & Hove Albion,England Premier League,25/26,D,0,D_0
836168,Nikola Milenković,Nottingham Forest,England Premier League,25/26,D,3,D_3
856739,Lutsharel Geertruida,Sunderland,England Premier League,25/26,D,0,D_0
836675,Pascal Struijk,Leeds United,England Premier League,25/26,D,3,D_3
999028,Adrien Truffert,Bournemouth,England Premier League,25/26,D,0,D_0
980634,Tino Livramento,Newcastle United,England Premier League,25/26,D,0,D_0
989034,Trai Hume,Sunderland,England Premier League,25/26,D,0,D_0
846308,Santiago Bueno,Wolverhampton,England Premier League,25/26,D,3,D_3
96538,Lucas Digne,Aston Villa,England Premier League,25/26,D,0,D_0
958916,Nathan Collins,Brentford,England Premier League,25/26,D,3,D_3
827243,Axel Disasi,West Ham United,England Premier League,25/26,D,3,D_3
329417,Timothy Castagne,Fulham,England Premier League,25/26,D,0,D_0
998247,Micky van de Ven,Tottenham Hotspur,England Premier League,25/26,D,3,D_3
959628,Mats Wieffer,Brighton & Hove Albion,England Premier League,25/26,D,2,D_2
1471764,El Hadji Malick Diouf,West Ham United,England Premier League,25/26,D,0,D_0
970361,Jeremie Frimpong,Liverpool FC,England Premier League,25/26,D,2,D_2
262911,Andrew Robertson,Liverpool FC,England Premier League,25/26,D,2,D_2
856250,Ladislav Krejci,Wolverhampton,England Premier League,25/26,D,3,D_3
190839,Luke Shaw,Manchester United,England Premier League,25/26,D,3,D_3
69256,Kieran Trippier,Newcastle United,England Premier League,25/26,D,0,D_0
828640,Joe Rodon,Leeds United,England Premier League,25/26,D,3,D_3
998253,Jake O'Brien,Everton,England Premier League,25/26,D,3,D_3
876643,Vitaliy Mykolenko,Everton,England Premier League,25/26,D,0,D_0
875360,Hjalmar Ekdal,Burnley,England Premier League,25/26,D,3,D_3
143334,Victor Lindelöf,Aston Villa,England Premier League,25/26,D,3,D_3
823085,Kyle Walker-Peters,West Ham United,England Premier League,25/26,D,0,D_0
831424,Reinildo Mandava,Sunderland,England Premier League,25/26,D,0,D_0
972421,Keane Lewis-Potter,Brentford,England Premier League,25/26,D,2,D_2
1153315,Leny Yoro,Manchester United,England Premier League,25/26,D,3,D_3
794939,Marc Cucurella,Chelsea,England Premier League,25/26,D,0,D_0
303638,Tyrone Mings,Aston Villa,England Premier League,25/26,D,3,D_3
1014835,Yerson Mosquera,Wolverhampton,England Premier League,25/26,D,0,D_0
996958,Malo Gusto,Chelsea,England Premier League,25/26,D,0,D_0
1117223,Maxime Estève,Burnley,England Premier League,25/26,D,3,D_3
834308,Gabriel Gudmundsson,Leeds United,England Premier League,25/26,D,0,D_0
1008402,Conor Bradley,Liverpool FC,England Premier League,25/26,D,0,D_0
962408,Bafodé Diakité,Bournemouth,England Premier League,25/26,D,3,D_3
576384,Kristoffer Ajer,Brentford,England Premier League,25/26,D,3,D_3
929132,Jayden Bogle,Leeds United,England Premier League,25/26,D,0,D_0
44614,Kyle Walker,Burnley,England Premier League,25/26,D,0,D_0
863653,Aaron Wan-Bissaka,West Ham United,England Premier League,25/26,D,0,D_0
1097425,Milos Kerkez,Liverpool FC,England Premier League,25/26,D,0,D_0
1010220,Nicolò Savona,Nottingham Forest,England Premier League,25/26,D,0,D_0
1031283,David Møller Wolfe,Wolverhampton,England Premier League,25/26,D,0,D_0
945798,Djed Spence,Tottenham Hotspur,England Premier League,25/26,D,0,D_0
99090,Dan Burn,Newcastle United,England Premier League,25/26,D,3,D_3
976263,Ian Maatsen,Aston Villa,England Premier League,25/26,D,2,D_2
836698,Ryan Sessegnon,Fulham,England Premier League,25/26,D,0,D_0
894474,Maximilian Kilman,West Ham United,England Premier League,25/26,D,3,D_3
1136896,Lucas Pires,Burnley,England Premier League,25/26,D,0,D_0
945217,Jean-Clair Todibo,West Ham United,England Premier League,25/26,D,3,D_3
983572,Destiny Udogie,Tottenham Hotspur,England Premier League,25/26,D,0,D_0
817979,Axel Tuanzebe,Burnley,England Premier League,25/26,D,3,D_3
1153079,Jorrel Hato,Chelsea,England Premier League,25/26,D,0,D_0
973418,Toti,Wolverhampton,England Premier League,25/26,D,3,D_3
44566,Adam Smith,Bournemouth,England Premier League,25/26,D,0,D_0
1392044,Quilindschy Hartman,Burnley,England Premier League,25/26,D,0,D_0
599128,Rico Henry,Brentford,England Premier League,25/26,D,0,D_0
814594,Achraf Hakimi,Paris Saint-Germain,France Ligue 1,23/24,D,2,D_2
978285,Wilfried Singo,AS Monaco,France Ligue 1,23/24,D,1,D_1
141080,Kenny Lala,Stade Brestois,France Ligue 1,23/24,D,2,D_2
946158,Mohammed Salisu,AS Monaco,France Ligue 1,23/24,D,1,D_1
962408,Bafodé Diakité,Lille,France Ligue 1,23/24,D,1,D_1
1087364,Tiago Santos,Lille,France Ligue 1,23/24,D,2,D_2
897291,Ismail Jakobs,AS Monaco,France Ligue 1,23/24,D,2,D_2
858977,Christopher Operi,Le Havre,France Ligue 1,23/24,D,2,D_2
99545,Danilo Pereira,Paris Saint-Germain,France Ligue 1,23/24,D,1,D_1
928236,Leonardo Balerdi,Olympique de Marseille,France Ligue 1,23/24,D,1,D_1
1013842,Emmanuel Agbadou,Stade de Reims,France Ligue 1,23/24,D,1,D_1
985933,Joseph Okumu,Stade de Reims,France Ligue 1,23/24,D,1,D_1
3577,Dante,Nice,France Ligue 1,23/24,D,1,D_1
281277,Thilo Kehrer,AS Monaco,France Ligue 1,23/24,D,1,D_1
794953,Kevin Danso,RC Lens,France Ligue 1,23/24,D,1,D_1
352370,Lucas Hernández,Paris Saint-Germain,France Ligue 1,23/24,D,1,D_1
328035,Brendan Chardonnet,Stade Brestois,France Ligue 1,23/24,D,1,D_1
339231,Samuel Gigot,Olympique de Marseille,France Ligue 1,23/24,D,3,D_3
904759,Modibo Sagnan,Montpellier,France Ligue 1,23/24,D,3,D_3
965778,Arthur Theate,Stade Rennais,France Ligue 1,23/24,D,1,D_1
1090694,Vanderson,AS Monaco,France Ligue 1,23/24,D,2,D_2
945217,Jean-Clair Todibo,Nice,France Ligue 1,23/24,D,1,D_1
988907,Lilian Brassier,Stade Brestois,France Ligue 1,23/24,D,1,D_1
851150,Renan Lodi,Olympique de Marseille,France Ligue 1,23/24,D,0,D_0
372430,Frédéric Guilbert,RC Strasbourg,France Ligue 1,23/24,D,0,D_0
860307,Facundo Medina,RC Lens,France Ligue 1,23/24,D,1,D_1
178721,Yunis Abdelhamid,Stade de Reims,France Ligue 1,23/24,D,1,D_1
798124,Rasmus Nicolaisen,Toulouse,France Ligue 1,23/24,D,3,D_3
906075,Melvin Bard,Nice,France Ligue 1,23/24,D,0,D_0
1129382,Bradley Locko,Stade Brestois,France Ligue 1,23/24,D,0,D_0
238612,Chancel Mbemba,Olympique de Marseille,France Ligue 1,23/24,D,1,D_1
1035988,Arouna Sangante,Le Havre,France Ligue 1,23/24,D,3,D_3
369650,Jonathan Gradit,RC Lens,France Ligue 1,23/24,D,1,D_1
1117223,Maxime Estève,Montpellier,France Ligue 1,23/24,D,3,D_3
818986,Gabriel Suazo,Toulouse,France Ligue 1,23/24,D,2,D_2
941077,Lucas Perrin,RC Strasbourg,France Ligue 1,23/24,D,3,D_3
940918,Becir Omeragic,Montpellier,France Ligue 1,23/24,D,3,D_3
911853,Logan Costa,Toulouse,France Ligue 1,23/24,D,1,D_1
287887,Gautier Lloris,Le Havre,France Ligue 1,23/24,D,3,D_3
999030,Warmed Omari,Stade Rennais,France Ligue 1,23/24,D,3,D_3
1102502,Quentin Merlin,Olympique de Marseille,France Ligue 1,23/24,D,2,D_2
839493,Amir Murillo,Olympique de Marseille,France Ligue 1,23/24,D,2,D_2
1012650,Isaak Touré,Lorient,France Ligue 1,23/24,D,3,D_3
1009334,Lorenz Assignon,Stade Rennais,France Ligue 1,23/24,D,2,D_2
78352,Ismaily,Lille,France Ligue 1,23/24,D,0,D_0
158243,Nicolás Tagliafico,Olympique Lyonnais,France Ligue 1,23/24,D,0,D_0
106496,Nicolas Pallois,Nantes,France Ligue 1,23/24,D,3,D_3
1049775,Alexsandro,Lille,France Ligue 1,23/24,D,1,D_1
1087805,Marvin Senaya,RC Strasbourg,France Ligue 1,23/24,D,0,D_0
920008,Neto Borges,Clermont Foot,France Ligue 1,23/24,D,0,D_0
1153315,Leny Yoro,Lille,France Ligue 1,23/24,D,1,D_1
152813,Clinton Mata,Olympique Lyonnais,France Ligue 1,23/24,D,0,D_0
226958,Mikkel Desler,Toulouse,France Ligue 1,23/24,D,0,D_0
848537,Kiki Kouyaté,Montpellier,France Ligue 1,23/24,D,3,D_3
985934,Youssouf Ndayishimiye,Nice,France Ligue 1,23/24,D,1,D_1
229598,Christopher Jullien,Montpellier,France Ligue 1,23/24,D,3,D_3
352768,Ainsley Maitland-Niles,Olympique Lyonnais,France Ligue 1,23/24,D,4,D_4
814023,Eray Cömert,Nantes,France Ligue 1,23/24,D,3,D_3
1108441,Lucas Beraldo,Paris Saint-Germain,France Ligue 1,23/24,D,1,D_1
187205,Milan Škriniar,Paris Saint-Germain,France Ligue 1,23/24,D,1,D_1
998253,Jake O'Brien,Olympique Lyonnais,France Ligue 1,23/24,D,1,D_1
822110,Deiver Machado,RC Lens,France Ligue 1,23/24,D,2,D_2
980406,Étienne Youté Kinkoué,Le Havre,France Ligue 1,23/24,D,3,D_3
785518,Yoann Salmier,Le Havre,France Ligue 1,23/24,D,3,D_3
985262,Moussa Diarra,Toulouse,France Ligue 1,23/24,D,0,D_0
930231,Christopher Wooh,Stade Rennais,France Ligue 1,23/24,D,3,D_3
901470,Gerzino Nyamsi,RC Strasbourg,France Ligue 1,23/24,D,3,D_3
1049515,Alidu Seidu,Stade Rennais,France Ligue 1,23/24,D,0,D_0
998241,Darlin Yongwa,Lorient,France Ligue 1,23/24,D,2,D_2
999028,Adrien Truffert,Stade Rennais,France Ligue 1,23/24,D,2,D_2
1170197,Abakar Sylla,RC Strasbourg,France Ligue 1,23/24,D,1,D_1
122943,Florent Ogier,Clermont Foot,France Ligue 1,23/24,D,3,D_3
982316,Formose Mendy,Lorient,France Ligue 1,23/24,D,3,D_3
291695,Issiaga Sylla,Montpellier,France Ligue 1,23/24,D,0,D_0
879618,Montassar Talbi,Lorient,France Ligue 1,23/24,D,3,D_3
257091,Duje Caleta-Car,Olympique Lyonnais,France Ligue 1,23/24,D,3,D_3
191204,Jean-Charles Castelletto,Nantes,France Ligue 1,23/24,D,3,D_3
892430,Fali Candé,Metz,France Ligue 1,23/24,D,3,D_3
1173172,Jeanuël Belocian,Stade Rennais,France Ligue 1,23/24,D,3,D_3
1407848,Christian Mawissa,Toulouse,France Ligue 1,23/24,D,0,D_0
339909,Guillermo Maripán,AS Monaco,France Ligue 1,23/24,D,3,D_3
796372,Falaye Sacko,Montpellier,France Ligue 1,23/24,D,0,D_0
796279,Jordan Lotomba,Nice,France Ligue 1,23/24,D,0,D_0
54308,Loïc Nego,Le Havre,France Ligue 1,23/24,D,0,D_0
1002033,Guéla Doué,Stade Rennais,France Ligue 1,23/24,D,2,D_2
1103079,Nathaniel Adjei,Lorient,France Ligue 1,23/24,D,3,D_3
1103548,Enzo Tchato,Montpellier,France Ligue 1,23/24,D,0,D_0
558320,Ulisses Garcia,Olympique de Marseille,France Ligue 1,23/24,D,0,D_0
1469500,Cheick Oumar Konaté,Clermont Foot,France Ligue 1,23/24,D,2,D_2
834308,Gabriel Gudmundsson,Lille,France Ligue 1,23/24,D,2,D_2
877978,Andy Pelmard,Clermont Foot,France Ligue 1,23/24,D,3,D_3
1155226,Saël Kumbedi,Olympique Lyonnais,France Ligue 1,23/24,D,0,D_0
785418,Marcus Coco,Nantes,France Ligue 1,23/24,D,0,D_0
225092,Christophe Hérelle,Metz,France Ligue 1,23/24,D,3,D_3
1512339,Lucas Mincarelli,Montpellier,France Ligue 1,23/24,D,0,D_0
963198,Chrislain Matsima,Clermont Foot,France Ligue 1,23/24,D,3,D_3
128285,Maxime Colin,Metz,France Ligue 1,23/24,D,0,D_0
245615,Thomas Foket,Stade de Reims,France Ligue 1,23/24,D,0,D_0
791048,Julien Laporte,Lorient,France Ligue 1,23/24,D,3,D_3
800349,Maximiliano Caufriez,Clermont Foot,France Ligue 1,23/24,D,3,D_3
25506,Ismaël Traoré,Metz,France Ligue 1,23/24,D,3,D_3
991200,Gédéon Kalulu,Lorient,France Ligue 1,23/24,D,0,D_0
845930,Jean-Kévin Duverne,Nantes,France Ligue 1,23/24,D,0,D_0
1049517,Ismaël Doukouré,RC Strasbourg,France Ligue 1,23/24,D,0,D_0
844744,Thibault De Smet,Stade de Reims,France Ligue 1,23/24,D,0,D_0
1130602,Kevin Van Den Kerkhof,Metz,France Ligue 1,23/24,D,2,D_2
1154687,Nathan Zézé,Nantes,France Ligue 1,23/24,D,3,D_3
814594,Achraf Hakimi,Paris Saint-Germain,France Ligue 1,24/25,D,2,D_2
989768,Nuno Mendes,Paris Saint-Germain,France Ligue 1,24/25,D,2,D_2
155995,Marquinhos,Paris Saint-Germain,France Ligue 1,24/25,D,1,D_1
329195,Jubal,Auxerre,France Ligue 1,24/25,D,4,D_4
794953,Kevin Danso,RC Lens,France Ligue 1,24/25,D,1,D_1
1013842,Emmanuel Agbadou,Stade de Reims,France Ligue 1,24/25,D,1,D_1
158243,Nicolás Tagliafico,Olympique Lyonnais,France Ligue 1,24/25,D,2,D_2
1049775,Alexsandro,Lille,France Ligue 1,24/25,D,1,D_1
845170,Caio Henrique,AS Monaco,France Ligue 1,24/25,D,2,D_2
1194333,Abdukodir Khusanov,RC Lens,France Ligue 1,24/25,D,3,D_3
985934,Youssouf Ndayishimiye,Nice,France Ligue 1,24/25,D,1,D_1
1445625,Jérémy Jacquet,Stade Rennais,France Ligue 1,24/25,D,3,D_3
281277,Thilo Kehrer,AS Monaco,France Ligue 1,24/25,D,1,D_1
1090694,Vanderson,AS Monaco,France Ligue 1,24/25,D,2,D_2
985933,Joseph Okumu,Stade de Reims,France Ligue 1,24/25,D,1,D_1
141080,Kenny Lala,Stade Brestois,France Ligue 1,24/25,D,4,D_4
818986,Gabriel Suazo,Toulouse,France Ligue 1,24/25,D,2,D_2
128587,Thomas Meunier,Lille,France Ligue 1,24/25,D,2,D_2
858977,Christopher Operi,Le Havre,France Ligue 1,24/25,D,2,D_2
1108441,Lucas Beraldo,Paris Saint-Germain,France Ligue 1,24/25,D,1,D_1
1020744,Charlie Cresswell,Toulouse,France Ligue 1,24/25,D,3,D_3
906075,Melvin Bard,Nice,France Ligue 1,24/25,D,2,D_2
1397882,Yanis Zouaoui,Le Havre,France Ligue 1,24/25,D,2,D_2
1129751,Julien Le Cardinal,Stade Brestois,France Ligue 1,24/25,D,3,D_3
978285,Wilfried Singo,AS Monaco,France Ligue 1,24/25,D,1,D_1
946158,Mohammed Salisu,AS Monaco,France Ligue 1,24/25,D,1,D_1
979480,Willian Pacho,Paris Saint-Germain,France Ligue 1,24/25,D,1,D_1
962408,Bafodé Diakité,Lille,France Ligue 1,24/25,D,1,D_1
999028,Adrien Truffert,Stade Rennais,France Ligue 1,24/25,D,2,D_2
919027,Ali Abdi,Nice,France Ligue 1,24/25,D,2,D_2
991479,Anthony Rouault,Stade Rennais,France Ligue 1,24/25,D,1,D_1
1154687,Nathan Zézé,Nantes,France Ligue 1,24/25,D,3,D_3
328035,Brendan Chardonnet,Stade Brestois,France Ligue 1,24/25,D,3,D_3
1002033,Guéla Doué,RC Strasbourg,France Ligue 1,24/25,D,1,D_1
78352,Ismaily,Lille,France Ligue 1,24/25,D,2,D_2
170129,Florent Hanin,Angers,France Ligue 1,24/25,D,0,D_0
886802,Cédric Kipré,Stade de Reims,France Ligue 1,24/25,D,3,D_3
860307,Facundo Medina,RC Lens,France Ligue 1,24/25,D,1,D_1
856638,Mitchel Bakker,Lille,France Ligue 1,24/25,D,2,D_2
839493,Amir Murillo,Olympique de Marseille,France Ligue 1,24/25,D,1,D_1
369650,Jonathan Gradit,RC Lens,France Ligue 1,24/25,D,3,D_3
352768,Ainsley Maitland-Niles,Olympique Lyonnais,France Ligue 1,24/25,D,2,D_2
122810,Aïssa Mandi,Lille,France Ligue 1,24/25,D,1,D_1
363042,Jordan Lefort,Angers,France Ligue 1,24/25,D,3,D_3
123388,Djibril Sidibé,Toulouse,France Ligue 1,24/25,D,0,D_0
879746,Leo Østigård,Stade Rennais,France Ligue 1,24/25,D,3,D_3
152813,Clinton Mata,Olympique Lyonnais,France Ligue 1,24/25,D,3,D_3
928236,Leonardo Balerdi,Olympique de Marseille,France Ligue 1,24/25,D,1,D_1
1102502,Quentin Merlin,Olympique de Marseille,France Ligue 1,24/25,D,2,D_2
758168,Moussa Niakhaté,Olympique Lyonnais,France Ligue 1,24/25,D,3,D_3
257091,Duje Caleta-Car,Olympique Lyonnais,France Ligue 1,24/25,D,3,D_3
143344,Massadio Haïdara,Stade Brestois,France Ligue 1,24/25,D,0,D_0
865847,Mickaël Nadé,Saint-Étienne,France Ligue 1,24/25,D,3,D_3
984527,Abdoulaye Ndiaye,Stade Brestois,France Ligue 1,24/25,D,3,D_3
3577,Dante,Nice,France Ligue 1,24/25,D,1,D_1
988907,Lilian Brassier,Stade Rennais,France Ligue 1,24/25,D,1,D_1
287887,Gautier Lloris,Le Havre,France Ligue 1,24/25,D,3,D_3
996951,Sinaly Diomandé,Auxerre,France Ligue 1,24/25,D,3,D_3
1387156,Clément Akpa,Auxerre,France Ligue 1,24/25,D,3,D_3
1154657,Mamadou Sarr,RC Strasbourg,France Ligue 1,24/25,D,3,D_3
1469180,Moïse Bombito,Nice,France Ligue 1,24/25,D,3,D_3
844942,Gideon Mensah,Auxerre,France Ligue 1,24/25,D,0,D_0
827942,Sergio Akieme,Stade de Reims,France Ligue 1,24/25,D,0,D_0
558320,Ulisses Garcia,Olympique de Marseille,France Ligue 1,24/25,D,2,D_2
822110,Deiver Machado,RC Lens,France Ligue 1,24/25,D,2,D_2
920680,Gabriel Osho,Auxerre,France Ligue 1,24/25,D,3,D_3
801411,Derek Cornelius,Olympique de Marseille,France Ligue 1,24/25,D,1,D_1
827504,Léo Pétrot,Saint-Étienne,France Ligue 1,24/25,D,0,D_0
1009334,Lorenz Assignon,Stade Rennais,France Ligue 1,24/25,D,2,D_2
106496,Nicolas Pallois,Nantes,France Ligue 1,24/25,D,3,D_3
826203,Malang Sarr,RC Lens,France Ligue 1,24/25,D,1,D_1
922759,Mark McKenzie,Toulouse,France Ligue 1,24/25,D,3,D_3
834308,Gabriel Gudmundsson,Lille,France Ligue 1,24/25,D,2,D_2
930231,Christopher Wooh,Stade Rennais,France Ligue 1,24/25,D,3,D_3
802143,Kelvin Amian,Nantes,France Ligue 1,24/25,D,0,D_0
1049517,Ismaël Doukouré,RC Strasbourg,France Ligue 1,24/25,D,3,D_3
191204,Jean-Charles Castelletto,Nantes,France Ligue 1,24/25,D,3,D_3
356352,Hans Hateboer,Stade Rennais,France Ligue 1,24/25,D,3,D_3
954044,Ki-Jana Hoever,Auxerre,France Ligue 1,24/25,D,0,D_0
904759,Modibo Sagnan,Montpellier,France Ligue 1,24/25,D,3,D_3
357752,Aurélio Buta,Stade de Reims,France Ligue 1,24/25,D,0,D_0
1442036,Emmanuel Biumla,Angers,France Ligue 1,24/25,D,3,D_3
794373,Carlens Arcus,Angers,France Ligue 1,24/25,D,0,D_0
1471671,Jaydee Canvot,Toulouse,France Ligue 1,24/25,D,0,D_0
54308,Loïc Nego,Le Havre,France Ligue 1,24/25,D,0,D_0
1170197,Abakar Sylla,RC Strasbourg,France Ligue 1,24/25,D,3,D_3
1155226,Saël Kumbedi,Olympique Lyonnais,France Ligue 1,24/25,D,0,D_0
1103548,Enzo Tchato,Montpellier,France Ligue 1,24/25,D,0,D_0
1063237,Saïdou Sow,Nantes,France Ligue 1,24/25,D,3,D_3
940918,Becir Omeragic,Montpellier,France Ligue 1,24/25,D,3,D_3
785418,Marcus Coco,Nantes,France Ligue 1,24/25,D,0,D_0
121180,Abdoulaye Bamba,Angers,France Ligue 1,24/25,D,3,D_3
980406,Étienne Youté Kinkoué,Le Havre,France Ligue 1,24/25,D,3,D_3
123164,Dennis Appiah,Saint-Étienne,France Ligue 1,24/25,D,0,D_0
1407848,Christian Mawissa,AS Monaco,France Ligue 1,24/25,D,0,D_0
886286,Nicolas Cozza,Nantes,France Ligue 1,24/25,D,0,D_0
1824137,Timothée Pembélé,Le Havre,France Ligue 1,24/25,D,0,D_0
901152,Théo Sainte-Luce,Montpellier,France Ligue 1,24/25,D,0,D_0
352912,Dylan Batubinsika,Saint-Étienne,France Ligue 1,24/25,D,3,D_3
1170536,Yaël Mouanga,Montpellier,France Ligue 1,24/25,D,3,D_3
178721,Yunis Abdelhamid,Saint-Étienne,France Ligue 1,24/25,D,3,D_3
291695,Issiaga Sylla,Montpellier,France Ligue 1,24/25,D,0,D_0
1426221,Nhoa Sangui,Stade de Reims,France Ligue 1,24/25,D,0,D_0
1035988,Arouna Sangante,Le Havre,France Ligue 1,24/25,D,3,D_3
1462778,Lilian Raolisoa,Angers,France Ligue 1,24/25,D,2,D_2
796372,Falaye Sacko,Montpellier,France Ligue 1,24/25,D,0,D_0
155995,Marquinhos,Paris Saint-Germain,France Ligue 1,25/26,D,1,D_1
1108441,Lucas Beraldo,Paris Saint-Germain,France Ligue 1,25/26,D,1,D_1
122810,Aïssa Mandi,Lille,France Ligue 1,25/26,D,1,D_1
989768,Nuno Mendes,Paris Saint-Germain,France Ligue 1,25/26,D,4,D_4
826203,Malang Sarr,RC Lens,France Ligue 1,25/26,D,1,D_1
758168,Moussa Niakhaté,Olympique Lyonnais,France Ligue 1,25/26,D,1,D_1
1099117,Samson Baidoo,RC Lens,France Ligue 1,25/26,D,1,D_1
877102,Nayef Aguerd,Olympique de Marseille,France Ligue 1,25/26,D,1,D_1
1023567,Ilya Zabarnyi,Paris Saint-Germain,France Ligue 1,25/26,D,1,D_1
987491,Bryan Okoh,Auxerre,France Ligue 1,25/26,D,3,D_3
1408080,Ismaëlo Ganiou,RC Lens,France Ligue 1,25/26,D,1,D_1
352370,Lucas Hernández,Paris Saint-Germain,France Ligue 1,25/26,D,1,D_1
991479,Anthony Rouault,Stade Rennais,France Ligue 1,25/26,D,1,D_1
946158,Mohammed Salisu,AS Monaco,France Ligue 1,25/26,D,1,D_1
287887,Gautier Lloris,Le Havre,France Ligue 1,25/26,D,3,D_3
1445625,Jérémy Jacquet,Stade Rennais,France Ligue 1,25/26,D,3,D_3
979480,Willian Pacho,Paris Saint-Germain,France Ligue 1,25/26,D,1,D_1
1020744,Charlie Cresswell,Toulouse,France Ligue 1,25/26,D,3,D_3
825846,Jordan Teze,AS Monaco,France Ligue 1,25/26,D,0,D_0
804764,Chidozie Awaziem,Nantes,France Ligue 1,25/26,D,3,D_3
1471683,Sadibou Sané,Metz,France Ligue 1,25/26,D,3,D_3
328035,Brendan Chardonnet,Stade Brestois,France Ligue 1,25/26,D,3,D_3
155997,Emerson,Olympique de Marseille,France Ligue 1,25/26,D,2,D_2
152813,Clinton Mata,Olympique Lyonnais,France Ligue 1,25/26,D,3,D_3
1102502,Quentin Merlin,Stade Rennais,France Ligue 1,25/26,D,2,D_2
879618,Montassar Talbi,Lorient,France Ligue 1,25/26,D,3,D_3
1069159,Otávio,Paris FC,France Ligue 1,25/26,D,3,D_3
281277,Thilo Kehrer,AS Monaco,France Ligue 1,25/26,D,1,D_1
1002033,Guéla Doué,RC Strasbourg,France Ligue 1,25/26,D,2,D_2
996951,Sinaly Diomandé,Auxerre,France Ligue 1,25/26,D,3,D_3
1050692,Diego Coppola,Paris FC,France Ligue 1,25/26,D,3,D_3
827519,Romain Perraud,Lille,France Ligue 1,25/26,D,2,D_2
928236,Leonardo Balerdi,Olympique de Marseille,France Ligue 1,25/26,D,1,D_1
1597145,Abdelhamid Ait Boudlal,Stade Rennais,France Ligue 1,25/26,D,3,D_3
982319,Moustapha Mbow,Paris FC,France Ligue 1,25/26,D,3,D_3
128587,Thomas Meunier,Lille,France Ligue 1,25/26,D,2,D_2
1119487,Nathan Ngoy,Lille,France Ligue 1,25/26,D,1,D_1
867575,Koffi Kouao,Metz,France Ligue 1,25/26,D,0,D_0
1049515,Alidu Seidu,Stade Rennais,France Ligue 1,25/26,D,0,D_0
1049538,Ousmane Camara,Angers,France Ligue 1,25/26,D,3,D_3
988907,Lilian Brassier,Stade Rennais,France Ligue 1,25/26,D,1,D_1
860307,Facundo Medina,Olympique de Marseille,France Ligue 1,25/26,D,1,D_1
1087805,Marvin Senaya,Auxerre,France Ligue 1,25/26,D,0,D_0
983066,Andrew Omobamidele,RC Strasbourg,France Ligue 1,25/26,D,1,D_1
1462778,Lilian Raolisoa,Angers,France Ligue 1,25/26,D,2,D_2
363042,Jordan Lefort,Angers,France Ligue 1,25/26,D,3,D_3
1035988,Arouna Sangante,Le Havre,France Ligue 1,25/26,D,3,D_3
844942,Gideon Mensah,Auxerre,France Ligue 1,25/26,D,0,D_0
1120615,Antoine Mendy,Nice,France Ligue 1,25/26,D,3,D_3
873221,Ayumu Seko,Le Havre,France Ligue 1,25/26,D,3,D_3
787505,Benjamin Pavard,Olympique de Marseille,France Ligue 1,25/26,D,1,D_1
1473092,Kojo Peprah Oppong,Nice,France Ligue 1,25/26,D,3,D_3
922759,Mark McKenzie,Toulouse,France Ligue 1,25/26,D,3,D_3
361696,Wout Faes,AS Monaco,France Ligue 1,25/26,D,3,D_3
54308,Loïc Nego,Le Havre,France Ligue 1,25/26,D,0,D_0
1154657,Mamadou Sarr,RC Strasbourg,France Ligue 1,25/26,D,1,D_1
1426597,Lucas Høgsberg,RC Strasbourg,France Ligue 1,25/26,D,3,D_3
814594,Achraf Hakimi,Paris Saint-Germain,France Ligue 1,25/26,D,2,D_2
141080,Kenny Lala,Stade Brestois,France Ligue 1,25/26,D,0,D_0
1606792,Juma Bah,Nice,France Ligue 1,25/26,D,3,D_3
238612,Chancel Mbemba,Lille,France Ligue 1,25/26,D,1,D_1
123388,Djibril Sidibé,Toulouse,France Ligue 1,25/26,D,4,D_4
845170,Caio Henrique,AS Monaco,France Ligue 1,25/26,D,0,D_0
1107439,Ali Youssif,Nantes,France Ligue 1,25/26,D,3,D_3
352768,Ainsley Maitland-Niles,Olympique Lyonnais,France Ligue 1,25/26,D,0,D_0
831246,Igor Silva,Lorient,France Ligue 1,25/26,D,0,D_0
798124,Rasmus Nicolaisen,Toulouse,France Ligue 1,25/26,D,3,D_3
839493,Amir Murillo,Olympique de Marseille,France Ligue 1,25/26,D,2,D_2
1129382,Bradley Locko,Stade Brestois,France Ligue 1,25/26,D,0,D_0
1387156,Clément Akpa,Auxerre,France Ligue 1,25/26,D,3,D_3
158243,Nicolás Tagliafico,Olympique Lyonnais,France Ligue 1,25/26,D,0,D_0
1407848,Christian Mawissa,AS Monaco,France Ligue 1,25/26,D,0,D_0
794373,Carlens Arcus,Angers,France Ligue 1,25/26,D,0,D_0
906075,Melvin Bard,Nice,France Ligue 1,25/26,D,0,D_0
1131541,Bamo Meïté,Lorient,France Ligue 1,25/26,D,3,D_3
1397882,Yanis Zouaoui,Le Havre,France Ligue 1,25/26,D,2,D_2
1177351,Lamine Sy,Auxerre,France Ligue 1,25/26,D,0,D_0
802143,Kelvin Amian,Nantes,France Ligue 1,25/26,D,0,D_0
362014,Hamari Traoré,Paris FC,France Ligue 1,25/26,D,0,D_0
886286,Nicolas Cozza,Nantes,France Ligue 1,25/26,D,0,D_0
802695,Ben Chilwell,RC Strasbourg,France Ligue 1,25/26,D,0,D_0
919027,Ali Abdi,Nice,France Ligue 1,25/26,D,2,D_2
1426221,Nhoa Sangui,Paris FC,France Ligue 1,25/26,D,0,D_0
822110,Deiver Machado,Nantes,France Ligue 1,25/26,D,0,D_0
326343,Jean-Philippe Gbamin,Metz,France Ligue 1,25/26,D,1,D_1
1001858,Soumaïla Coulibaly,Stade Brestois,France Ligue 1,25/26,D,3,D_3
1397558,Kassoum Ouattara,AS Monaco,France Ligue 1,25/26,D,2,D_2
1049517,Ismaël Doukouré,RC Strasbourg,France Ligue 1,25/26,D,3,D_3
1529051,Abdoulaye Faye,Lorient,France Ligue 1,25/26,D,3,D_3
1170532,Jacques Ekomié,Angers,France Ligue 1,25/26,D,0,D_0
998241,Darlin Yongwa,Lorient,France Ligue 1,25/26,D,0,D_0
1005648,Fredrik Oppegård,Auxerre,France Ligue 1,25/26,D,0,D_0
128285,Maxime Colin,Metz,France Ligue 1,25/26,D,0,D_0
981168,Samir Chergui,Paris FC,France Ligue 1,25/26,D,3,D_3
1135887,Daouda Guindo,Stade Brestois,France Ligue 1,25/26,D,0,D_0
1200442,Terry Yegbe,Metz,France Ligue 1,25/26,D,3,D_3
844744,Thibault De Smet,Paris FC,France Ligue 1,25/26,D,0,D_0
2193204,Tylel Tati,Nantes,France Ligue 1,25/26,D,3,D_3
856076,David Raum,RB Leipzig,Germany Bundesliga,23/24,D,2,D_2
940871,Nico Schlotterbeck,Borussia Dortmund,Germany Bundesliga,23/24,D,1,D_1
788949,Maximilian Mittelstädt,VfB Stuttgart,Germany Bundesliga,23/24,D,2,D_2
976263,Ian Maatsen,Borussia Dortmund,Germany Bundesliga,23/24,D,2,D_2
970361,Jeremie Frimpong,Bayer 04 Leverkusen,Germany Bundesliga,23/24,D,2,D_2
377118,Robin Gosens,1. FC Union Berlin,Germany Bundesliga,23/24,D,2,D_2
927407,Josip Stanisic,Bayer 04 Leverkusen,Germany Bundesliga,23/24,D,1,D_1
168903,Robert Andrich,Bayer 04 Leverkusen,Germany Bundesliga,23/24,D,2,D_2
227672,Jonathan Tah,Bayer 04 Leverkusen,Germany Bundesliga,23/24,D,1,D_1
883262,Edmond Tapsoba,Bayer 04 Leverkusen,Germany Bundesliga,23/24,D,1,D_1
896569,Min-jae Kim,FC Bayern München,Germany Bundesliga,23/24,D,1,D_1
891651,Keven Schlotterbeck,VfL Bochum 1848,Germany Bundesliga,23/24,D,3,D_3
924378,Sepp van den Berg,1. FSV Mainz 05,Germany Bundesliga,23/24,D,3,D_3
799046,Waldemar Anton,VfB Stuttgart,Germany Bundesliga,23/24,D,1,D_1
1002837,Piero Hincapié,Bayer 04 Leverkusen,Germany Bundesliga,23/24,D,1,D_1
319857,Benjamin Henrichs,RB Leipzig,Germany Bundesliga,23/24,D,2,D_2
843665,Alphonso Davies,FC Bayern München,Germany Bundesliga,23/24,D,2,D_2
138156,Emre Can,Borussia Dortmund,Germany Bundesliga,23/24,D,4,D_4
826205,Dan-Axel Zagadou,VfB Stuttgart,Germany Bundesliga,23/24,D,1,D_1
863271,Jeff Chabot,1. FC Köln,Germany Bundesliga,23/24,D,3,D_3
973437,Odilon Kossounou,Bayer 04 Leverkusen,Germany Bundesliga,23/24,D,1,D_1
873106,Hiroki Ito,VfB Stuttgart,Germany Bundesliga,23/24,D,1,D_1
136924,Willi Orbán,RB Leipzig,Germany Bundesliga,23/24,D,1,D_1
246999,Raphaël Guerreiro,FC Bayern München,Germany Bundesliga,23/24,D,2,D_2
577726,Ramy Bensebaini,Borussia Dortmund,Germany Bundesliga,23/24,D,2,D_2
825771,Marco Friedl,SV Werder Bremen,Germany Bundesliga,23/24,D,3,D_3
16632,Mats Hummels,Borussia Dortmund,Germany Bundesliga,23/24,D,1,D_1
830803,Danilho Doekhi,1. FC Union Berlin,Germany Bundesliga,23/24,D,3,D_3
847030,Noussair Mazraoui,FC Bayern München,Germany Bundesliga,23/24,D,2,D_2
254429,Patrick Mainka,1. FC Heidenheim,Germany Bundesliga,23/24,D,3,D_3
945063,Mohamed Simakan,RB Leipzig,Germany Bundesliga,23/24,D,1,D_1
387220,Timo Hübers,1. FC Köln,Germany Bundesliga,23/24,D,3,D_3
146101,Eric Dier,FC Bayern München,Germany Bundesliga,23/24,D,1,D_1
352562,Pascal Stenzel,VfB Stuttgart,Germany Bundesliga,23/24,D,2,D_2
794962,Maximilian Wöber,Borussia M'gladbach,Germany Bundesliga,23/24,D,1,D_1
168937,Niklas Süle,Borussia Dortmund,Germany Bundesliga,23/24,D,1,D_1
355492,Konrad Laimer,FC Bayern München,Germany Bundesliga,23/24,D,2,D_2
146853,Jeffrey Gouweleeuw,FC Augsburg,Germany Bundesliga,23/24,D,3,D_3
857740,Ozan Kabak,TSG Hoffenheim,Germany Bundesliga,23/24,D,3,D_3
828571,Bernardo,VfL Bochum 1848,Germany Bundesliga,23/24,D,3,D_3
798583,Dayot Upamecano,FC Bayern München,Germany Bundesliga,23/24,D,1,D_1
964191,Tuta,Eintracht Frankfurt,Germany Bundesliga,23/24,D,1,D_1
803031,Matthijs de Ligt,FC Bayern München,Germany Bundesliga,23/24,D,1,D_1
979480,Willian Pacho,Eintracht Frankfurt,Germany Bundesliga,23/24,D,1,D_1
282229,Nico Elvedi,Borussia M'gladbach,Germany Bundesliga,23/24,D,3,D_3
792142,Felix Uduokhai,FC Augsburg,Germany Bundesliga,23/24,D,3,D_3
879674,Maxence Lacroix,VfL Wolfsburg,Germany Bundesliga,23/24,D,3,D_3
254125,Maximilian Wittek,VfL Bochum 1848,Germany Bundesliga,23/24,D,2,D_2
142259,Matthias Ginter,SC Freiburg,Germany Bundesliga,23/24,D,3,D_3
576266,Philipp Lienhart,SC Freiburg,Germany Bundesliga,23/24,D,1,D_1
790989,Ko Itakura,Borussia M'gladbach,Germany Bundesliga,23/24,D,3,D_3
940886,Fabian Nürnberger,Darmstadt 98,Germany Bundesliga,23/24,D,2,D_2
581302,Robin Koch,Eintracht Frankfurt,Germany Bundesliga,23/24,D,1,D_1
842364,Joakim Maehle,VfL Wolfsburg,Germany Bundesliga,23/24,D,2,D_2
976421,Castello Lukeba,RB Leipzig,Germany Bundesliga,23/24,D,1,D_1
137673,Ivan Ordets,VfL Bochum 1848,Germany Bundesliga,23/24,D,3,D_3
855663,Diogo Leite,1. FC Union Berlin,Germany Bundesliga,23/24,D,3,D_3
355088,Roland Sallai,SC Freiburg,Germany Bundesliga,23/24,D,2,D_2
103442,Anthony Jung,SV Werder Bremen,Germany Bundesliga,23/24,D,1,D_1
48660,Kevin Vogt,1. FC Union Berlin,Germany Bundesliga,23/24,D,3,D_3
142672,Philipp Max,Eintracht Frankfurt,Germany Bundesliga,23/24,D,0,D_0
142525,Lukas Kübler,SC Freiburg,Germany Bundesliga,23/24,D,3,D_3
319853,Lukas Klostermann,RB Leipzig,Germany Bundesliga,23/24,D,1,D_1
227224,Milos Veljkovic,SV Werder Bremen,Germany Bundesliga,23/24,D,3,D_3
856553,Ridle Baku,VfL Wolfsburg,Germany Bundesliga,23/24,D,2,D_2
906278,Josha Vagnoman,VfB Stuttgart,Germany Bundesliga,23/24,D,2,D_2
229544,Niklas Stark,SV Werder Bremen,Germany Bundesliga,23/24,D,3,D_3
941179,Niels Nkounkou,Eintracht Frankfurt,Germany Bundesliga,23/24,D,2,D_2
1146250,Max Finkgräfe,1. FC Köln,Germany Bundesliga,23/24,D,2,D_2
152206,Dominik Kohr,1. FSV Mainz 05,Germany Bundesliga,23/24,D,0,D_0
132149,John Brooks,TSG Hoffenheim,Germany Bundesliga,23/24,D,3,D_3
142231,Christian Günter,SC Freiburg,Germany Bundesliga,23/24,D,2,D_2
933398,Felix Agu,SV Werder Bremen,Germany Bundesliga,23/24,D,0,D_0
187423,Kevin Akpoguma,TSG Hoffenheim,Germany Bundesliga,23/24,D,3,D_3
130433,Robin Knoche,1. FC Union Berlin,Germany Bundesliga,23/24,D,3,D_3
991479,Anthony Rouault,VfB Stuttgart,Germany Bundesliga,23/24,D,1,D_1
979144,Luca Netz,Borussia M'gladbach,Germany Bundesliga,23/24,D,0,D_0
809219,Mads Pedersen,FC Augsburg,Germany Bundesliga,23/24,D,0,D_0
960114,Olivier Deman,SV Werder Bremen,Germany Bundesliga,23/24,D,2,D_2
798936,Benedikt Gimber,1. FC Heidenheim,Germany Bundesliga,23/24,D,3,D_3
920525,Moritz Jenz,VfL Wolfsburg,Germany Bundesliga,23/24,D,3,D_3
71952,Manuel Gulde,SC Freiburg,Germany Bundesliga,23/24,D,3,D_3
796032,Emir Karic,Darmstadt 98,Germany Bundesliga,23/24,D,0,D_0
15004,Norman Theuerkauf,1. FC Heidenheim,Germany Bundesliga,23/24,D,0,D_0
794294,Andreas Hanche-Olsen,1. FSV Mainz 05,Germany Bundesliga,23/24,D,3,D_3
39718,Fabian Holland,Darmstadt 98,Germany Bundesliga,23/24,D,0,D_0
227900,Kevin Mbabu,FC Augsburg,Germany Bundesliga,23/24,D,0,D_0
1014222,Kiliann Sildillia,SC Freiburg,Germany Bundesliga,23/24,D,0,D_0
826167,Sebastiaan Bornauw,VfL Wolfsburg,Germany Bundesliga,23/24,D,3,D_3
357752,Aurélio Buta,Eintracht Frankfurt,Germany Bundesliga,23/24,D,0,D_0
798926,Cédric Zesiger,VfL Wolfsburg,Germany Bundesliga,23/24,D,3,D_3
147775,Benno Schmitz,1. FC Köln,Germany Bundesliga,23/24,D,0,D_0
865554,Christoph Klarer,Darmstadt 98,Germany Bundesliga,23/24,D,3,D_3
311676,Jonas Föhrenbach,1. FC Heidenheim,Germany Bundesliga,23/24,D,0,D_0
151581,Leart Paçarada,1. FC Köln,Germany Bundesliga,23/24,D,2,D_2
142568,Christoph Zimmermann,Darmstadt 98,Germany Bundesliga,23/24,D,3,D_3
1131339,Jordy Makengo,SC Freiburg,Germany Bundesliga,23/24,D,0,D_0
254449,Marvin Friedrich,Borussia M'gladbach,Germany Bundesliga,23/24,D,3,D_3
988252,Tim Siersleben,1. FC Heidenheim,Germany Bundesliga,23/24,D,3,D_3
1002920,Joe Scally,Borussia M'gladbach,Germany Bundesliga,23/24,D,0,D_0
830551,Rogério,VfL Wolfsburg,Germany Bundesliga,23/24,D,0,D_0
920022,Omar Traoré,1. FC Heidenheim,Germany Bundesliga,23/24,D,0,D_0
833213,Erhan Masovic,VfL Bochum 1848,Germany Bundesliga,23/24,D,0,D_0
117794,Cristian Gamboa,VfL Bochum 1848,Germany Bundesliga,23/24,D,0,D_0
169249,Jannik Müller,Darmstadt 98,Germany Bundesliga,23/24,D,3,D_3
1082797,Matej Maglica,Darmstadt 98,Germany Bundesliga,23/24,D,3,D_3
880742,Bartol Franjic,Darmstadt 98,Germany Bundesliga,23/24,D,0,D_0
788949,Maximilian Mittelstädt,VfB Stuttgart,Germany Bundesliga,24/25,D,2,D_2
798583,Dayot Upamecano,FC Bayern München,Germany Bundesliga,24/25,D,1,D_1
246999,Raphaël Guerreiro,FC Bayern München,Germany Bundesliga,24/25,D,2,D_2
136924,Willi Orbán,RB Leipzig,Germany Bundesliga,24/25,D,1,D_1
843665,Alphonso Davies,FC Bayern München,Germany Bundesliga,24/25,D,2,D_2
799046,Waldemar Anton,Borussia Dortmund,Germany Bundesliga,24/25,D,1,D_1
1159759,Nathaniel Brown,Eintracht Frankfurt,Germany Bundesliga,24/25,D,2,D_2
856076,David Raum,RB Leipzig,Germany Bundesliga,24/25,D,2,D_2
293127,Denis Vavro,VfL Wolfsburg,Germany Bundesliga,24/25,D,1,D_1
855663,Diogo Leite,1. FC Union Berlin,Germany Bundesliga,24/25,D,3,D_3
1002837,Piero Hincapié,Bayer 04 Leverkusen,Germany Bundesliga,24/25,D,1,D_1
896569,Min-jae Kim,FC Bayern München,Germany Bundesliga,24/25,D,1,D_1
963198,Chrislain Matsima,FC Augsburg,Germany Bundesliga,24/25,D,3,D_3
920525,Moritz Jenz,1. FSV Mainz 05,Germany Bundesliga,24/25,D,3,D_3
282229,Nico Elvedi,Borussia M'gladbach,Germany Bundesliga,24/25,D,3,D_3
227672,Jonathan Tah,Bayer 04 Leverkusen,Germany Bundesliga,24/25,D,1,D_1
921789,Rasmus Nissen Kristensen,Eintracht Frankfurt,Germany Bundesliga,24/25,D,2,D_2
146853,Jeffrey Gouweleeuw,FC Augsburg,Germany Bundesliga,24/25,D,1,D_1
965778,Arthur Theate,Eintracht Frankfurt,Germany Bundesliga,24/25,D,1,D_1
581302,Robin Koch,Eintracht Frankfurt,Germany Bundesliga,24/25,D,1,D_1
152206,Dominik Kohr,1. FSV Mainz 05,Germany Bundesliga,24/25,D,3,D_3
254429,Patrick Mainka,1. FC Heidenheim,Germany Bundesliga,24/25,D,3,D_3
940871,Nico Schlotterbeck,Borussia Dortmund,Germany Bundesliga,24/25,D,1,D_1
146101,Eric Dier,FC Bayern München,Germany Bundesliga,24/25,D,1,D_1
542038,Eric Smith,FC St. Pauli,Germany Bundesliga,24/25,D,1,D_1
828571,Bernardo,VfL Bochum 1848,Germany Bundesliga,24/25,D,3,D_3
106662,Stefan Bell,1. FSV Mainz 05,Germany Bundesliga,24/25,D,3,D_3
825771,Marco Friedl,SV Werder Bremen,Germany Bundesliga,24/25,D,3,D_3
577726,Ramy Bensebaini,Borussia Dortmund,Germany Bundesliga,24/25,D,2,D_2
976421,Castello Lukeba,RB Leipzig,Germany Bundesliga,24/25,D,1,D_1
856553,Ridle Baku,RB Leipzig,Germany Bundesliga,24/25,D,2,D_2
891651,Keven Schlotterbeck,FC Augsburg,Germany Bundesliga,24/25,D,3,D_3
863271,Jeff Chabot,VfB Stuttgart,Germany Bundesliga,24/25,D,1,D_1
142259,Matthias Ginter,SC Freiburg,Germany Bundesliga,24/25,D,3,D_3
137673,Ivan Ordets,VfL Bochum 1848,Germany Bundesliga,24/25,D,3,D_3
229544,Niklas Stark,SV Werder Bremen,Germany Bundesliga,24/25,D,3,D_3
964191,Tuta,Eintracht Frankfurt,Germany Bundesliga,24/25,D,3,D_3
142525,Lukas Kübler,SC Freiburg,Germany Bundesliga,24/25,D,2,D_2
254125,Maximilian Wittek,VfL Bochum 1848,Germany Bundesliga,24/25,D,2,D_2
1048009,El Chadaille Bitshiabu,RB Leipzig,Germany Bundesliga,24/25,D,1,D_1
1142249,Frans Krätzig,1. FC Heidenheim,Germany Bundesliga,24/25,D,0,D_0
168903,Robert Andrich,Bayer 04 Leverkusen,Germany Bundesliga,24/25,D,1,D_1
253469,Hauke Wahl,FC St. Pauli,Germany Bundesliga,24/25,D,3,D_3
798926,Cédric Zesiger,FC Augsburg,Germany Bundesliga,24/25,D,3,D_3
933398,Felix Agu,SV Werder Bremen,Germany Bundesliga,24/25,D,0,D_0
355492,Konrad Laimer,FC Bayern München,Germany Bundesliga,24/25,D,2,D_2
57627,Karol Mets,FC St. Pauli,Germany Bundesliga,24/25,D,3,D_3
138156,Emre Can,Borussia Dortmund,Germany Bundesliga,24/25,D,4,D_4
319853,Lukas Klostermann,RB Leipzig,Germany Bundesliga,24/25,D,3,D_3
851254,Amos Pieper,SV Werder Bremen,Germany Bundesliga,24/25,D,3,D_3
780014,Nordi Mukiele,Bayer 04 Leverkusen,Germany Bundesliga,24/25,D,2,D_2
979820,Philipp Treu,FC St. Pauli,Germany Bundesliga,24/25,D,0,D_0
1184855,Konstantinos Koulierakis,VfL Wolfsburg,Germany Bundesliga,24/25,D,3,D_3
790989,Ko Itakura,Borussia M'gladbach,Germany Bundesliga,24/25,D,3,D_3
1086547,Leopold Querfeld,1. FC Union Berlin,Germany Bundesliga,24/25,D,3,D_3
944899,Valentin Gendrey,TSG Hoffenheim,Germany Bundesliga,24/25,D,0,D_0
319857,Benjamin Henrichs,RB Leipzig,Germany Bundesliga,24/25,D,2,D_2
883262,Edmond Tapsoba,Bayer 04 Leverkusen,Germany Bundesliga,24/25,D,1,D_1
576266,Philipp Lienhart,SC Freiburg,Germany Bundesliga,24/25,D,1,D_1
991479,Anthony Rouault,VfB Stuttgart,Germany Bundesliga,24/25,D,1,D_1
970361,Jeremie Frimpong,Bayer 04 Leverkusen,Germany Bundesliga,24/25,D,2,D_2
842364,Joakim Maehle,VfL Wolfsburg,Germany Bundesliga,24/25,D,2,D_2
187423,Kevin Akpoguma,TSG Hoffenheim,Germany Bundesliga,24/25,D,3,D_3
168937,Niklas Süle,Borussia Dortmund,Germany Bundesliga,24/25,D,1,D_1
833213,Erhan Masovic,VfL Bochum 1848,Germany Bundesliga,24/25,D,3,D_3
830803,Danilho Doekhi,1. FC Union Berlin,Germany Bundesliga,24/25,D,3,D_3
966889,David Nemeth,FC St. Pauli,Germany Bundesliga,24/25,D,3,D_3
48660,Kevin Vogt,1. FC Union Berlin,Germany Bundesliga,24/25,D,4,D_4
1048569,Nnamdi Collins,Eintracht Frankfurt,Germany Bundesliga,24/25,D,0,D_0
254449,Marvin Friedrich,Borussia M'gladbach,Germany Bundesliga,24/25,D,3,D_3
142231,Christian Günter,SC Freiburg,Germany Bundesliga,24/25,D,2,D_2
97926,Danny da Costa,1. FSV Mainz 05,Germany Bundesliga,24/25,D,3,D_3
168861,Marnon Busch,1. FC Heidenheim,Germany Bundesliga,24/25,D,0,D_0
939880,Philipp Sander,Borussia M'gladbach,Germany Bundesliga,24/25,D,0,D_0
879746,Leo Østigård,TSG Hoffenheim,Germany Bundesliga,24/25,D,3,D_3
872307,Jakov Medic,VfL Bochum 1848,Germany Bundesliga,24/25,D,3,D_3
873347,Lars Ritzka,FC St. Pauli,Germany Bundesliga,24/25,D,0,D_0
1122806,Arthur Chaves,TSG Hoffenheim,Germany Bundesliga,24/25,D,3,D_3
103442,Anthony Jung,SV Werder Bremen,Germany Bundesliga,24/25,D,3,D_3
856739,Lutsharel Geertruida,RB Leipzig,Germany Bundesliga,24/25,D,1,D_1
579260,Marco Komenda,Holstein Kiel,Germany Bundesliga,24/25,D,3,D_3
988252,Tim Siersleben,1. FC Heidenheim,Germany Bundesliga,24/25,D,3,D_3
798936,Benedikt Gimber,1. FC Heidenheim,Germany Bundesliga,24/25,D,3,D_3
916943,Ramon Hendriks,VfB Stuttgart,Germany Bundesliga,24/25,D,0,D_0
794294,Andreas Hanche-Olsen,1. FSV Mainz 05,Germany Bundesliga,24/25,D,3,D_3
887911,David Zec,Holstein Kiel,Germany Bundesliga,24/25,D,3,D_3
963073,Max Geschwill,Holstein Kiel,Germany Bundesliga,24/25,D,3,D_3
980616,Lasse Rosenboom,Holstein Kiel,Germany Bundesliga,24/25,D,0,D_0
227224,Milos Veljkovic,SV Werder Bremen,Germany Bundesliga,24/25,D,3,D_3
1131337,Max Rosenfelder,SC Freiburg,Germany Bundesliga,24/25,D,0,D_0
920022,Omar Traoré,1. FC Heidenheim,Germany Bundesliga,24/25,D,0,D_0
906278,Josha Vagnoman,VfB Stuttgart,Germany Bundesliga,24/25,D,0,D_0
1002920,Joe Scally,Borussia M'gladbach,Germany Bundesliga,24/25,D,0,D_0
995316,Kilian Fischer,VfL Wolfsburg,Germany Bundesliga,24/25,D,0,D_0
979144,Luca Netz,Borussia M'gladbach,Germany Bundesliga,24/25,D,0,D_0
1138778,Tim Oermann,VfL Bochum 1848,Germany Bundesliga,24/25,D,0,D_0
311676,Jonas Föhrenbach,1. FC Heidenheim,Germany Bundesliga,24/25,D,0,D_0
814735,Timo Becker,Holstein Kiel,Germany Bundesliga,24/25,D,3,D_3
1105869,Marko Ivezic,Holstein Kiel,Germany Bundesliga,24/25,D,3,D_3
904991,Stanley Nsoki,TSG Hoffenheim,Germany Bundesliga,24/25,D,3,D_3
1083382,Lukas Ullrich,Borussia M'gladbach,Germany Bundesliga,24/25,D,0,D_0
940871,Nico Schlotterbeck,Borussia Dortmund,Germany Bundesliga,25/26,D,1,D_1
577726,Ramy Bensebaini,Borussia Dortmund,Germany Bundesliga,25/26,D,4,D_4
856076,David Raum,RB Leipzig,Germany Bundesliga,25/26,D,2,D_2
1405212,Luka Vuskovic,Hamburger SV,Germany Bundesliga,25/26,D,4,D_4
799046,Waldemar Anton,Borussia Dortmund,Germany Bundesliga,25/26,D,1,D_1
227672,Jonathan Tah,FC Bayern München,Germany Bundesliga,25/26,D,1,D_1
896569,Min-jae Kim,FC Bayern München,Germany Bundesliga,25/26,D,1,D_1
136924,Willi Orbán,RB Leipzig,Germany Bundesliga,25/26,D,1,D_1
1006489,Loïc Badé,Bayer 04 Leverkusen,Germany Bundesliga,25/26,D,1,D_1
788949,Maximilian Mittelstädt,VfB Stuttgart,Germany Bundesliga,25/26,D,4,D_4
883262,Edmond Tapsoba,Bayer 04 Leverkusen,Germany Bundesliga,25/26,D,1,D_1
798583,Dayot Upamecano,FC Bayern München,Germany Bundesliga,25/26,D,1,D_1
138024,Vladimír Coufal,TSG Hoffenheim,Germany Bundesliga,25/26,D,2,D_2
863271,Jeff Chabot,VfB Stuttgart,Germany Bundesliga,25/26,D,1,D_1
976421,Castello Lukeba,RB Leipzig,Germany Bundesliga,25/26,D,1,D_1
851254,Amos Pieper,SV Werder Bremen,Germany Bundesliga,25/26,D,3,D_3
282229,Nico Elvedi,Borussia M'gladbach,Germany Bundesliga,25/26,D,3,D_3
142259,Matthias Ginter,SC Freiburg,Germany Bundesliga,25/26,D,1,D_1
1000269,Albian Hajdari,TSG Hoffenheim,Germany Bundesliga,25/26,D,1,D_1
939880,Philipp Sander,Borussia M'gladbach,Germany Bundesliga,25/26,D,1,D_1
581302,Robin Koch,Eintracht Frankfurt,Germany Bundesliga,25/26,D,1,D_1
921789,Rasmus Nissen Kristensen,Eintracht Frankfurt,Germany Bundesliga,25/26,D,2,D_2
891651,Keven Schlotterbeck,FC Augsburg,Germany Bundesliga,25/26,D,3,D_3
583806,Kevin Diks,Borussia M'gladbach,Germany Bundesliga,25/26,D,4,D_4
355486,Stefan Posch,1. FSV Mainz 05,Germany Bundesliga,25/26,D,3,D_3
576266,Philipp Lienhart,SC Freiburg,Germany Bundesliga,25/26,D,1,D_1
1597260,Noahkai Banks,FC Augsburg,Germany Bundesliga,25/26,D,3,D_3
927407,Josip Stanisic,FC Bayern München,Germany Bundesliga,25/26,D,2,D_2
1003339,Jarell Quansah,Bayer 04 Leverkusen,Germany Bundesliga,25/26,D,1,D_1
825771,Marco Friedl,SV Werder Bremen,Germany Bundesliga,25/26,D,1,D_1
857740,Ozan Kabak,TSG Hoffenheim,Germany Bundesliga,25/26,D,1,D_1
1864760,Hennes Behrens,1. FC Heidenheim,Germany Bundesliga,25/26,D,2,D_2
960114,Olivier Deman,SV Werder Bremen,Germany Bundesliga,25/26,D,2,D_2
1086547,Leopold Querfeld,1. FC Union Berlin,Germany Bundesliga,25/26,D,4,D_4
856553,Ridle Baku,RB Leipzig,Germany Bundesliga,25/26,D,2,D_2
828571,Bernardo,TSG Hoffenheim,Germany Bundesliga,25/26,D,3,D_3
542038,Eric Smith,FC St. Pauli,Germany Bundesliga,25/26,D,1,D_1
254429,Patrick Mainka,1. FC Heidenheim,Germany Bundesliga,25/26,D,3,D_3
97926,Danny da Costa,1. FSV Mainz 05,Germany Bundesliga,25/26,D,0,D_0
168903,Robert Andrich,Bayer 04 Leverkusen,Germany Bundesliga,25/26,D,1,D_1
1127823,Luca Jaquez,VfB Stuttgart,Germany Bundesliga,25/26,D,1,D_1
873106,Hiroki Ito,FC Bayern München,Germany Bundesliga,25/26,D,1,D_1
355492,Konrad Laimer,FC Bayern München,Germany Bundesliga,25/26,D,2,D_2
963198,Chrislain Matsima,FC Augsburg,Germany Bundesliga,25/26,D,3,D_3
1122806,Arthur Chaves,FC Augsburg,Germany Bundesliga,25/26,D,3,D_3
1159759,Nathaniel Brown,Eintracht Frankfurt,Germany Bundesliga,25/26,D,0,D_0
152206,Dominik Kohr,1. FSV Mainz 05,Germany Bundesliga,25/26,D,3,D_3
168861,Marnon Busch,1. FC Heidenheim,Germany Bundesliga,25/26,D,0,D_0
1548910,Kacper Potulski,1. FSV Mainz 05,Germany Bundesliga,25/26,D,3,D_3
965778,Arthur Theate,Eintracht Frankfurt,Germany Bundesliga,25/26,D,1,D_1
801003,Jordan Torunarigha,Hamburger SV,Germany Bundesliga,25/26,D,3,D_3
855663,Diogo Leite,1. FC Union Berlin,Germany Bundesliga,25/26,D,3,D_3
979144,Luca Netz,Borussia M'gladbach,Germany Bundesliga,25/26,D,0,D_0
253469,Hauke Wahl,FC St. Pauli,Germany Bundesliga,25/26,D,3,D_3
830803,Danilho Doekhi,1. FC Union Berlin,Germany Bundesliga,25/26,D,3,D_3
973564,Nicolás Capaldo,Hamburger SV,Germany Bundesliga,25/26,D,0,D_0
916943,Ramon Hendriks,VfB Stuttgart,Germany Bundesliga,25/26,D,3,D_3
252343,Adam Dzwigala,FC St. Pauli,Germany Bundesliga,25/26,D,3,D_3
1418649,Finn Jeltsch,VfB Stuttgart,Germany Bundesliga,25/26,D,3,D_3
1184855,Konstantinos Koulierakis,VfL Wolfsburg,Germany Bundesliga,25/26,D,3,D_3
957615,Robin Hranac,TSG Hoffenheim,Germany Bundesliga,25/26,D,3,D_3
293127,Denis Vavro,VfL Wolfsburg,Germany Bundesliga,25/26,D,3,D_3
1125024,Tomoya Ando,FC St. Pauli,Germany Bundesliga,25/26,D,3,D_3
798926,Cédric Zesiger,FC Augsburg,Germany Bundesliga,25/26,D,3,D_3
1048569,Nnamdi Collins,Eintracht Frankfurt,Germany Bundesliga,25/26,D,0,D_0
842364,Joakim Maehle,VfL Wolfsburg,Germany Bundesliga,25/26,D,2,D_2
106662,Stefan Bell,1. FSV Mainz 05,Germany Bundesliga,25/26,D,3,D_3
999276,Aurèle Amenda,Eintracht Frankfurt,Germany Bundesliga,25/26,D,1,D_1
979820,Philipp Treu,SC Freiburg,Germany Bundesliga,25/26,D,0,D_0
963043,Kristoffer Lund,1. FC Köln,Germany Bundesliga,25/26,D,0,D_0
142525,Lukas Kübler,SC Freiburg,Germany Bundesliga,25/26,D,0,D_0
999030,Warmed Omari,Hamburger SV,Germany Bundesliga,25/26,D,3,D_3
1035752,Giorgi Gocholeishvili,Hamburger SV,Germany Bundesliga,25/26,D,2,D_2
1596573,Bruno Ogbus,SC Freiburg,Germany Bundesliga,25/26,D,3,D_3
1002920,Joe Scally,Borussia M'gladbach,Germany Bundesliga,25/26,D,0,D_0
953097,Cenk Özkacar,1. FC Köln,Germany Bundesliga,25/26,D,3,D_3
920525,Moritz Jenz,VfL Wolfsburg,Germany Bundesliga,25/26,D,3,D_3
1014493,Rav van den Berg,1. FC Köln,Germany Bundesliga,25/26,D,3,D_3
1173172,Jeanuël Belocian,VfL Wolfsburg,Germany Bundesliga,25/26,D,0,D_0
311676,Jonas Föhrenbach,1. FC Heidenheim,Germany Bundesliga,25/26,D,0,D_0
1131339,Jordy Makengo,SC Freiburg,Germany Bundesliga,25/26,D,0,D_0
873347,Lars Ritzka,FC St. Pauli,Germany Bundesliga,25/26,D,0,D_0
57627,Karol Mets,FC St. Pauli,Germany Bundesliga,25/26,D,3,D_3
1127788,Aaron Zehnter,VfL Wolfsburg,Germany Bundesliga,25/26,D,0,D_0
142231,Christian Günter,SC Freiburg,Germany Bundesliga,25/26,D,0,D_0
988252,Tim Siersleben,1. FC Heidenheim,Germany Bundesliga,25/26,D,3,D_3
945532,Daniel Elfadli,Hamburger SV,Germany Bundesliga,25/26,D,3,D_3
1009334,Lorenz Assignon,VfB Stuttgart,Germany Bundesliga,25/26,D,0,D_0
905347,Yukinari Sugawara,SV Werder Bremen,Germany Bundesliga,25/26,D,0,D_0
1155226,Saël Kumbedi,VfL Wolfsburg,Germany Bundesliga,25/26,D,0,D_0
1083382,Lukas Ullrich,Borussia M'gladbach,Germany Bundesliga,25/26,D,0,D_0
1797852,Karim Coulibaly,SV Werder Bremen,Germany Bundesliga,25/26,D,3,D_3
906278,Josha Vagnoman,VfB Stuttgart,Germany Bundesliga,25/26,D,0,D_0
798936,Benedikt Gimber,1. FC Heidenheim,Germany Bundesliga,25/26,D,3,D_3
920022,Omar Traoré,1. FC Heidenheim,Germany Bundesliga,25/26,D,0,D_0
1020206,Sebastian Sebulonsen,1. FC Köln,Germany Bundesliga,25/26,D,0,D_0
965950,Joël Schmied,1. FC Köln,Germany Bundesliga,25/26,D,3,D_3
826188,Alessandro Bastoni,Inter,Italy Serie A,23/24,D,1,D_1
124992,Danilo,Juventus,Italy Serie A,23/24,D,1,D_1
787505,Benjamin Pavard,Inter,Italy Serie A,23/24,D,1,D_1
153257,Giovanni Di Lorenzo,SSC Napoli,Italy Serie A,23/24,D,2,D_2
957602,Riccardo Calafiori,Bologna,Italy Serie A,23/24,D,1,D_1
788027,Theo Hernández,AC Milan,Italy Serie A,23/24,D,4,D_4
126816,Francesco Acerbi,Inter,Italy Serie A,23/24,D,1,D_1
885197,Bremer,Juventus,Italy Serie A,23/24,D,1,D_1
870263,Alessandro Buongiorno,Torino,Italy Serie A,23/24,D,3,D_3
906275,Yann Bisseck,Inter,Italy Serie A,23/24,D,1,D_1
818481,Jhon Lucumí,Bologna,Italy Serie A,23/24,D,1,D_1
795297,Lucas Martínez Quarta,Fiorentina,Italy Serie A,23/24,D,1,D_1
805078,Mathías Olivera,SSC Napoli,Italy Serie A,23/24,D,0,D_0
122848,Cristiano Biraghi,Fiorentina,Italy Serie A,23/24,D,2,D_2
332155,Amir Rrahmani,SSC Napoli,Italy Serie A,23/24,D,1,D_1
965828,Mario Gila,Lazio,Italy Serie A,23/24,D,1,D_1
889785,Johan Vásquez,Genoa,Italy Serie A,23/24,D,3,D_3
870211,Alberto Dossena,Cagliari,Italy Serie A,23/24,D,3,D_3
1137431,Michael Kayode,Fiorentina,Italy Serie A,23/24,D,0,D_0
152420,Alessandro Florenzi,AC Milan,Italy Serie A,23/24,D,2,D_2
91046,Stefan de Vrij,Inter,Italy Serie A,23/24,D,1,D_1
788255,Fikayo Tomori,AC Milan,Italy Serie A,23/24,D,1,D_1
1128063,Federico Gatti,Juventus,Italy Serie A,23/24,D,1,D_1
1012176,Giorgio Scalvini,Atalanta,Italy Serie A,23/24,D,0,D_0
151003,Berat Djimsiti,Atalanta,Italy Serie A,23/24,D,3,D_3
886930,Jaka Bijol,Udinese,Italy Serie A,23/24,D,3,D_3
913401,Nehuén Pérez,Udinese,Italy Serie A,23/24,D,3,D_3
611210,Gianluca Mancini,AS Roma,Italy Serie A,23/24,D,1,D_1
997103,Radu Drăgușin,Genoa,Italy Serie A,23/24,D,3,D_3
970978,Andrea Carboni,Monza,Italy Serie A,23/24,D,1,D_1
972886,Fabiano Parisi,Fiorentina,Italy Serie A,23/24,D,2,D_2
812829,Giangiacomo Magnani,Hellas Verona,Italy Serie A,23/24,D,3,D_3
217784,Patric,Lazio,Italy Serie A,23/24,D,1,D_1
227864,Alessio Romagnoli,Lazio,Italy Serie A,23/24,D,1,D_1
929199,Carlos Augusto,Inter,Italy Serie A,23/24,D,2,D_2
826195,Matteo Gabbia,AC Milan,Italy Serie A,23/24,D,1,D_1
355486,Stefan Posch,Bologna,Italy Serie A,23/24,D,1,D_1
848287,Evan Ndicka,AS Roma,Italy Serie A,23/24,D,1,D_1
305278,Diego Llorente,AS Roma,Italy Serie A,23/24,D,1,D_1
67769,Ricardo Rodríguez,Torino,Italy Serie A,23/24,D,1,D_1
363792,Rick Karsdorp,AS Roma,Italy Serie A,23/24,D,0,D_0
879746,Leo Østigård,SSC Napoli,Italy Serie A,23/24,D,1,D_1
807295,Alessandro Vogliacco,Genoa,Italy Serie A,23/24,D,3,D_3
208988,Pablo Marí,Monza,Italy Serie A,23/24,D,3,D_3
1092409,Victor Kristiansen,Bologna,Italy Serie A,23/24,D,0,D_0
352736,Sebastiano Luperto,Empoli,Italy Serie A,23/24,D,3,D_3
847467,Marin Pongracic,Lecce,Italy Serie A,23/24,D,3,D_3
928104,Nadir Zortea,Frosinone,Italy Serie A,23/24,D,2,D_2
944899,Valentin Gendrey,Lecce,Italy Serie A,23/24,D,0,D_0
139273,Daniele Rugani,Juventus,Italy Serie A,23/24,D,1,D_1
165583,Armando Izzo,Monza,Italy Serie A,23/24,D,1,D_1
99546,Mário Rui,SSC Napoli,Italy Serie A,23/24,D,2,D_2
108484,Juan Jesus,SSC Napoli,Italy Serie A,23/24,D,1,D_1
886243,Sebastian Walukiewicz,Empoli,Italy Serie A,23/24,D,3,D_3
318607,Davide Calabria,AC Milan,Italy Serie A,23/24,D,0,D_0
965264,Emil Holm,Atalanta,Italy Serie A,23/24,D,2,D_2
21535,Simon Kjaer,AC Milan,Italy Serie A,23/24,D,1,D_1
965011,Matteo Ruggeri,Atalanta,Italy Serie A,23/24,D,0,D_0
836168,Nikola Milenković,Fiorentina,Italy Serie A,23/24,D,3,D_3
988037,Juan Cabal,Hellas Verona,Italy Serie A,23/24,D,0,D_0
1050692,Diego Coppola,Hellas Verona,Italy Serie A,23/24,D,3,D_3
250547,Mattia Bani,Genoa,Italy Serie A,23/24,D,3,D_3
111487,Simone Romagnoli,Frosinone,Italy Serie A,23/24,D,3,D_3
840414,Ardian Ismajli,Empoli,Italy Serie A,23/24,D,3,D_3
107936,Danilo D'Ambrosio,Monza,Italy Serie A,23/24,D,1,D_1
76178,Danilo D'Ambrosio,Monza,Italy Serie A,23/24,D,1,D_1
139235,Adrien Tamèze,Torino,Italy Serie A,23/24,D,0,D_0
148899,Leonardo Spinazzola,AS Roma,Italy Serie A,23/24,D,2,D_2
798147,Mërgim Vojvoda,Torino,Italy Serie A,23/24,D,0,D_0
1063373,Thomas Kristensen,Udinese,Italy Serie A,23/24,D,3,D_3
360396,Yerry Mina,Cagliari,Italy Serie A,23/24,D,4,D_4
32040,Davide Faraoni,Fiorentina,Italy Serie A,23/24,D,0,D_0
142148,Sead Kolasinac,Atalanta,Italy Serie A,23/24,D,0,D_0
273405,Manuel Lazzari,Lazio,Italy Serie A,23/24,D,0,D_0
893998,Luca Ranieri,Fiorentina,Italy Serie A,23/24,D,1,D_1
945616,Antonino Gallo,Lecce,Italy Serie A,23/24,D,0,D_0
19352,Matteo Darmian,Inter,Italy Serie A,23/24,D,0,D_0
27569,Federico Fazio,Salernitana,Italy Serie A,23/24,D,3,D_3
898815,Sam Beukema,Bologna,Italy Serie A,23/24,D,1,D_1
1001828,Koni De Winter,Genoa,Italy Serie A,23/24,D,3,D_3
967722,Caleb Okoli,Frosinone,Italy Serie A,23/24,D,3,D_3
1009363,Ilario Monterisi,Frosinone,Italy Serie A,23/24,D,3,D_3
862697,Nicolò Casale,Lazio,Italy Serie A,23/24,D,3,D_3
1014286,Malick Thiaw,AC Milan,Italy Serie A,23/24,D,3,D_3
875295,Matías Viña,Sassuolo,Italy Serie A,23/24,D,0,D_0
921789,Rasmus Nissen Kristensen,AS Roma,Italy Serie A,23/24,D,0,D_0
98212,Charalampos Lykogiannis,Bologna,Italy Serie A,23/24,D,2,D_2
1015287,Natan,SSC Napoli,Italy Serie A,23/24,D,3,D_3
267619,Adam Marusic,Lazio,Italy Serie A,23/24,D,0,D_0
170887,Gian Marco Ferrari,Sassuolo,Italy Serie A,23/24,D,3,D_3
356352,Hans Hateboer,Atalanta,Italy Serie A,23/24,D,0,D_0
1157713,Isak Hien,Atalanta,Italy Serie A,23/24,D,3,D_3
377302,Georgios Kyriakopoulos,Monza,Italy Serie A,23/24,D,2,D_2
100565,Luca Caldirola,Monza,Italy Serie A,23/24,D,3,D_3
965014,Lorenzo Pirola,Salernitana,Italy Serie A,23/24,D,3,D_3
789234,Martin Erlić,Sassuolo,Italy Serie A,23/24,D,3,D_3
1106257,Anthony Oyono,Frosinone,Italy Serie A,23/24,D,0,D_0
1034303,Filippo Terracciano,AC Milan,Italy Serie A,23/24,D,0,D_0
976401,João Ferreira,Udinese,Italy Serie A,23/24,D,0,D_0
259995,Adam Masina,Torino,Italy Serie A,23/24,D,3,D_3
786175,Federico Baschirotto,Lecce,Italy Serie A,23/24,D,3,D_3
580512,Tyronne Ebuehi,Empoli,Italy Serie A,23/24,D,0,D_0
295133,Edoardo Goldaniga,Cagliari,Italy Serie A,23/24,D,3,D_3
844480,Pol Lirola,Frosinone,Italy Serie A,23/24,D,0,D_0
109461,Bartosz Bereszyński,Empoli,Italy Serie A,23/24,D,0,D_0
927304,Gabriele Zappa,Cagliari,Italy Serie A,23/24,D,0,D_0
149606,Jeremy Toljan,Sassuolo,Italy Serie A,23/24,D,0,D_0
983059,Festy Ebosele,Udinese,Italy Serie A,23/24,D,0,D_0
286087,Mateusz Wieteska,Cagliari,Italy Serie A,23/24,D,3,D_3
136322,Elseid Hysaj,Lazio,Italy Serie A,23/24,D,0,D_0
792311,Riccardo Marchizza,Frosinone,Italy Serie A,23/24,D,0,D_0
1009268,Mattia Viti,Sassuolo,Italy Serie A,23/24,D,3,D_3
82943,Rafael Tolói,Atalanta,Italy Serie A,23/24,D,0,D_0
224456,Norbert Gyömbér,Salernitana,Italy Serie A,23/24,D,3,D_3
989276,Josh Doig,Sassuolo,Italy Serie A,23/24,D,0,D_0
982601,Matteo Lovato,Torino,Italy Serie A,23/24,D,3,D_3
964153,Adam Obert,Cagliari,Italy Serie A,23/24,D,0,D_0
914487,Ruan,Sassuolo,Italy Serie A,23/24,D,3,D_3
332155,Amir Rrahmani,SSC Napoli,Italy Serie A,24/25,D,1,D_1
892979,Oumar Solet,Udinese,Italy Serie A,24/25,D,1,D_1
826188,Alessandro Bastoni,Inter,Italy Serie A,24/25,D,1,D_1
1087359,Renato Veiga,Juventus,Italy Serie A,24/25,D,3,D_3
788027,Theo Hernández,AC Milan,Italy Serie A,24/25,D,2,D_2
153257,Giovanni Di Lorenzo,SSC Napoli,Italy Serie A,24/25,D,0,D_0
870263,Alessandro Buongiorno,SSC Napoli,Italy Serie A,24/25,D,1,D_1
855829,Juan Miranda,Bologna,Italy Serie A,24/25,D,2,D_2
1090374,Gaspar,Lecce,Italy Serie A,24/25,D,3,D_3
151003,Berat Djimsiti,Atalanta,Italy Serie A,24/25,D,1,D_1
126816,Francesco Acerbi,Inter,Italy Serie A,24/25,D,1,D_1
889785,Johan Vásquez,Genoa,Italy Serie A,24/25,D,3,D_3
360396,Yerry Mina,Cagliari,Italy Serie A,24/25,D,3,D_3
965893,Strahinja Pavlović,AC Milan,Italy Serie A,24/25,D,1,D_1
856123,Emerson Royal,AC Milan,Italy Serie A,24/25,D,0,D_0
377118,Robin Gosens,Fiorentina,Italy Serie A,24/25,D,2,D_2
16632,Mats Hummels,AS Roma,Italy Serie A,24/25,D,3,D_3
91046,Stefan de Vrij,Inter,Italy Serie A,24/25,D,1,D_1
1116570,Nicolás Valentini,Hellas Verona,Italy Serie A,24/25,D,3,D_3
848287,Evan Ndicka,AS Roma,Italy Serie A,24/25,D,1,D_1
965828,Mario Gila,Lazio,Italy Serie A,24/25,D,1,D_1
805078,Mathías Olivera,SSC Napoli,Italy Serie A,24/25,D,0,D_0
826195,Matteo Gabbia,AC Milan,Italy Serie A,24/25,D,1,D_1
787505,Benjamin Pavard,Inter,Italy Serie A,24/25,D,1,D_1
226974,Marc Oliver Kempf,Como,Italy Serie A,24/25,D,3,D_3
208988,Pablo Marí,Fiorentina,Italy Serie A,24/25,D,3,D_3
840414,Ardian Ismajli,Empoli,Italy Serie A,24/25,D,3,D_3
898815,Sam Beukema,Bologna,Italy Serie A,24/25,D,1,D_1
944973,Nuno Tavares,Lazio,Italy Serie A,24/25,D,2,D_2
929199,Carlos Augusto,Inter,Italy Serie A,24/25,D,1,D_1
611210,Gianluca Mancini,AS Roma,Italy Serie A,24/25,D,1,D_1
1128063,Federico Gatti,Juventus,Italy Serie A,24/25,D,1,D_1
98212,Charalampos Lykogiannis,Bologna,Italy Serie A,24/25,D,2,D_2
122848,Cristiano Biraghi,Torino,Italy Serie A,24/25,D,2,D_2
142148,Sead Kolasinac,Atalanta,Italy Serie A,24/25,D,0,D_0
58351,Christian Kabasele,Udinese,Italy Serie A,24/25,D,3,D_3
928103,Enrico Delprato,Parma,Italy Serie A,24/25,D,3,D_3
965330,Pierre Kalulu,Juventus,Italy Serie A,24/25,D,1,D_1
1089453,Saúl Coco,Torino,Italy Serie A,24/25,D,3,D_3
893998,Luca Ranieri,Fiorentina,Italy Serie A,24/25,D,3,D_3
1014286,Malick Thiaw,AC Milan,Italy Serie A,24/25,D,1,D_1
906275,Yann Bisseck,Inter,Italy Serie A,24/25,D,1,D_1
965264,Emil Holm,Bologna,Italy Serie A,24/25,D,2,D_2
893008,Zeki Çelik,AS Roma,Italy Serie A,24/25,D,0,D_0
965011,Matteo Ruggeri,Atalanta,Italy Serie A,24/25,D,0,D_0
892430,Fali Candé,Venezia,Italy Serie A,24/25,D,3,D_3
227864,Alessio Romagnoli,Lazio,Italy Serie A,24/25,D,3,D_3
945616,Antonino Gallo,Lecce,Italy Serie A,24/25,D,0,D_0
818481,Jhon Lucumí,Bologna,Italy Serie A,24/25,D,1,D_1
786175,Federico Baschirotto,Lecce,Italy Serie A,24/25,D,3,D_3
886930,Jaka Bijol,Udinese,Italy Serie A,24/25,D,3,D_3
826186,Luca Pellegrini,Lazio,Italy Serie A,24/25,D,2,D_2
1384847,Daniele Ghilardi,Hellas Verona,Italy Serie A,24/25,D,3,D_3
1050692,Diego Coppola,Hellas Verona,Italy Serie A,24/25,D,3,D_3
259995,Adam Masina,Torino,Italy Serie A,24/25,D,3,D_3
989186,Ignace Van der Brempt,Como,Italy Serie A,24/25,D,0,D_0
1157713,Isak Hien,Atalanta,Italy Serie A,24/25,D,3,D_3
108484,Juan Jesus,SSC Napoli,Italy Serie A,24/25,D,1,D_1
788255,Fikayo Tomori,AC Milan,Italy Serie A,24/25,D,3,D_3
339909,Guillermo Maripán,Torino,Italy Serie A,24/25,D,3,D_3
377302,Georgios Kyriakopoulos,Monza,Italy Serie A,24/25,D,0,D_0
1009268,Mattia Viti,Empoli,Italy Serie A,24/25,D,3,D_3
372430,Frédéric Guilbert,Lecce,Italy Serie A,24/25,D,0,D_0
888340,Michael Svoboda,Venezia,Italy Serie A,24/25,D,3,D_3
1210848,Pietro Comuzzo,Fiorentina,Italy Serie A,24/25,D,3,D_3
798147,Mërgim Vojvoda,Como,Italy Serie A,24/25,D,0,D_0
148899,Leonardo Spinazzola,SSC Napoli,Italy Serie A,24/25,D,2,D_2
865167,Lloyd Kelly,Juventus,Italy Serie A,24/25,D,3,D_3
1184308,Álex Jiménez,AC Milan,Italy Serie A,24/25,D,2,D_2
165583,Armando Izzo,Monza,Italy Serie A,24/25,D,3,D_3
250547,Mattia Bani,Genoa,Italy Serie A,24/25,D,3,D_3
273405,Manuel Lazzari,Lazio,Italy Serie A,24/25,D,0,D_0
352736,Sebastiano Luperto,Cagliari,Italy Serie A,24/25,D,3,D_3
318607,Davide Calabria,Bologna,Italy Serie A,24/25,D,0,D_0
19352,Matteo Darmian,Inter,Italy Serie A,24/25,D,0,D_0
983510,Botond Balogh,Parma,Italy Serie A,24/25,D,3,D_3
1010220,Nicolò Savona,Juventus,Italy Serie A,24/25,D,0,D_0
355486,Stefan Posch,Atalanta,Italy Serie A,24/25,D,0,D_0
933641,Jay Idzes,Venezia,Italy Serie A,24/25,D,3,D_3
1142238,Álex Valle,Como,Italy Serie A,24/25,D,0,D_0
870211,Alberto Dossena,Como,Italy Serie A,24/25,D,3,D_3
1001828,Koni De Winter,Genoa,Italy Serie A,24/25,D,3,D_3
927304,Gabriele Zappa,Cagliari,Italy Serie A,24/25,D,0,D_0
970978,Andrea Carboni,Monza,Italy Serie A,24/25,D,3,D_3
862697,Nicolò Casale,Bologna,Italy Serie A,24/25,D,3,D_3
79680,José Luis Palomino,Cagliari,Italy Serie A,24/25,D,3,D_3
958517,Lautaro Valenti,Parma,Italy Serie A,24/25,D,3,D_3
972886,Fabiano Parisi,Fiorentina,Italy Serie A,24/25,D,2,D_2
14718,Lorenzo De Silvestri,Bologna,Italy Serie A,24/25,D,0,D_0
1165371,Luca Marianucci,Empoli,Italy Serie A,24/25,D,3,D_3
267619,Adam Marusic,Lazio,Italy Serie A,24/25,D,0,D_0
822485,Marin Šverko,Venezia,Italy Serie A,24/25,D,3,D_3
807295,Alessandro Vogliacco,Parma,Italy Serie A,24/25,D,3,D_3
847467,Marin Pongracic,Fiorentina,Italy Serie A,24/25,D,3,D_3
295133,Edoardo Goldaniga,Como,Italy Serie A,24/25,D,3,D_3
886243,Sebastian Walukiewicz,Torino,Italy Serie A,24/25,D,0,D_0
1063373,Thomas Kristensen,Udinese,Italy Serie A,24/25,D,3,D_3
229740,Alberto Moreno,Como,Italy Serie A,24/25,D,0,D_0
973437,Odilon Kossounou,Atalanta,Italy Serie A,24/25,D,3,D_3
1473137,Giovanni Leoni,Parma,Italy Serie A,24/25,D,3,D_3
964153,Adam Obert,Cagliari,Italy Serie A,24/25,D,0,D_0
812829,Giangiacomo Magnani,Hellas Verona,Italy Serie A,24/25,D,3,D_3
107936,Danilo D'Ambrosio,Monza,Italy Serie A,24/25,D,3,D_3
1392819,Gaby Jean,Lecce,Italy Serie A,24/25,D,3,D_3
928104,Nadir Zortea,Cagliari,Italy Serie A,24/25,D,2,D_2
1177401,Alan Matturro,Genoa,Italy Serie A,24/25,D,3,D_3
807291,Pedro Pereira,Monza,Italy Serie A,24/25,D,0,D_0
1126175,Saba Goglichidze,Empoli,Italy Serie A,24/25,D,3,D_3
989894,Woyo Coulibaly,Parma,Italy Serie A,24/25,D,0,D_0
901885,Flavius Daniliuc,Hellas Verona,Italy Serie A,24/25,D,0,D_0
1388438,Joël Schingtienne,Venezia,Italy Serie A,24/25,D,0,D_0
862464,Antonio Candela,Venezia,Italy Serie A,24/25,D,0,D_0
826188,Alessandro Bastoni,Inter,Italy Serie A,25/26,D,1,D_1
332155,Amir Rrahmani,SSC Napoli,Italy Serie A,25/26,D,1,D_1
965828,Mario Gila,Lazio,Italy Serie A,25/26,D,1,D_1
892979,Oumar Solet,Udinese,Italy Serie A,25/26,D,1,D_1
1403348,Jacobo Ramón,Como,Italy Serie A,25/26,D,1,D_1
906275,Yann Bisseck,Inter,Italy Serie A,25/26,D,1,D_1
383560,Manuel Akanji,Inter,Italy Serie A,25/26,D,1,D_1
1012176,Giorgio Scalvini,Atalanta,Italy Serie A,25/26,D,1,D_1
885197,Bremer,Juventus,Italy Serie A,25/26,D,1,D_1
965893,Strahinja Pavlović,AC Milan,Italy Serie A,25/26,D,1,D_1
865167,Lloyd Kelly,Juventus,Italy Serie A,25/26,D,1,D_1
611210,Gianluca Mancini,AS Roma,Italy Serie A,25/26,D,3,D_3
226974,Marc Oliver Kempf,Como,Italy Serie A,25/26,D,1,D_1
126816,Francesco Acerbi,Inter,Italy Serie A,25/26,D,1,D_1
148899,Leonardo Spinazzola,SSC Napoli,Italy Serie A,25/26,D,2,D_2
1155423,Alessandro Circati,Parma,Italy Serie A,25/26,D,3,D_3
818481,Jhon Lucumí,Bologna,Italy Serie A,25/26,D,1,D_1
855829,Juan Miranda,Bologna,Italy Serie A,25/26,D,2,D_2
227864,Alessio Romagnoli,Lazio,Italy Serie A,25/26,D,1,D_1
972886,Fabiano Parisi,Fiorentina,Italy Serie A,25/26,D,2,D_2
1516324,Mariano Troilo,Parma,Italy Serie A,25/26,D,3,D_3
360396,Yerry Mina,Cagliari,Italy Serie A,25/26,D,3,D_3
353130,Mario Hermoso,AS Roma,Italy Serie A,25/26,D,1,D_1
826195,Matteo Gabbia,AC Milan,Italy Serie A,25/26,D,3,D_3
848287,Evan Ndicka,AS Roma,Italy Serie A,25/26,D,1,D_1
1063373,Thomas Kristensen,Udinese,Italy Serie A,25/26,D,3,D_3
965330,Pierre Kalulu,Juventus,Italy Serie A,25/26,D,1,D_1
151003,Berat Djimsiti,Atalanta,Italy Serie A,25/26,D,3,D_3
840414,Ardian Ismajli,Torino,Italy Serie A,25/26,D,3,D_3
1160559,Oliver Provstgaard,Lazio,Italy Serie A,25/26,D,1,D_1
153257,Giovanni Di Lorenzo,SSC Napoli,Italy Serie A,25/26,D,1,D_1
339909,Guillermo Maripán,Torino,Italy Serie A,25/26,D,3,D_3
604232,Diego Carlos,Como,Italy Serie A,25/26,D,1,D_1
788255,Fikayo Tomori,AC Milan,Italy Serie A,25/26,D,3,D_3
929199,Carlos Augusto,Inter,Italy Serie A,25/26,D,1,D_1
1651825,Tiago Gabriel,Lecce,Italy Serie A,25/26,D,3,D_3
377118,Robin Gosens,Fiorentina,Italy Serie A,25/26,D,0,D_0
1001828,Koni De Winter,AC Milan,Italy Serie A,25/26,D,1,D_1
974581,Ivan Smolcic,Como,Italy Serie A,25/26,D,0,D_0
906963,Andrias Edmundsson,Hellas Verona,Italy Serie A,25/26,D,3,D_3
1089453,Saúl Coco,Torino,Italy Serie A,25/26,D,3,D_3
1157713,Isak Hien,Atalanta,Italy Serie A,25/26,D,3,D_3
1118177,Tarik Muharemović,Sassuolo,Italy Serie A,25/26,D,3,D_3
558320,Ulisses Garcia,Sassuolo,Italy Serie A,25/26,D,2,D_2
958517,Lautaro Valenti,Parma,Italy Serie A,25/26,D,3,D_3
229740,Alberto Moreno,Como,Italy Serie A,25/26,D,2,D_2
893998,Luca Ranieri,Fiorentina,Italy Serie A,25/26,D,3,D_3
1014287,Jamil Siebert,Lecce,Italy Serie A,25/26,D,3,D_3
944973,Nuno Tavares,Lazio,Italy Serie A,25/26,D,2,D_2
1087514,Brooke Norton-Cuffy,Genoa,Italy Serie A,25/26,D,0,D_0
964153,Adam Obert,Cagliari,Italy Serie A,25/26,D,0,D_0
908716,Miguel Gutiérrez,SSC Napoli,Italy Serie A,25/26,D,2,D_2
898815,Sam Beukema,SSC Napoli,Italy Serie A,25/26,D,1,D_1
786175,Federico Baschirotto,Cremonese,Italy Serie A,25/26,D,3,D_3
893008,Zeki Çelik,AS Roma,Italy Serie A,25/26,D,0,D_0
902031,João Mário,Bologna,Italy Serie A,25/26,D,0,D_0
1384847,Daniele Ghilardi,AS Roma,Italy Serie A,25/26,D,0,D_0
1090374,Gaspar,Lecce,Italy Serie A,25/26,D,3,D_3
58351,Christian Kabasele,Udinese,Italy Serie A,25/26,D,3,D_3
889785,Johan Vásquez,Genoa,Italy Serie A,25/26,D,3,D_3
989186,Ignace Van der Brempt,Como,Italy Serie A,25/26,D,0,D_0
945616,Antonino Gallo,Lecce,Italy Serie A,25/26,D,0,D_0
870263,Alessandro Buongiorno,SSC Napoli,Italy Serie A,25/26,D,3,D_3
1128063,Federico Gatti,Juventus,Italy Serie A,25/26,D,1,D_1
1085913,Martin Vitík,Bologna,Italy Serie A,25/26,D,3,D_3
108484,Juan Jesus,SSC Napoli,Italy Serie A,25/26,D,1,D_1
805078,Mathías Olivera,SSC Napoli,Italy Serie A,25/26,D,1,D_1
158037,Matteo Bianchetti,Cremonese,Italy Serie A,25/26,D,3,D_3
874812,Martin Frese,Hellas Verona,Italy Serie A,25/26,D,0,D_0
847467,Marin Pongracic,Fiorentina,Italy Serie A,25/26,D,3,D_3
1142238,Álex Valle,Como,Italy Serie A,25/26,D,0,D_0
928103,Enrico Delprato,Parma,Italy Serie A,25/26,D,3,D_3
1002045,Danilo Veiga,Lecce,Italy Serie A,25/26,D,0,D_0
976025,Armel Bella-Kotchap,Hellas Verona,Italy Serie A,25/26,D,3,D_3
886243,Sebastian Walukiewicz,Sassuolo,Italy Serie A,25/26,D,0,D_0
846148,Victor Nelsson,Hellas Verona,Italy Serie A,25/26,D,3,D_3
798147,Mërgim Vojvoda,Como,Italy Serie A,25/26,D,2,D_2
352736,Sebastiano Luperto,Cremonese,Italy Serie A,25/26,D,3,D_3
1034303,Filippo Terracciano,Cremonese,Italy Serie A,25/26,D,3,D_3
1136399,Nicolò Bertola,Udinese,Italy Serie A,25/26,D,0,D_0
933264,Torbjørn Heggem,Bologna,Italy Serie A,25/26,D,3,D_3
826186,Luca Pellegrini,Lazio,Italy Serie A,25/26,D,0,D_0
1485391,Juan Rodríguez,Cagliari,Italy Serie A,25/26,D,3,D_3
933641,Jay Idzes,Sassuolo,Italy Serie A,25/26,D,3,D_3
267619,Adam Marusic,Lazio,Italy Serie A,25/26,D,3,D_3
1116570,Nicolás Valentini,Hellas Verona,Italy Serie A,25/26,D,3,D_3
142148,Sead Kolasinac,Atalanta,Italy Serie A,25/26,D,0,D_0
973437,Odilon Kossounou,Atalanta,Italy Serie A,25/26,D,0,D_0
1068885,Alessandro Marcandalli,Genoa,Italy Serie A,25/26,D,3,D_3
928104,Nadir Zortea,Bologna,Italy Serie A,25/26,D,0,D_0
1210848,Pietro Comuzzo,Fiorentina,Italy Serie A,25/26,D,3,D_3
989894,Woyo Coulibaly,Sassuolo,Italy Serie A,25/26,D,0,D_0
848279,Enzo Ebosse,Torino,Italy Serie A,25/26,D,3,D_3
1634980,Honest Ahanor,Atalanta,Italy Serie A,25/26,D,3,D_3
273405,Manuel Lazzari,Lazio,Italy Serie A,25/26,D,0,D_0
911355,Simone Canestrelli,Pisa,Italy Serie A,25/26,D,3,D_3
945448,Zé Pedro,Cagliari,Italy Serie A,25/26,D,3,D_3
989276,Josh Doig,Sassuolo,Italy Serie A,25/26,D,0,D_0
116666,Antonio Caracciolo,Pisa,Italy Serie A,25/26,D,3,D_3
892521,Unai Núñez,Hellas Verona,Italy Serie A,25/26,D,3,D_3
927304,Gabriele Zappa,Cagliari,Italy Serie A,25/26,D,0,D_0
284367,Arturo Calabresi,Pisa,Italy Serie A,25/26,D,0,D_0
139235,Adrien Tamèze,Torino,Italy Serie A,25/26,D,0,D_0
1963449,Sascha Britschgi,Parma,Italy Serie A,25/26,D,0,D_0
10710,Sergio Ramos,Sevilla,Spain La Liga,23/24,D,1,D_1
138892,João Cancelo,FC Barcelona,Spain La Liga,23/24,D,2,D_2
138572,Daniel Carvajal,Real Madrid,Spain La Liga,23/24,D,2,D_2
807116,Antonio Raíllo,Mallorca,Spain La Liga,23/24,D,3,D_3
827212,Jules Koundé,FC Barcelona,Spain La Liga,23/24,D,1,D_1
876214,Eric García,Girona FC,Spain La Liga,23/24,D,1,D_1
84531,Yuri Berchiche,Athletic Club,Spain La Liga,23/24,D,2,D_2
66492,David Alaba,Real Madrid,Spain La Liga,23/24,D,1,D_1
986245,Sergi Cardona,Las Palmas,Spain La Liga,23/24,D,2,D_2
44864,Daley Blind,Girona FC,Spain La Liga,23/24,D,1,D_1
1014835,Yerson Mosquera,Villarreal,Spain La Liga,23/24,D,3,D_3
88528,Florian Lejeune,Rayo Vallecano,Spain La Liga,23/24,D,1,D_1
52663,Óscar de Marcos,Athletic Club,Spain La Liga,23/24,D,0,D_0
855829,Juan Miranda,Real Betis,Spain La Liga,23/24,D,2,D_2
925097,Ronald Araujo,FC Barcelona,Spain La Liga,23/24,D,1,D_1
908716,Miguel Gutiérrez,Girona FC,Spain La Liga,23/24,D,2,D_2
353130,Mario Hermoso,Atlético Madrid,Spain La Liga,23/24,D,1,D_1
873189,Juan Foyth,Villarreal,Spain La Liga,23/24,D,0,D_0
1006489,Loïc Badé,Sevilla,Spain La Liga,23/24,D,3,D_3
353138,Marcos Llorente,Atlético Madrid,Spain La Liga,23/24,D,2,D_2
1402913,Pau Cubarsí,FC Barcelona,Spain La Liga,23/24,D,1,D_1
978150,Julián Araujo,Las Palmas,Spain La Liga,23/24,D,0,D_0
173883,Iñigo Martínez,FC Barcelona,Spain La Liga,23/24,D,1,D_1
360718,Carl Starfelt,Celta Vigo,Spain La Liga,23/24,D,3,D_3
787751,Robin Le Normand,Real Sociedad,Spain La Liga,23/24,D,1,D_1
591136,David García,Osasuna,Spain La Liga,23/24,D,3,D_3
350560,Diego Rico,Getafe,Spain La Liga,23/24,D,2,D_2
851271,Fran García,Real Madrid,Spain La Liga,23/24,D,2,D_2
158241,Germán Pezzella,Real Betis,Spain La Liga,23/24,D,3,D_3
892521,Unai Núñez,Celta Vigo,Spain La Liga,23/24,D,3,D_3
366592,Kieran Tierney,Real Sociedad,Spain La Liga,23/24,D,0,D_0
792073,Ferland Mendy,Real Madrid,Spain La Liga,23/24,D,1,D_1
797306,Mouctar Diakhaby,Valencia,Spain La Liga,23/24,D,3,D_3
142622,Antonio Rüdiger,Real Madrid,Spain La Liga,23/24,D,1,D_1
910978,Dani Vivian,Athletic Club,Spain La Liga,23/24,D,3,D_3
227922,José Gayà,Valencia,Spain La Liga,23/24,D,0,D_0
98440,Matija Nastasić,Mallorca,Spain La Liga,23/24,D,3,D_3
362014,Hamari Traoré,Real Sociedad,Spain La Liga,23/24,D,0,D_0
578560,Marcos Acuña,Sevilla,Spain La Liga,23/24,D,2,D_2
1097719,Kike Salas,Sevilla,Spain La Liga,23/24,D,3,D_3
893062,Aitor Ruibal,Real Betis,Spain La Liga,23/24,D,2,D_2
186795,Andreas Christensen,FC Barcelona,Spain La Liga,23/24,D,1,D_1
928672,Adrià Pedrosa,Sevilla,Spain La Liga,23/24,D,2,D_2
1094106,Marc Pubill,Almería,Spain La Liga,23/24,D,0,D_0
910267,Jesús Areso,Osasuna,Spain La Liga,23/24,D,0,D_0
914848,Álex Suárez,Las Palmas,Spain La Liga,23/24,D,3,D_3
1144630,Cristhian Mosquera,Valencia,Spain La Liga,23/24,D,3,D_3
851282,Thierry Correia,Valencia,Spain La Liga,23/24,D,0,D_0
21555,César Azpilicueta,Atlético Madrid,Spain La Liga,23/24,D,0,D_0
11869,Jesús Navas,Sevilla,Spain La Liga,23/24,D,0,D_0
69404,Nacho Fernández,Real Madrid,Spain La Liga,23/24,D,1,D_1
846147,Abdul Mumin,Rayo Vallecano,Spain La Liga,23/24,D,3,D_3
984623,Rafa Marín,Deportivo Alavés,Spain La Liga,23/24,D,3,D_3
253415,Rubén Duarte,Deportivo Alavés,Spain La Liga,23/24,D,0,D_0
979146,Mika Mármol,Las Palmas,Spain La Liga,23/24,D,1,D_1
838159,Igor Zubeldia,Real Sociedad,Spain La Liga,23/24,D,3,D_3
997035,Alejandro Balde,FC Barcelona,Spain La Liga,23/24,D,0,D_0
866810,Andoni Gorosabel,Deportivo Alavés,Spain La Liga,23/24,D,0,D_0
966441,Aihen Muñoz,Real Sociedad,Spain La Liga,23/24,D,0,D_0
868715,Jorge Cuenca,Villarreal,Spain La Liga,23/24,D,3,D_3
325355,José María Giménez,Atlético Madrid,Spain La Liga,23/24,D,3,D_3
825133,Javi Galán,Real Sociedad,Spain La Liga,23/24,D,0,D_0
949707,Juan Iglesias,Getafe,Spain La Liga,23/24,D,0,D_0
349794,Fali,Cádiz,Spain La Liga,23/24,D,3,D_3
934383,Jon Pacheco,Real Sociedad,Spain La Liga,23/24,D,1,D_1
152446,Iván Balliu,Rayo Vallecano,Spain La Liga,23/24,D,0,D_0
945404,Javi López,Deportivo Alavés,Spain La Liga,23/24,D,0,D_0
1101232,Abdel Abqar,Deportivo Alavés,Spain La Liga,23/24,D,3,D_3
831799,Nahuel Molina,Atlético Madrid,Spain La Liga,23/24,D,2,D_2
3041,Raúl Albiol,Villarreal,Spain La Liga,23/24,D,3,D_3
855831,Víctor Chust,Cádiz,Spain La Liga,23/24,D,3,D_3
41013,Aridane Hernández,Rayo Vallecano,Spain La Liga,23/24,D,3,D_3
807648,Yeray Álvarez,Athletic Club,Spain La Liga,23/24,D,3,D_3
124737,Gabriel Paulista,Atlético Madrid,Spain La Liga,23/24,D,3,D_3
959872,Aitor Paredes,Athletic Club,Spain La Liga,23/24,D,3,D_3
828239,Toni Lato,Mallorca,Spain La Liga,23/24,D,0,D_0
1064218,Chadi Riad,Real Betis,Spain La Liga,23/24,D,3,D_3
2322979,Sokratis Papastathopoulos,Real Betis,Spain La Liga,23/24,D,3,D_3
984789,Manu Sánchez,Celta Vigo,Spain La Liga,23/24,D,0,D_0
53739,Kiko Femenía,Villarreal,Spain La Liga,23/24,D,0,D_0
76265,Stefan Savic,Atlético Madrid,Spain La Liga,23/24,D,3,D_3
913695,José Copete,Mallorca,Spain La Liga,23/24,D,0,D_0
229740,Alberto Moreno,Villarreal,Spain La Liga,23/24,D,2,D_2
255973,Rubén Peña,Osasuna,Spain La Liga,23/24,D,2,D_2
896073,Nahuel Tenaglia,Deportivo Alavés,Spain La Liga,23/24,D,0,D_0
934351,Miguel Rubio,Granada,Spain La Liga,23/24,D,3,D_3
300522,Martin Valjent,Mallorca,Spain La Liga,23/24,D,3,D_3
122810,Aïssa Mandi,Villarreal,Spain La Liga,23/24,D,1,D_1
900792,Alejandro Catena,Osasuna,Spain La Liga,23/24,D,3,D_3
980578,Gastón Álvarez,Getafe,Spain La Liga,23/24,D,0,D_0
590404,Giovanni González,Mallorca,Spain La Liga,23/24,D,0,D_0
800403,Iza Carcelén,Cádiz,Spain La Liga,23/24,D,0,D_0
923000,Bruno Méndez,Granada,Spain La Liga,23/24,D,3,D_3
144606,Ignasi Miquel,Granada,Spain La Liga,23/24,D,3,D_3
799195,Aleksandar Sedlar,Deportivo Alavés,Spain La Liga,23/24,D,3,D_3
788216,Pablo Maffeo,Mallorca,Spain La Liga,23/24,D,0,D_0
1010421,Pep Chavarría,Rayo Vallecano,Spain La Liga,23/24,D,2,D_2
1031658,Javi Hernández,Cádiz,Spain La Liga,23/24,D,2,D_2
1084081,Arnau Martínez,Girona FC,Spain La Liga,23/24,D,0,D_0
801837,Iñigo Lekue,Athletic Club,Spain La Liga,23/24,D,0,D_0
914522,Edgar González,Almería,Spain La Liga,23/24,D,3,D_3
344847,Johan Mojica,Osasuna,Spain La Liga,23/24,D,0,D_0
111803,Youssouf Sabaly,Real Betis,Spain La Liga,23/24,D,0,D_0
1069703,Carlos Domínguez,Celta Vigo,Spain La Liga,23/24,D,3,D_3
805137,Omar Alderete,Getafe,Spain La Liga,23/24,D,3,D_3
953097,Cenk Özkacar,Valencia,Spain La Liga,23/24,D,3,D_3
36982,Damián Suárez,Getafe,Spain La Liga,23/24,D,0,D_0
944225,Jorge Herrando,Osasuna,Spain La Liga,23/24,D,3,D_3
44577,Jaume Costa,Mallorca,Spain La Liga,23/24,D,0,D_0
1089453,Saúl Coco,Las Palmas,Spain La Liga,23/24,D,3,D_3
1136896,Lucas Pires,Cádiz,Spain La Liga,23/24,D,0,D_0
960401,Marvin Park,Las Palmas,Spain La Liga,23/24,D,0,D_0
914178,Carlos Neva,Granada,Spain La Liga,23/24,D,0,D_0
986726,Ricard Sánchez,Granada,Spain La Liga,23/24,D,0,D_0
818406,César Montes,Almería,Spain La Liga,23/24,D,3,D_3
797290,Alfonso Pedraza,Villarreal,Spain La Liga,23/24,D,2,D_2
827942,Sergio Akieme,Almería,Spain La Liga,23/24,D,0,D_0
151138,Dimitri Foulquier,Valencia,Spain La Liga,23/24,D,0,D_0
964174,Álex Centelles,Almería,Spain La Liga,23/24,D,0,D_0
913455,Chumi,Almería,Spain La Liga,23/24,D,3,D_3
1134758,Raúl Torrente,Granada,Spain La Liga,23/24,D,3,D_3
1015240,José Ángel Carmona,Getafe,Spain La Liga,23/24,D,0,D_0
352486,Iván Alejo,Cádiz,Spain La Liga,23/24,D,0,D_0
188365,Héctor Bellerín,Real Betis,Spain La Liga,23/24,D,0,D_0
576276,Domingos Duarte,Getafe,Spain La Liga,23/24,D,3,D_3
173883,Iñigo Martínez,FC Barcelona,Spain La Liga,24/25,D,1,D_1
822519,Éder Militão,Real Madrid,Spain La Liga,24/25,D,1,D_1
873189,Juan Foyth,Villarreal,Spain La Liga,24/25,D,1,D_1
827212,Jules Koundé,FC Barcelona,Spain La Liga,24/25,D,2,D_2
353138,Marcos Llorente,Atlético Madrid,Spain La Liga,24/25,D,2,D_2
910978,Dani Vivian,Athletic Club,Spain La Liga,24/25,D,1,D_1
877102,Nayef Aguerd,Real Sociedad,Spain La Liga,24/25,D,1,D_1
807116,Antonio Raíllo,Mallorca,Spain La Liga,24/25,D,3,D_3
896073,Nahuel Tenaglia,Deportivo Alavés,Spain La Liga,24/25,D,0,D_0
855835,Sergio Gómez,Real Sociedad,Spain La Liga,24/25,D,2,D_2
69408,Marcos Alonso,Celta Vigo,Spain La Liga,24/25,D,4,D_4
807648,Yeray Álvarez,Athletic Club,Spain La Liga,24/25,D,1,D_1
88528,Florian Lejeune,Rayo Vallecano,Spain La Liga,24/25,D,1,D_1
580550,Clément Lenglet,Atlético Madrid,Spain La Liga,24/25,D,1,D_1
986245,Sergi Cardona,Villarreal,Spain La Liga,24/25,D,0,D_0
900792,Alejandro Catena,Osasuna,Spain La Liga,24/25,D,3,D_3
99519,Marc Bartra,Real Betis,Spain La Liga,24/25,D,3,D_3
44864,Daley Blind,Girona FC,Spain La Liga,24/25,D,1,D_1
851271,Fran García,Real Madrid,Spain La Liga,24/25,D,0,D_0
142622,Antonio Rüdiger,Real Madrid,Spain La Liga,24/25,D,1,D_1
805137,Omar Alderete,Getafe,Spain La Liga,24/25,D,3,D_3
908716,Miguel Gutiérrez,Girona FC,Spain La Liga,24/25,D,2,D_2
305278,Diego Llorente,Real Betis,Spain La Liga,24/25,D,3,D_3
81992,Leandro Cabrera,Espanyol,Spain La Liga,24/25,D,3,D_3
325355,José María Giménez,Atlético Madrid,Spain La Liga,24/25,D,1,D_1
227922,José Gayà,Valencia,Spain La Liga,24/25,D,0,D_0
876214,Eric García,FC Barcelona,Spain La Liga,24/25,D,1,D_1
592098,Jorge Sáenz,Leganés,Spain La Liga,24/25,D,3,D_3
350560,Diego Rico,Getafe,Spain La Liga,24/25,D,0,D_0
1156645,Raúl Asencio,Real Madrid,Spain La Liga,24/25,D,3,D_3
788216,Pablo Maffeo,Mallorca,Spain La Liga,24/25,D,0,D_0
1468046,Santiago Mouriño,Deportivo Alavés,Spain La Liga,24/25,D,0,D_0
360718,Carl Starfelt,Celta Vigo,Spain La Liga,24/25,D,3,D_3
84531,Yuri Berchiche,Athletic Club,Spain La Liga,24/25,D,0,D_0
300522,Martin Valjent,Mallorca,Spain La Liga,24/25,D,3,D_3
1402913,Pau Cubarsí,FC Barcelona,Spain La Liga,24/25,D,1,D_1
965031,Andrei Rațiu,Rayo Vallecano,Spain La Liga,24/25,D,2,D_2
1097719,Kike Salas,Sevilla,Spain La Liga,24/25,D,3,D_3
41013,Aridane Hernández,Rayo Vallecano,Spain La Liga,24/25,D,3,D_3
1084081,Arnau Martínez,Girona FC,Spain La Liga,24/25,D,0,D_0
893642,Marash Kumbulla,Espanyol,Spain La Liga,24/25,D,3,D_3
1064026,Omar El Hilali,Espanyol,Spain La Liga,24/25,D,0,D_0
997035,Alejandro Balde,FC Barcelona,Spain La Liga,24/25,D,0,D_0
1466116,Jon Martín,Real Sociedad,Spain La Liga,24/25,D,3,D_3
1069703,Carlos Domínguez,Celta Vigo,Spain La Liga,24/25,D,1,D_1
1010421,Pep Chavarría,Rayo Vallecano,Spain La Liga,24/25,D,0,D_0
1396048,Carlos Romero,Espanyol,Spain La Liga,24/25,D,0,D_0
1067582,Enzo Boyomo,Osasuna,Spain La Liga,24/25,D,3,D_3
787751,Robin Le Normand,Atlético Madrid,Spain La Liga,24/25,D,3,D_3
52663,Óscar de Marcos,Athletic Club,Spain La Liga,24/25,D,0,D_0
996928,César Tárrega,Valencia,Spain La Liga,24/25,D,3,D_3
856250,Ladislav Krejci,Girona FC,Spain La Liga,24/25,D,1,D_1
846147,Abdul Mumin,Rayo Vallecano,Spain La Liga,24/25,D,3,D_3
866810,Andoni Gorosabel,Athletic Club,Spain La Liga,24/25,D,0,D_0
53739,Kiko Femenía,Villarreal,Spain La Liga,24/25,D,0,D_0
842419,Valentin Rosier,Leganés,Spain La Liga,24/25,D,0,D_0
1526627,Javi Rodríguez,Celta Vigo,Spain La Liga,24/25,D,1,D_1
1015240,José Ángel Carmona,Sevilla,Spain La Liga,24/25,D,0,D_0
913695,José Copete,Mallorca,Spain La Liga,24/25,D,3,D_3
98440,Matija Nastasić,Leganés,Spain La Liga,24/25,D,3,D_3
911853,Logan Costa,Villarreal,Spain La Liga,24/25,D,3,D_3
377234,Sergio González,Leganés,Spain La Liga,24/25,D,3,D_3
1031499,Viti Rozada,Las Palmas,Spain La Liga,24/25,D,0,D_0
1144630,Cristhian Mosquera,Valencia,Spain La Liga,24/25,D,3,D_3
949707,Juan Iglesias,Getafe,Spain La Liga,24/25,D,0,D_0
825133,Javi Galán,Atlético Madrid,Spain La Liga,24/25,D,0,D_0
1015287,Natan,Real Betis,Spain La Liga,24/25,D,3,D_3
928672,Adrià Pedrosa,Sevilla,Spain La Liga,24/25,D,0,D_0
1002347,Alejandro Francés,Girona FC,Spain La Liga,24/25,D,0,D_0
576276,Domingos Duarte,Getafe,Spain La Liga,24/25,D,3,D_3
959872,Aitor Paredes,Athletic Club,Spain La Liga,24/25,D,3,D_3
831799,Nahuel Molina,Atlético Madrid,Spain La Liga,24/25,D,0,D_0
67769,Ricardo Rodríguez,Real Betis,Spain La Liga,24/25,D,0,D_0
1116388,Jon Aramburu,Real Sociedad,Spain La Liga,24/25,D,0,D_0
1006489,Loïc Badé,Sevilla,Spain La Liga,24/25,D,3,D_3
792073,Ferland Mendy,Real Madrid,Spain La Liga,24/25,D,1,D_1
1184317,Yarek Gasiorowski,Valencia,Spain La Liga,24/25,D,3,D_3
273227,Álex Muñoz,Las Palmas,Spain La Liga,24/25,D,0,D_0
1513451,Juanma Herzog,Las Palmas,Spain La Liga,24/25,D,3,D_3
893062,Aitor Ruibal,Real Betis,Spain La Liga,24/25,D,2,D_2
1094827,Gerard Martín,FC Barcelona,Spain La Liga,24/25,D,2,D_2
826679,Álvaro Tejero,Espanyol,Spain La Liga,24/25,D,2,D_2
979146,Mika Mármol,Las Palmas,Spain La Liga,24/25,D,0,D_0
111803,Youssouf Sabaly,Real Betis,Spain La Liga,24/25,D,0,D_0
1101232,Abdel Abqar,Deportivo Alavés,Spain La Liga,24/25,D,3,D_3
344847,Johan Mojica,Mallorca,Spain La Liga,24/25,D,2,D_2
1010165,Abel Bretones,Osasuna,Spain La Liga,24/25,D,0,D_0
910267,Jesús Areso,Osasuna,Spain La Liga,24/25,D,0,D_0
601962,Anuar,Real Valladolid,Spain La Liga,24/25,D,0,D_0
838159,Igor Zubeldia,Real Sociedad,Spain La Liga,24/25,D,3,D_3
944225,Jorge Herrando,Osasuna,Spain La Liga,24/25,D,3,D_3
980732,Adrià Altimira,Leganés,Spain La Liga,24/25,D,0,D_0
358108,Scott McKenna,Las Palmas,Spain La Liga,24/25,D,3,D_3
943713,Javi Sánchez,Real Valladolid,Spain La Liga,24/25,D,3,D_3
128637,Allan Nyom,Getafe,Spain La Liga,24/25,D,0,D_0
843180,Luis Pérez,Real Valladolid,Spain La Liga,24/25,D,0,D_0
970860,Lucas Rosa,Real Valladolid,Spain La Liga,24/25,D,0,D_0
984789,Manu Sánchez,Deportivo Alavés,Spain La Liga,24/25,D,0,D_0
351500,Brian Oliván,Espanyol,Spain La Liga,24/25,D,0,D_0
3041,Raúl Albiol,Villarreal,Spain La Liga,24/25,D,3,D_3
966441,Aihen Muñoz,Real Sociedad,Spain La Liga,24/25,D,0,D_0
152446,Iván Balliu,Rayo Vallecano,Spain La Liga,24/25,D,0,D_0
1031658,Javi Hernández,Leganés,Spain La Liga,24/25,D,0,D_0
151138,Dimitri Foulquier,Valencia,Spain La Liga,24/25,D,0,D_0
831424,Reinildo Mandava,Atlético Madrid,Spain La Liga,24/25,D,0,D_0
827519,Romain Perraud,Real Betis,Spain La Liga,24/25,D,0,D_0
914848,Álex Suárez,Las Palmas,Spain La Liga,24/25,D,3,D_3
1525863,Pau Navarro,Villarreal,Spain La Liga,24/25,D,0,D_0
996929,Jesús Vázquez,Valencia,Spain La Liga,24/25,D,0,D_0
785468,Aritz Elustondo,Real Sociedad,Spain La Liga,24/25,D,3,D_3
96368,Juan Bernat,Getafe,Spain La Liga,24/25,D,0,D_0
960401,Marvin Park,Las Palmas,Spain La Liga,24/25,D,0,D_0
1136721,Willy Kambwala,Villarreal,Spain La Liga,24/25,D,3,D_3
1398511,Adama Boiro,Athletic Club,Spain La Liga,24/25,D,0,D_0
985262,Moussa Diarra,Deportivo Alavés,Spain La Liga,24/25,D,0,D_0
851226,Juan Berrocal,Getafe,Spain La Liga,24/25,D,3,D_3
1214359,David Torres,Real Valladolid,Spain La Liga,24/25,D,3,D_3
945404,Javi López,Real Sociedad,Spain La Liga,24/25,D,0,D_0
814023,Eray Cömert,Real Valladolid,Spain La Liga,24/25,D,3,D_3
862464,Antonio Candela,Real Valladolid,Spain La Liga,24/25,D,0,D_0
1176744,Dean Huijsen,Real Madrid,Spain La Liga,25/26,D,1,D_1
822519,Éder Militão,Real Madrid,Spain La Liga,25/26,D,1,D_1
1402913,Pau Cubarsí,FC Barcelona,Spain La Liga,25/26,D,1,D_1
873189,Juan Foyth,Villarreal,Spain La Liga,25/26,D,3,D_3
1094106,Marc Pubill,Atlético Madrid,Spain La Liga,25/26,D,1,D_1
138892,João Cancelo,FC Barcelona,Spain La Liga,25/26,D,2,D_2
876214,Eric García,FC Barcelona,Spain La Liga,25/26,D,1,D_1
88528,Florian Lejeune,Rayo Vallecano,Spain La Liga,25/26,D,1,D_1
305278,Diego Llorente,Real Betis,Spain La Liga,25/26,D,3,D_3
1094827,Gerard Martín,FC Barcelona,Spain La Liga,25/26,D,1,D_1
69408,Marcos Alonso,Celta Vigo,Spain La Liga,25/26,D,1,D_1
1396048,Carlos Romero,Espanyol,Spain La Liga,25/26,D,2,D_2
984623,Rafa Marín,Villarreal,Spain La Liga,25/26,D,3,D_3
84531,Yuri Berchiche,Athletic Club,Spain La Liga,25/26,D,0,D_0
1097719,Kike Salas,Sevilla,Spain La Liga,25/26,D,3,D_3
1085081,Álvaro Carreras,Real Madrid,Spain La Liga,25/26,D,2,D_2
1468046,Santiago Mouriño,Villarreal,Spain La Liga,25/26,D,0,D_0
560756,Dani Calvo,Real Oviedo,Spain La Liga,25/26,D,3,D_3
1108450,Zaid Romero,Getafe,Spain La Liga,25/26,D,3,D_3
1428699,Andrés Castrín,Sevilla,Spain La Liga,25/26,D,3,D_3
997244,Adrián Dela,Levante UD,Spain La Liga,25/26,D,4,D_4
99519,Marc Bartra,Real Betis,Spain La Liga,25/26,D,3,D_3
606346,Eric Bailly,Real Oviedo,Spain La Liga,25/26,D,3,D_3
44864,Daley Blind,Girona FC,Spain La Liga,25/26,D,1,D_1
925097,Ronald Araujo,FC Barcelona,Spain La Liga,25/26,D,1,D_1
807116,Antonio Raíllo,Mallorca,Spain La Liga,25/26,D,3,D_3
1156645,Raúl Asencio,Real Madrid,Spain La Liga,25/26,D,1,D_1
353138,Marcos Llorente,Atlético Madrid,Spain La Liga,25/26,D,2,D_2
965031,Andrei Rațiu,Rayo Vallecano,Spain La Liga,25/26,D,2,D_2
325355,José María Giménez,Atlético Madrid,Spain La Liga,25/26,D,1,D_1
788216,Pablo Maffeo,Mallorca,Spain La Liga,25/26,D,0,D_0
988672,David Affengruber,Elche,Spain La Liga,25/26,D,3,D_3
900792,Alejandro Catena,Osasuna,Spain La Liga,25/26,D,3,D_3
1012410,Álvaro Núñez,Celta Vigo,Spain La Liga,25/26,D,0,D_0
141832,Pedro Bigas,Elche,Spain La Liga,25/26,D,1,D_1
827212,Jules Koundé,FC Barcelona,Spain La Liga,25/26,D,1,D_1
142622,Antonio Rüdiger,Real Madrid,Spain La Liga,25/26,D,1,D_1
1002347,Alejandro Francés,Girona FC,Spain La Liga,25/26,D,2,D_2
855831,Víctor Chust,Elche,Spain La Liga,25/26,D,1,D_1
149734,Aymeric Laporte,Athletic Club,Spain La Liga,25/26,D,3,D_3
949707,Juan Iglesias,Getafe,Spain La Liga,25/26,D,0,D_0
1485300,Vitor Reis,Girona FC,Spain La Liga,25/26,D,3,D_3
21555,César Azpilicueta,Sevilla,Spain La Liga,25/26,D,3,D_3
795064,Trent Alexander-Arnold,Real Madrid,Spain La Liga,25/26,D,2,D_2
360718,Carl Starfelt,Celta Vigo,Spain La Liga,25/26,D,3,D_3
787751,Robin Le Normand,Atlético Madrid,Spain La Liga,25/26,D,3,D_3
857205,Fernando Calero,Espanyol,Spain La Liga,25/26,D,3,D_3
855835,Sergio Gómez,Real Sociedad,Spain La Liga,25/26,D,0,D_0
825133,Javi Galán,Osasuna,Spain La Liga,25/26,D,0,D_0
893062,Aitor Ruibal,Real Betis,Spain La Liga,25/26,D,2,D_2
1466116,Jon Martín,Real Sociedad,Spain La Liga,25/26,D,3,D_3
807771,Dávid Hancko,Atlético Madrid,Spain La Liga,25/26,D,1,D_1
1084081,Arnau Martínez,Girona FC,Spain La Liga,25/26,D,0,D_0
257091,Duje Caleta-Car,Real Sociedad,Spain La Liga,25/26,D,3,D_3
814023,Eray Cömert,Valencia,Spain La Liga,25/26,D,3,D_3
1496360,Matías Moreno,Levante UD,Spain La Liga,25/26,D,3,D_3
896073,Nahuel Tenaglia,Deportivo Alavés,Spain La Liga,25/26,D,3,D_3
1010421,Pep Chavarría,Rayo Vallecano,Spain La Liga,25/26,D,0,D_0
345333,David Costas,Real Oviedo,Spain La Liga,25/26,D,3,D_3
1129360,Clemens Riedel,Espanyol,Spain La Liga,25/26,D,3,D_3
138572,Daniel Carvajal,Real Madrid,Spain La Liga,25/26,D,0,D_0
1087359,Renato Veiga,Villarreal,Spain La Liga,25/26,D,3,D_3
81992,Leandro Cabrera,Espanyol,Spain La Liga,25/26,D,3,D_3
1526627,Javi Rodríguez,Celta Vigo,Spain La Liga,25/26,D,1,D_1
934383,Jon Pacheco,Deportivo Alavés,Spain La Liga,25/26,D,3,D_3
1067582,Enzo Boyomo,Osasuna,Spain La Liga,25/26,D,3,D_3
831799,Nahuel Molina,Atlético Madrid,Spain La Liga,25/26,D,2,D_2
965011,Matteo Ruggeri,Atlético Madrid,Spain La Liga,25/26,D,0,D_0
580550,Clément Lenglet,Atlético Madrid,Spain La Liga,25/26,D,1,D_1
892235,David Carmo,Real Oviedo,Spain La Liga,25/26,D,3,D_3
1145100,Yoel Lago,Celta Vigo,Spain La Liga,25/26,D,3,D_3
986245,Sergi Cardona,Villarreal,Spain La Liga,25/26,D,0,D_0
959872,Aitor Paredes,Athletic Club,Spain La Liga,25/26,D,3,D_3
818986,Gabriel Suazo,Sevilla,Spain La Liga,25/26,D,0,D_0
1525863,Pau Navarro,Villarreal,Spain La Liga,25/26,D,3,D_3
188365,Héctor Bellerín,Real Betis,Spain La Liga,25/26,D,0,D_0
797290,Alfonso Pedraza,Villarreal,Spain La Liga,25/26,D,0,D_0
1458073,Nobel Mendy,Rayo Vallecano,Spain La Liga,25/26,D,3,D_3
1101232,Abdel Abqar,Getafe,Spain La Liga,25/26,D,3,D_3
1064026,Omar El Hilali,Espanyol,Spain La Liga,25/26,D,0,D_0
1010165,Abel Bretones,Osasuna,Spain La Liga,25/26,D,0,D_0
1186010,Valentín Gómez,Real Betis,Spain La Liga,25/26,D,3,D_3
1632454,Hugo Rincón,Girona FC,Spain La Liga,25/26,D,0,D_0
910267,Jesús Areso,Athletic Club,Spain La Liga,25/26,D,0,D_0
997035,Alejandro Balde,FC Barcelona,Spain La Liga,25/26,D,0,D_0
300522,Martin Valjent,Mallorca,Spain La Liga,25/26,D,3,D_3
235648,Jonny Otto,Deportivo Alavés,Spain La Liga,25/26,D,0,D_0
344847,Johan Mojica,Mallorca,Spain La Liga,25/26,D,0,D_0
892521,Unai Núñez,Valencia,Spain La Liga,25/26,D,3,D_3
813574,Unai Elgezabal,Levante UD,Spain La Liga,25/26,D,3,D_3
944225,Jorge Herrando,Osasuna,Spain La Liga,25/26,D,3,D_3
842419,Valentin Rosier,Osasuna,Spain La Liga,25/26,D,0,D_0
294593,Álex Moreno,Girona FC,Spain La Liga,25/26,D,0,D_0
1015240,José Ángel Carmona,Sevilla,Spain La Liga,25/26,D,0,D_0
1015287,Natan,Real Betis,Spain La Liga,25/26,D,3,D_3
597876,Lucas Ahijado,Real Oviedo,Spain La Liga,25/26,D,0,D_0
67769,Ricardo Rodríguez,Real Betis,Spain La Liga,25/26,D,0,D_0
827504,Léo Pétrot,Elche,Spain La Liga,25/26,D,3,D_3
996929,Jesús Vázquez,Valencia,Spain La Liga,25/26,D,0,D_0
996928,César Tárrega,Valencia,Spain La Liga,25/26,D,3,D_3
1116388,Jon Aramburu,Real Sociedad,Spain La Liga,25/26,D,0,D_0
910978,Dani Vivian,Athletic Club,Spain La Liga,25/26,D,3,D_3
1403364,Youssef Enríquez,Deportivo Alavés,Spain La Liga,25/26,D,0,D_0
840951,Marcão,Sevilla,Spain La Liga,25/26,D,3,D_3
576276,Domingos Duarte,Getafe,Spain La Liga,25/26,D,3,D_3
851271,Fran García,Real Madrid,Spain La Liga,25/26,D,0,D_0
350560,Diego Rico,Getafe,Spain La Liga,25/26,D,0,D_0
227922,José Gayà,Valencia,Spain La Liga,25/26,D,0,D_0
838159,Igor Zubeldia,Real Sociedad,Spain La Liga,25/26,D,3,D_3
913695,José Copete,Valencia,Spain La Liga,25/26,D,3,D_3
844752,Nacho Vidal,Real Oviedo,Spain La Liga,25/26,D,0,D_0
866810,Andoni Gorosabel,Athletic Club,Spain La Liga,25/26,D,0,D_0
851282,Thierry Correia,Valencia,Spain La Liga,25/26,D,0,D_0
984789,Manu Sánchez,Levante UD,Spain La Liga,25/26,D,0,D_0
53739,Kiko Femenía,Getafe,Spain La Liga,25/26,D,0,D_0
945404,Javi López,Real Oviedo,Spain La Liga,25/26,D,0,D_0
149606,Jeremy Toljan,Levante UD,Spain La Liga,25/26,D,0,D_0
928672,Adrià Pedrosa,Elche,Spain La Liga,25/26,D,2,D_2
1177401,Alan Matturro,Levante UD,Spain La Liga,25/26,D,3,D_3
985726,Victor Parada,Deportivo Alavés,Spain La Liga,25/26,D,0,D_0
151138,Dimitri Foulquier,Valencia,Spain La Liga,25/26,D,0,D_0
827606,Rodri,Manchester City,England Premier League,23/24,M,1,M_1
70996,Kevin De Bruyne,Manchester City,England Premier League,23/24,M,0,M_0
859765,Phil Foden,Manchester City,England Premier League,23/24,M,0,M_0
288205,Bruno Fernandes,Manchester United,England Premier League,23/24,M,0,M_0
978838,Michael Olise,Crystal Palace,England Premier League,23/24,M,0,M_0
982780,Cole Palmer,Chelsea,England Premier League,23/24,M,0,M_0
547410,Martin Ødegaard,Arsenal,England Premier League,23/24,M,0,M_0
356398,James Maddison,Tottenham Hotspur,England Premier League,23/24,M,0,M_0
159665,Mohamed Salah,Liverpool FC,England Premier League,23/24,M,0,M_0
864921,Eberechi Eze,Crystal Palace,England Premier League,23/24,M,0,M_0
48480,Pascal Groß,Brighton & Hove Albion,England Premier League,23/24,M,1,M_1
331209,Bernardo Silva,Manchester City,England Premier League,23/24,M,1,M_1
866469,Bruno Guimarães,Newcastle United,England Premier League,23/24,M,1,M_1
856714,Declan Rice,Arsenal,England Premier League,23/24,M,1,M_1
934386,Jérémy Doku,Manchester City,England Premier League,23/24,M,0,M_0
904970,Conor Gallagher,Chelsea,England Premier League,23/24,M,1,M_1
161717,James Ward-Prowse,West Ham United,England Premier League,23/24,M,1,M_1
867887,Douglas Luiz,Aston Villa,England Premier League,23/24,M,1,M_1
865912,Morgan Gibbs-White,Nottingham Forest,England Premier League,23/24,M,0,M_0
935543,Dwight McNeil,Everton,England Premier League,23/24,M,3,M_3
895324,Alexis Mac Allister,Liverpool FC,England Premier League,23/24,M,1,M_1
189061,Jack Grealish,Manchester City,England Premier League,23/24,M,0,M_0
839981,Lucas Paquetá,West Ham United,England Premier League,23/24,M,3,M_3
974505,Enzo Fernández,Chelsea,England Premier League,23/24,M,1,M_1
879349,Pedro Neto,Wolverhampton,England Premier League,23/24,M,0,M_0
883537,Luis Díaz,Liverpool FC,England Premier League,23/24,M,3,M_3
936849,Kaoru Mitoma,Brighton & Hove Albion,England Premier League,23/24,M,3,M_3
122951,Casemiro,Manchester United,England Premier League,23/24,M,1,M_1
98435,Ross Barkley,Luton Town,England Premier League,23/24,M,1,M_1
870360,Daniel Muñoz,Crystal Palace,England Premier League,23/24,M,2,M_2
869856,Dominik Szoboszlai,Liverpool FC,England Premier League,23/24,M,0,M_0
364612,João Palhinha,Fulham,England Premier League,23/24,M,2,M_2
552884,Jarrod Bowen,West Ham United,England Premier League,23/24,M,3,M_3
955245,Harvey Elliott,Liverpool FC,England Premier League,23/24,M,0,M_0
31417,Willian,Fulham,England Premier League,23/24,M,0,M_0
987650,Moisés Caicedo,Chelsea,England Premier League,23/24,M,1,M_1
862967,Cody Gakpo,Liverpool FC,England Premier League,23/24,M,3,M_3
792122,Josh Cullen,Burnley,England Premier League,23/24,M,1,M_1
901892,Albert Sambi Lokonga,Luton Town,England Premier League,23/24,M,2,M_2
250223,John McGinn,Aston Villa,England Premier League,23/24,M,3,M_3
928124,Dejan Kulusevski,Tottenham Hotspur,England Premier League,23/24,M,3,M_3
905163,Mohammed Kudus,West Ham United,England Premier League,23/24,M,3,M_3
927361,James Garner,Everton,England Premier League,23/24,M,2,M_2
1109771,Adam Wharton,Crystal Palace,England Premier League,23/24,M,2,M_2
138573,Pablo Sarabia,Wolverhampton,England Premier League,23/24,M,0,M_0
322391,Ryan Christie,Bournemouth,England Premier League,23/24,M,2,M_2
867442,Callum Hudson-Odoi,Nottingham Forest,England Premier League,23/24,M,3,M_3
923973,Amadou Onana,Everton,England Premier League,23/24,M,2,M_2
285949,Andreas Pereira,Fulham,England Premier League,23/24,M,3,M_3
352770,Alex Iwobi,Fulham,England Premier League,23/24,M,3,M_3
355796,Jefferson Lerma,Crystal Palace,England Premier League,23/24,M,2,M_2
906047,Cheick Doucouré,Crystal Palace,England Premier League,23/24,M,2,M_2
106337,Idrissa Gueye,Everton,England Premier League,23/24,M,2,M_2
867583,Ben Brereton Díaz,Sheffield United,England Premier League,23/24,M,3,M_3
135256,Christian Nørgaard,Brentford,England Premier League,23/24,M,2,M_2
307284,Mario Lemina,Wolverhampton,England Premier League,23/24,M,2,M_2
805465,Pervis Estupiñán,Brighton & Hove Albion,England Premier League,23/24,M,1,M_1
895576,Marcus Tavernier,Bournemouth,England Premier League,23/24,M,3,M_3
1110842,Simon Adingra,Brighton & Hove Albion,England Premier League,23/24,M,3,M_3
844842,Yves Bissouma,Tottenham Hotspur,England Premier League,23/24,M,1,M_1
945792,Alfie Doughty,Luton Town,England Premier League,23/24,M,2,M_2
849309,Chiedozie Ogbene,Luton Town,England Premier League,23/24,M,3,M_3
136710,Mateo Kovacic,Manchester City,England Premier League,23/24,M,1,M_1
560128,Joelinton,Newcastle United,England Premier League,23/24,M,3,M_3
548188,Lewis Cook,Bournemouth,England Premier League,23/24,M,2,M_2
355528,Harry Wilson,Fulham,England Premier League,23/24,M,3,M_3
1002711,Pape Matar Sarr,Tottenham Hotspur,England Premier League,23/24,M,1,M_1
82566,Tom Cairney,Fulham,England Premier League,23/24,M,1,M_1
826204,Boubacar Kamara,Aston Villa,England Premier League,23/24,M,2,M_2
799251,Mathias Jensen,Brentford,England Premier League,23/24,M,1,M_1
855817,Moussa Diaby,Aston Villa,England Premier League,23/24,M,3,M_3
132874,Jorginho,Arsenal,England Premier League,23/24,M,1,M_1
907668,Billy Gilmour,Brighton & Hove Albion,England Premier League,23/24,M,1,M_1
799041,Tomáš Souček,West Ham United,England Premier League,23/24,M,2,M_2
793167,Sander Berge,Burnley,England Premier League,23/24,M,2,M_2
358394,Josh Brownhill,Burnley,England Premier League,23/24,M,2,M_2
814873,Vitaly Janelt,Brentford,England Premier League,23/24,M,2,M_2
333373,Miguel Almirón,Newcastle United,England Premier League,23/24,M,3,M_3
1142175,Kobbie Mainoo,Manchester United,England Premier League,23/24,M,2,M_2
871765,Nicolás Domínguez,Nottingham Forest,England Premier League,23/24,M,2,M_2
331737,Youri Tielemans,Aston Villa,England Premier League,23/24,M,1,M_1
879346,Scott McTominay,Manchester United,England Premier League,23/24,M,3,M_3
988275,Tyrick Mitchell,Crystal Palace,England Premier League,23/24,M,2,M_2
837495,Gustavo Hamer,Sheffield United,England Premier League,23/24,M,3,M_3
958966,Mykhaylo Mudryk,Chelsea,England Premier League,23/24,M,3,M_3
96535,Abdoulaye Doucouré,Everton,England Premier League,23/24,M,3,M_3
847151,Edson Álvarez,West Ham United,England Premier League,23/24,M,2,M_2
994546,Elliot Anderson,Newcastle United,England Premier League,23/24,M,3,M_3
934354,Antoine Semenyo,Bournemouth,England Premier League,23/24,M,3,M_3
958380,Antony,Manchester United,England Premier League,23/24,M,3,M_3
866191,Sean Longstaff,Newcastle United,England Premier League,23/24,M,2,M_2
1106451,Dango Ouattara,Bournemouth,England Premier League,23/24,M,3,M_3
1015267,João Gomes,Wolverhampton,England Premier League,23/24,M,2,M_2
1400650,Lewis Miley,Newcastle United,England Premier League,23/24,M,2,M_2
105734,Christian Eriksen,Manchester United,England Premier League,23/24,M,1,M_1
846252,Ryan Yates,Nottingham Forest,England Premier League,23/24,M,2,M_2
1064039,Danilo,Nottingham Forest,England Premier League,23/24,M,2,M_2
49805,Jóhann Berg Gudmundsson,Burnley,England Premier League,23/24,M,3,M_3
1191153,Oliver Arblaster,Sheffield United,England Premier League,23/24,M,2,M_2
548660,Philip Billing,Bournemouth,England Premier League,23/24,M,3,M_3
193554,Will Hughes,Crystal Palace,England Premier League,23/24,M,2,M_2
151499,Bobby De Cordova-Reid,Fulham,England Premier League,23/24,M,3,M_3
932628,Tommy Doyle,Wolverhampton,England Premier League,23/24,M,1,M_1
791190,Rodrigo Bentancur,Tottenham Hotspur,England Premier League,23/24,M,1,M_1
1104986,Alex Scott,Bournemouth,England Premier League,23/24,M,3,M_3
904897,Ryan Gravenberch,Liverpool FC,England Premier League,23/24,M,3,M_3
143040,Wataru Endo,Liverpool FC,England Premier League,23/24,M,1,M_1
149593,Pierre-Emile Højbjerg,Tottenham Hotspur,England Premier League,23/24,M,1,M_1
1006189,Issa Kaboré,Luton Town,England Premier League,23/24,M,2,M_2
979290,Vini Souza,Sheffield United,England Premier League,23/24,M,2,M_2
885864,Frank Onyeka,Brentford,England Premier League,23/24,M,3,M_3
843754,Ibrahim Sangaré,Nottingham Forest,England Premier League,23/24,M,2,M_2
825845,Tahith Chong,Luton Town,England Premier League,23/24,M,3,M_3
556904,Marvelous Nakamba,Luton Town,England Premier League,23/24,M,2,M_2
148710,Jeffrey Schlupp,Crystal Palace,England Premier League,23/24,M,3,M_3
1117025,Facundo Buonanotte,Brighton & Hove Albion,England Premier League,23/24,M,3,M_3
365802,Harrison Reed,Fulham,England Premier League,23/24,M,2,M_2
927353,Curtis Jones,Liverpool FC,England Premier League,23/24,M,3,M_3
1199043,Carlos Baleba,Brighton & Hove Albion,England Premier League,23/24,M,2,M_2
845273,Jean-Ricner Bellegarde,Wolverhampton,England Premier League,23/24,M,3,M_3
371222,Saša Lukić,Fulham,England Premier League,23/24,M,2,M_2
100637,Oliver Norwood,Sheffield United,England Premier League,23/24,M,1,M_1
793988,Orel Mangala,Nottingham Forest,England Premier League,23/24,M,2,M_2
851596,Justin Kluivert,Bournemouth,England Premier League,23/24,M,3,M_3
150477,Jordan Clark,Luton Town,England Premier League,23/24,M,2,M_2
1003334,James McAtee,Sheffield United,England Premier League,23/24,M,3,M_3
359272,Sofyan Amrabat,Manchester United,England Premier League,23/24,M,1,M_1
282665,Ben Osborn,Sheffield United,England Premier League,23/24,M,2,M_2
1396445,Andre Brooks,Sheffield United,England Premier League,23/24,M,2,M_2
387116,Pelly Ruddock Mpanzu,Luton Town,England Premier League,23/24,M,2,M_2
159665,Mohamed Salah,Liverpool FC,England Premier League,24/25,M,0,M_0
982780,Cole Palmer,Chelsea,England Premier League,24/25,M,0,M_0
288205,Bruno Fernandes,Manchester United,England Premier League,24/25,M,0,M_0
971037,Amad Diallo,Manchester United,England Premier League,24/25,M,0,M_0
70996,Kevin De Bruyne,Manchester City,England Premier League,24/25,M,0,M_0
331737,Youri Tielemans,Aston Villa,England Premier League,24/25,M,1,M_1
856714,Declan Rice,Arsenal,England Premier League,24/25,M,1,M_1
1046795,Savinho,Manchester City,England Premier League,24/25,M,0,M_0
547410,Martin Ødegaard,Arsenal,England Premier League,24/25,M,0,M_0
974505,Enzo Fernández,Chelsea,England Premier League,24/25,M,1,M_1
356398,James Maddison,Tottenham Hotspur,England Premier League,24/25,M,0,M_0
136710,Mateo Kovacic,Manchester City,England Premier League,24/25,M,1,M_1
934386,Jérémy Doku,Manchester City,England Premier League,24/25,M,0,M_0
864921,Eberechi Eze,Crystal Palace,England Premier League,24/25,M,0,M_0
352770,Alex Iwobi,Fulham,England Premier League,24/25,M,0,M_0
895324,Alexis Mac Allister,Liverpool FC,England Premier League,24/25,M,1,M_1
987650,Moisés Caicedo,Chelsea,England Premier League,24/25,M,1,M_1
859765,Phil Foden,Manchester City,England Premier League,24/25,M,0,M_0
883537,Luis Díaz,Liverpool FC,England Premier League,24/25,M,0,M_0
331209,Bernardo Silva,Manchester City,England Premier League,24/25,M,1,M_1
865912,Morgan Gibbs-White,Nottingham Forest,England Premier League,24/25,M,3,M_3
866469,Bruno Guimarães,Newcastle United,England Premier League,24/25,M,1,M_1
907072,Mikkel Damsgaard,Brentford,England Premier League,24/25,M,3,M_3
552884,Jarrod Bowen,West Ham United,England Premier League,24/25,M,3,M_3
934354,Antoine Semenyo,Bournemouth,England Premier League,24/25,M,3,M_3
862967,Cody Gakpo,Liverpool FC,England Premier League,24/25,M,3,M_3
935543,Dwight McNeil,Everton,England Premier League,24/25,M,0,M_0
122951,Casemiro,Manchester United,England Premier League,24/25,M,1,M_1
851596,Justin Kluivert,Bournemouth,England Premier League,24/25,M,0,M_0
316148,Thomas Partey,Arsenal,England Premier League,24/25,M,1,M_1
869856,Dominik Szoboszlai,Liverpool FC,England Premier League,24/25,M,0,M_0
867442,Callum Hudson-Odoi,Nottingham Forest,England Premier League,24/25,M,3,M_3
355528,Harry Wilson,Fulham,England Premier League,24/25,M,0,M_0
870360,Daniel Muñoz,Crystal Palace,England Premier League,24/25,M,2,M_2
1106451,Dango Ouattara,Bournemouth,England Premier League,24/25,M,3,M_3
135256,Christian Nørgaard,Brentford,England Premier League,24/25,M,2,M_2
45853,İlkay Gündoğan,Manchester City,England Premier League,24/25,M,1,M_1
322391,Ryan Christie,Bournemouth,England Premier League,24/25,M,1,M_1
892673,Sandro Tonali,Newcastle United,England Premier League,24/25,M,1,M_1
895576,Marcus Tavernier,Bournemouth,England Premier League,24/25,M,3,M_3
904897,Ryan Gravenberch,Liverpool FC,England Premier League,24/25,M,2,M_2
914309,Iliman Ndiaye,Everton,England Premier League,24/25,M,3,M_3
994546,Elliot Anderson,Nottingham Forest,England Premier League,24/25,M,2,M_2
592010,Mikel Merino,Arsenal,England Premier League,24/25,M,3,M_3
799041,Tomáš Souček,West Ham United,England Premier League,24/25,M,3,M_3
879349,Pedro Neto,Chelsea,England Premier League,24/25,M,3,M_3
1006387,Kevin Schade,Brentford,England Premier League,24/25,M,3,M_3
805465,Pervis Estupiñán,Brighton & Hove Albion,England Premier League,24/25,M,2,M_2
548188,Lewis Cook,Bournemouth,England Premier League,24/25,M,2,M_2
307284,Mario Lemina,Wolverhampton,England Premier League,24/25,M,2,M_2
106337,Idrissa Gueye,Everton,England Premier League,24/25,M,2,M_2
1199043,Carlos Baleba,Brighton & Hove Albion,England Premier League,24/25,M,2,M_2
948261,Morgan Rogers,Aston Villa,England Premier League,24/25,M,3,M_3
936849,Kaoru Mitoma,Brighton & Hove Albion,England Premier League,24/25,M,3,M_3
328701,Ryan Manning,Southampton,England Premier League,24/25,M,2,M_2
1109771,Adam Wharton,Crystal Palace,England Premier League,24/25,M,1,M_1
851100,Jadon Sancho,Chelsea,England Premier League,24/25,M,3,M_3
787885,Wilfred Ndidi,Leicester City,England Premier League,24/25,M,2,M_2
1400106,Yankuba Minteh,Brighton & Hove Albion,England Premier League,24/25,M,3,M_3
560128,Joelinton,Newcastle United,England Premier League,24/25,M,3,M_3
161717,James Ward-Prowse,West Ham United,England Premier League,24/25,M,1,M_1
927361,James Garner,Everton,England Premier League,24/25,M,2,M_2
923973,Amadou Onana,Aston Villa,England Premier League,24/25,M,2,M_2
1142562,Mateus Fernandes,Southampton,England Premier League,24/25,M,2,M_2
988275,Tyrick Mitchell,Crystal Palace,England Premier League,24/25,M,2,M_2
1401702,Ethan Nwaneri,Arsenal,England Premier League,24/25,M,0,M_0
928124,Dejan Kulusevski,Tottenham Hotspur,England Premier League,24/25,M,3,M_3
105734,Christian Eriksen,Manchester United,England Premier League,24/25,M,1,M_1
1142315,Jack Hinshelwood,Brighton & Hove Albion,England Premier League,24/25,M,2,M_2
867445,Emile Smith Rowe,Fulham,England Premier League,24/25,M,3,M_3
839981,Lucas Paquetá,West Ham United,England Premier League,24/25,M,1,M_1
1035996,André,Wolverhampton,England Premier League,24/25,M,2,M_2
285949,Andreas Pereira,Fulham,England Premier League,24/25,M,3,M_3
791190,Rodrigo Bentancur,Tottenham Hotspur,England Premier League,24/25,M,2,M_2
927353,Curtis Jones,Liverpool FC,England Premier League,24/25,M,3,M_3
1126569,Bilal El Khannouss,Leicester City,England Premier League,24/25,M,3,M_3
250223,John McGinn,Aston Villa,England Premier League,24/25,M,2,M_2
871765,Nicolás Domínguez,Nottingham Forest,England Premier League,24/25,M,2,M_2
371222,Saša Lukić,Fulham,England Premier League,24/25,M,2,M_2
793988,Orel Mangala,Everton,England Premier League,24/25,M,2,M_2
1036269,Yasin Ayari,Brighton & Hove Albion,England Premier League,24/25,M,2,M_2
975937,Jacob Ramsey,Aston Villa,England Premier League,24/25,M,3,M_3
1015267,João Gomes,Wolverhampton,England Premier League,24/25,M,2,M_2
891829,Matt O'Riley,Brighton & Hove Albion,England Premier League,24/25,M,3,M_3
894733,Marshall Munetsi,Wolverhampton,England Premier League,24/25,M,3,M_3
973556,Julio Enciso,Ipswich Town,England Premier League,24/25,M,3,M_3
814873,Vitaly Janelt,Brentford,England Premier League,24/25,M,2,M_2
800419,Tyler Adams,Bournemouth,England Premier League,24/25,M,2,M_2
355796,Jefferson Lerma,Crystal Palace,England Premier League,24/25,M,2,M_2
793167,Sander Berge,Fulham,England Premier League,24/25,M,2,M_2
826204,Boubacar Kamara,Aston Villa,England Premier League,24/25,M,2,M_2
946695,Georginio Rutter,Brighton & Hove Albion,England Premier League,24/25,M,3,M_3
1002711,Pape Matar Sarr,Tottenham Hotspur,England Premier League,24/25,M,2,M_2
846425,Manuel Ugarte,Manchester United,England Premier League,24/25,M,2,M_2
905163,Mohammed Kudus,West Ham United,England Premier League,24/25,M,3,M_3
845273,Jean-Ricner Bellegarde,Wolverhampton,England Premier League,24/25,M,3,M_3
545780,Harry Winks,Leicester City,England Premier League,24/25,M,2,M_2
846252,Ryan Yates,Nottingham Forest,England Premier League,24/25,M,2,M_2
1031258,Yegor Yarmolyuk,Brentford,England Premier League,24/25,M,2,M_2
1117025,Facundo Buonanotte,Leicester City,England Premier League,24/25,M,3,M_3
818073,Joe Aribo,Southampton,England Premier League,24/25,M,2,M_2
609752,Guido Rodríguez,West Ham United,England Premier League,24/25,M,2,M_2
193554,Will Hughes,Crystal Palace,England Premier League,24/25,M,2,M_2
855731,David Brooks,Bournemouth,England Premier League,24/25,M,3,M_3
96535,Abdoulaye Doucouré,Everton,England Premier League,24/25,M,3,M_3
108515,Sam Morsy,Ipswich Town,England Premier League,24/25,M,2,M_2
794338,Daichi Kamada,Crystal Palace,England Premier League,24/25,M,2,M_2
1142175,Kobbie Mainoo,Manchester United,England Premier League,24/25,M,2,M_2
1391251,Lucas Bergvall,Tottenham Hotspur,England Premier League,24/25,M,2,M_2
879810,Flynn Downes,Southampton,England Premier League,24/25,M,2,M_2
1048916,Lesley Ugochukwu,Southampton,England Premier League,24/25,M,2,M_2
605338,Stephy Mavididi,Leicester City,England Premier League,24/25,M,3,M_3
921005,Jack Clarke,Ipswich Town,England Premier League,24/25,M,3,M_3
1174472,Tyler Dibling,Southampton,England Premier League,24/25,M,3,M_3
847151,Edson Álvarez,West Ham United,England Premier League,24/25,M,2,M_2
1110842,Simon Adingra,Brighton & Hove Albion,England Premier League,24/25,M,3,M_3
857671,Jens Cajuste,Ipswich Town,England Premier League,24/25,M,2,M_2
887581,Boubakary Soumaré,Leicester City,England Premier League,24/25,M,2,M_2
947929,Jesper Lindstrøm,Everton,England Premier League,24/25,M,3,M_3
280979,Gonçalo Guedes,Wolverhampton,England Premier League,24/25,M,3,M_3
888550,Joe Willock,Newcastle United,England Premier League,24/25,M,3,M_3
832427,Carlos Soler,West Ham United,England Premier League,24/25,M,2,M_2
1090963,Omari Hutchinson,Ipswich Town,England Premier League,24/25,M,3,M_3
844842,Yves Bissouma,Tottenham Hotspur,England Premier League,24/25,M,2,M_2
305302,Wes Burns,Ipswich Town,England Premier League,24/25,M,2,M_2
786028,Kalvin Phillips,Ipswich Town,England Premier League,24/25,M,2,M_2
354782,Sammie Szmodics,Ipswich Town,England Premier League,24/25,M,3,M_3
859901,Oliver Skipp,Leicester City,England Premier League,24/25,M,2,M_2
1142335,Archie Gray,Tottenham Hotspur,England Premier League,24/25,M,2,M_2
288205,Bruno Fernandes,Manchester United,England Premier League,25/26,M,0,M_0
856714,Declan Rice,Arsenal,England Premier League,25/26,M,1,M_1
866469,Bruno Guimarães,Newcastle United,England Premier League,25/26,M,0,M_0
827606,Rodri,Manchester City,England Premier League,25/26,M,1,M_1
934386,Jérémy Doku,Manchester City,England Premier League,25/26,M,0,M_0
994546,Elliot Anderson,Nottingham Forest,England Premier League,25/26,M,1,M_1
117777,Granit Xhaka,Sunderland,England Premier League,25/26,M,1,M_1
189061,Jack Grealish,Everton,England Premier League,25/26,M,3,M_3
927361,James Garner,Everton,England Premier League,25/26,M,1,M_1
122951,Casemiro,Manchester United,England Premier League,25/26,M,1,M_1
979128,Rayan Cherki,Manchester City,England Premier League,25/26,M,0,M_0
331737,Youri Tielemans,Aston Villa,England Premier League,25/26,M,1,M_1
1142562,Mateus Fernandes,West Ham United,England Premier League,25/26,M,1,M_1
869856,Dominik Szoboszlai,Liverpool FC,England Premier League,25/26,M,0,M_0
861970,Kiernan Dewsbury-Hall,Everton,England Premier League,25/26,M,3,M_3
987650,Moisés Caicedo,Chelsea,England Premier League,25/26,M,1,M_1
974505,Enzo Fernández,Chelsea,England Premier League,25/26,M,0,M_0
889861,Anton Stach,Leeds United,England Premier League,25/26,M,0,M_0
847097,Ethan Ampadu,Leeds United,England Premier League,25/26,M,2,M_2
826204,Boubacar Kamara,Aston Villa,England Premier League,25/26,M,1,M_1
355528,Harry Wilson,Fulham,England Premier League,25/26,M,3,M_3
352770,Alex Iwobi,Fulham,England Premier League,25/26,M,1,M_1
1104986,Alex Scott,Bournemouth,England Premier League,25/26,M,2,M_2
48480,Pascal Groß,Brighton & Hove Albion,England Premier League,25/26,M,1,M_1
1109771,Adam Wharton,Crystal Palace,England Premier League,25/26,M,1,M_1
904897,Ryan Gravenberch,Liverpool FC,England Premier League,25/26,M,1,M_1
966837,Martín Zubimendi,Arsenal,England Premier League,25/26,M,1,M_1
982780,Cole Palmer,Chelsea,England Premier League,25/26,M,0,M_0
923973,Amadou Onana,Aston Villa,England Premier League,25/26,M,2,M_2
1464966,Rayan,Bournemouth,England Premier League,25/26,M,3,M_3
917005,Crysencio Summerville,West Ham United,England Premier League,25/26,M,3,M_3
364612,João Palhinha,Tottenham Hotspur,England Premier League,25/26,M,2,M_2
934354,Antoine Semenyo,Manchester City,England Premier League,25/26,M,3,M_3
907072,Mikkel Damsgaard,Brentford,England Premier League,25/26,M,3,M_3
859765,Phil Foden,Manchester City,England Premier League,25/26,M,0,M_0
552884,Jarrod Bowen,West Ham United,England Premier League,25/26,M,3,M_3
547410,Martin Ødegaard,Arsenal,England Premier League,25/26,M,1,M_1
864921,Eberechi Eze,Arsenal,England Premier League,25/26,M,3,M_3
954056,Nico González,Manchester City,England Premier League,25/26,M,1,M_1
799251,Mathias Jensen,Brentford,England Premier League,25/26,M,1,M_1
843754,Ibrahim Sangaré,Nottingham Forest,England Premier League,25/26,M,2,M_2
814873,Vitaly Janelt,Brentford,England Premier League,25/26,M,1,M_1
879349,Pedro Neto,Chelsea,England Premier League,25/26,M,3,M_3
1397168,Patrick Dorgu,Manchester United,England Premier League,25/26,M,3,M_3
870360,Daniel Muñoz,Crystal Palace,England Premier League,25/26,M,2,M_2
892673,Sandro Tonali,Newcastle United,England Premier League,25/26,M,1,M_1
865912,Morgan Gibbs-White,Nottingham Forest,England Premier League,25/26,M,3,M_3
984014,Enzo Le Fée,Sunderland,England Premier League,25/26,M,3,M_3
1400650,Lewis Miley,Newcastle United,England Premier League,25/26,M,2,M_2
159665,Mohamed Salah,Liverpool FC,England Premier League,25/26,M,0,M_0
792122,Josh Cullen,Burnley,England Premier League,25/26,M,2,M_2
250223,John McGinn,Aston Villa,England Premier League,25/26,M,3,M_3
839981,Lucas Paquetá,West Ham United,England Premier League,25/26,M,3,M_3
862967,Cody Gakpo,Liverpool FC,England Premier League,25/26,M,3,M_3
971037,Amad Diallo,Manchester United,England Premier League,25/26,M,3,M_3
997183,Xavi Simons,Tottenham Hotspur,England Premier League,25/26,M,3,M_3
1142175,Kobbie Mainoo,Manchester United,England Premier League,25/26,M,1,M_1
867442,Callum Hudson-Odoi,Nottingham Forest,England Premier League,25/26,M,3,M_3
1106451,Dango Ouattara,Brentford,England Premier League,25/26,M,3,M_3
914309,Iliman Ndiaye,Everton,England Premier League,25/26,M,3,M_3
905163,Mohammed Kudus,Tottenham Hotspur,England Premier League,25/26,M,3,M_3
866191,Sean Longstaff,Leeds United,England Premier League,25/26,M,3,M_3
793167,Sander Berge,Fulham,England Premier League,25/26,M,2,M_2
548188,Lewis Cook,Bournemouth,England Premier League,25/26,M,2,M_2
1400106,Yankuba Minteh,Brighton & Hove Albion,England Premier League,25/26,M,3,M_3
783126,Emiliano Buendía,Aston Villa,England Premier League,25/26,M,3,M_3
794338,Daichi Kamada,Crystal Palace,England Premier League,25/26,M,2,M_2
331209,Bernardo Silva,Manchester City,England Premier League,25/26,M,1,M_1
1019322,Florian Wirtz,Liverpool FC,England Premier League,25/26,M,3,M_3
927353,Curtis Jones,Liverpool FC,England Premier League,25/26,M,1,M_1
948261,Morgan Rogers,Aston Villa,England Premier League,25/26,M,3,M_3
1105779,Andrey Santos,Chelsea,England Premier League,25/26,M,2,M_2
800419,Tyler Adams,Bournemouth,England Premier League,25/26,M,2,M_2
893549,Tijjani Reijnders,Manchester City,England Premier League,25/26,M,3,M_3
867887,Douglas Luiz,Aston Villa,England Premier League,25/26,M,1,M_1
592010,Mikel Merino,Arsenal,England Premier League,25/26,M,3,M_3
1035996,André,Wolverhampton,England Premier League,25/26,M,2,M_2
871765,Nicolás Domínguez,Nottingham Forest,England Premier League,25/26,M,2,M_2
161717,James Ward-Prowse,Burnley,England Premier League,25/26,M,2,M_2
106337,Idrissa Gueye,Everton,England Premier League,25/26,M,2,M_2
988275,Tyrick Mitchell,Crystal Palace,England Premier League,25/26,M,2,M_2
936849,Kaoru Mitoma,Brighton & Hove Albion,England Premier League,25/26,M,3,M_3
42694,Jordan Henderson,Brentford,England Premier League,25/26,M,1,M_1
895576,Marcus Tavernier,Bournemouth,England Premier League,25/26,M,0,M_0
1089582,Freddie Potts,West Ham United,England Premier League,25/26,M,2,M_2
560128,Joelinton,Newcastle United,England Premier League,25/26,M,2,M_2
1065216,Oscar Bobb,Fulham,England Premier League,25/26,M,3,M_3
193554,Will Hughes,Crystal Palace,England Premier League,25/26,M,2,M_2
1002711,Pape Matar Sarr,Tottenham Hotspur,England Premier League,25/26,M,2,M_2
1036269,Yasin Ayari,Brighton & Hove Albion,England Premier League,25/26,M,2,M_2
845273,Jean-Ricner Bellegarde,Wolverhampton,England Premier League,25/26,M,2,M_2
1171539,Noah Sadiki,Sunderland,England Premier League,25/26,M,2,M_2
1020680,Jaidon Anthony,Burnley,England Premier League,25/26,M,3,M_3
1112879,Kevin,Fulham,England Premier League,25/26,M,3,M_3
1015267,João Gomes,Wolverhampton,England Premier League,25/26,M,2,M_2
1006387,Kevin Schade,Brentford,England Premier League,25/26,M,3,M_3
1085950,Tim Iroegbunam,Everton,England Premier League,25/26,M,2,M_2
799041,Tomáš Souček,West Ham United,England Premier League,25/26,M,2,M_2
1031258,Yegor Yarmolyuk,Brentford,England Premier League,25/26,M,2,M_2
1065588,Diego Gómez,Brighton & Hove Albion,England Premier League,25/26,M,3,M_3
1090963,Omari Hutchinson,Nottingham Forest,England Premier League,25/26,M,3,M_3
1009386,Hannibal,Burnley,England Premier League,25/26,M,3,M_3
871886,Ao Tanaka,Leeds United,England Premier League,25/26,M,2,M_2
355796,Jefferson Lerma,Crystal Palace,England Premier League,25/26,M,2,M_2
1170560,Soungoutou Magassa,West Ham United,England Premier League,25/26,M,2,M_2
973431,Brenden Aaronson,Leeds United,England Premier League,25/26,M,3,M_3
322391,Ryan Christie,Bournemouth,England Premier League,25/26,M,3,M_3
791190,Rodrigo Bentancur,Tottenham Hotspur,England Premier League,25/26,M,2,M_2
1048916,Lesley Ugochukwu,Burnley,England Premier League,25/26,M,2,M_2
895324,Alexis Mac Allister,Liverpool FC,England Premier League,25/26,M,2,M_2
911679,Ilia Gruev,Leeds United,England Premier League,25/26,M,2,M_2
855845,Florentino,Burnley,England Premier League,25/26,M,2,M_2
846425,Manuel Ugarte,Manchester United,England Premier League,25/26,M,2,M_2
975937,Jacob Ramsey,Newcastle United,England Premier League,25/26,M,2,M_2
904970,Conor Gallagher,Tottenham Hotspur,England Premier League,25/26,M,2,M_2
1128532,Habib Diarra,Sunderland,England Premier League,25/26,M,3,M_3
1013928,Hugo Bueno,Wolverhampton,England Premier League,25/26,M,2,M_2
867445,Emile Smith Rowe,Fulham,England Premier League,25/26,M,3,M_3
1142315,Jack Hinshelwood,Brighton & Hove Albion,England Premier League,25/26,M,3,M_3
855731,David Brooks,Bournemouth,England Premier League,25/26,M,3,M_3
371222,Saša Lukić,Fulham,England Premier League,25/26,M,2,M_2
946695,Georginio Rutter,Brighton & Hove Albion,England Premier League,25/26,M,3,M_3
944327,Dan Ndoye,Nottingham Forest,England Premier League,25/26,M,3,M_3
1199043,Carlos Baleba,Brighton & Hove Albion,England Premier League,25/26,M,2,M_2
1006073,Rodrigo Gomes,Wolverhampton,England Premier League,25/26,M,3,M_3
1142675,Chemsdine Talbi,Sunderland,England Premier League,25/26,M,3,M_3
935543,Dwight McNeil,Everton,England Premier League,25/26,M,3,M_3
844096,Jhon Arias,Wolverhampton,England Premier League,25/26,M,3,M_3
1546231,Josh King,Fulham,England Premier League,25/26,M,3,M_3
1391251,Lucas Bergvall,Tottenham Hotspur,England Premier League,25/26,M,3,M_3
1142335,Archie Gray,Tottenham Hotspur,England Premier League,25/26,M,2,M_2
1089388,Lamare Bogarde,Aston Villa,England Premier League,25/26,M,2,M_2
888550,Joe Willock,Newcastle United,England Premier League,25/26,M,3,M_3
851596,Justin Kluivert,Bournemouth,England Premier League,25/26,M,3,M_3
1096210,Jackson Tchatchoua,Wolverhampton,England Premier League,25/26,M,2,M_2
552036,Josh Laurent,Burnley,England Premier League,25/26,M,2,M_2
318963,Aleksandr Golovin,AS Monaco,France Ligue 1,23/24,M,0,M_0
156682,Téji Savanier,Montpellier,France Ligue 1,23/24,M,0,M_0
825681,Romain Del Castillo,Stade Brestois,France Ligue 1,23/24,M,0,M_0
801306,Pierre Lees-Melou,Stade Brestois,France Ligue 1,23/24,M,1,M_1
829643,Teddy Teuma,Stade de Reims,France Ligue 1,23/24,M,0,M_0
324399,Benjamin Bourigeaud,Stade Rennais,France Ligue 1,23/24,M,0,M_0
867441,Angel Gomes,Lille,France Ligue 1,23/24,M,1,M_1
783278,Junya Ito,Stade de Reims,France Ligue 1,23/24,M,3,M_3
155818,Takumi Minamino,AS Monaco,France Ligue 1,23/24,M,3,M_3
361004,Marco Asensio,Paris Saint-Germain,France Ligue 1,23/24,M,0,M_0
859027,Maxence Caqueret,Olympique Lyonnais,France Ligue 1,23/24,M,1,M_1
821728,Jonathan Clauss,Olympique de Marseille,France Ligue 1,23/24,M,1,M_1
958901,Muhammed Cham,Clermont Foot,France Ligue 1,23/24,M,0,M_0
945062,Youssouf Fofana,AS Monaco,France Ligue 1,23/24,M,1,M_1
1130939,Maghnes Akliouche,AS Monaco,France Ligue 1,23/24,M,0,M_0
343067,Corentin Tolisso,Olympique Lyonnais,France Ligue 1,23/24,M,1,M_1
917087,Kang-in Lee,Paris Saint-Germain,France Ligue 1,23/24,M,1,M_1
963298,Dilane Bakwa,RC Strasbourg,France Ligue 1,23/24,M,3,M_3
846425,Manuel Ugarte,Paris Saint-Germain,France Ligue 1,23/24,M,1,M_1
51665,Benjamin André,Lille,France Ligue 1,23/24,M,1,M_1
1023091,David Da Costa,RC Lens,France Ligue 1,23/24,M,3,M_3
579576,Ruben Aguilar,RC Lens,France Ligue 1,23/24,M,1,M_1
979128,Rayan Cherki,Olympique Lyonnais,France Ligue 1,23/24,M,0,M_0
770677,Denis Zakaria,AS Monaco,France Ligue 1,23/24,M,2,M_2
787827,Matthieu Udol,Metz,France Ligue 1,23/24,M,2,M_2
72998,Rémy Cabella,Lille,France Ligue 1,23/24,M,3,M_3
827522,Amine Harit,Olympique de Marseille,France Ligue 1,23/24,M,3,M_3
296434,Laurent Abergel,Lorient,France Ligue 1,23/24,M,1,M_1
44241,Nemanja Matić,Olympique Lyonnais,France Ligue 1,23/24,M,1,M_1
916041,Mahdi Camara,Stade Brestois,France Ligue 1,23/24,M,3,M_3
784655,Fabián Ruiz,Paris Saint-Germain,France Ligue 1,23/24,M,1,M_1
151124,Jordan Veretout,Olympique de Marseille,France Ligue 1,23/24,M,1,M_1
795002,Niklas Schmidt,Toulouse,France Ligue 1,23/24,M,1,M_1
913942,Romain Faivre,Lorient,France Ligue 1,23/24,M,3,M_3
794412,Vincent Sierro,Toulouse,France Ligue 1,23/24,M,0,M_0
1142672,Warren Zaïre-Emery,Paris Saint-Germain,France Ligue 1,23/24,M,1,M_1
984014,Enzo Le Fée,Stade Rennais,France Ligue 1,23/24,M,1,M_1
856495,Azor Matusiwa,Stade Rennais,France Ligue 1,23/24,M,2,M_2
904832,Khéphren Thuram,Nice,France Ligue 1,23/24,M,2,M_2
368120,Nabil Bentaleb,Lille,France Ligue 1,23/24,M,1,M_1
123166,Nampalys Mendy,RC Lens,France Ligue 1,23/24,M,1,M_1
873049,Nabil Alioui,Le Havre,France Ligue 1,23/24,M,3,M_3
234230,Florent Mollet,Nantes,France Ligue 1,23/24,M,3,M_3
787540,Angelo Fulgini,RC Lens,France Ligue 1,23/24,M,0,M_0
976396,Joris Chotard,Montpellier,France Ligue 1,23/24,M,2,M_2
286909,Przemyslaw Frankowski,RC Lens,France Ligue 1,23/24,M,3,M_3
250133,Morgan Sanson,Nice,France Ligue 1,23/24,M,3,M_3
832427,Carlos Soler,Paris Saint-Germain,France Ligue 1,23/24,M,1,M_1
1008849,Mohamed Camara,AS Monaco,France Ligue 1,23/24,M,1,M_1
1082953,Habib Keïta,Clermont Foot,France Ligue 1,23/24,M,2,M_2
804472,Pablo Rosario,Nice,France Ligue 1,23/24,M,2,M_2
788977,Stijn Spierings,Toulouse,France Ligue 1,23/24,M,1,M_1
344751,Baptiste Santamaria,Stade Rennais,France Ligue 1,23/24,M,1,M_1
96544,Geoffrey Kondogbia,Olympique de Marseille,France Ligue 1,23/24,M,1,M_1
1128530,Neil El Aynaoui,RC Lens,France Ligue 1,23/24,M,2,M_2
1128532,Habib Diarra,RC Strasbourg,France Ligue 1,23/24,M,3,M_3
942844,Julien Ponceau,Lorient,France Ligue 1,23/24,M,3,M_3
216222,Johan Gastien,Clermont Foot,France Ligue 1,23/24,M,1,M_1
1389846,Lamine Camara,Metz,France Ligue 1,23/24,M,2,M_2
914309,Iliman Ndiaye,Olympique de Marseille,France Ligue 1,23/24,M,3,M_3
541426,Daler Kuzyaev,Le Havre,France Ligue 1,23/24,M,2,M_2
149732,Abdoulaye Touré,Le Havre,France Ligue 1,23/24,M,2,M_2
894733,Marshall Munetsi,Stade de Reims,France Ligue 1,23/24,M,3,M_3
985923,Hicham Boudaoui,Nice,France Ligue 1,23/24,M,2,M_2
861324,Hugo Magnetti,Stade Brestois,France Ligue 1,23/24,M,2,M_2
905352,Keito Nakamura,Stade de Reims,France Ligue 1,23/24,M,3,M_3
799216,Pedro Chirivella,Nantes,France Ligue 1,23/24,M,1,M_1
873534,Krépin Diatta,AS Monaco,France Ligue 1,23/24,M,2,M_2
878938,Cristian Cásseres Jr.,Toulouse,France Ligue 1,23/24,M,2,M_2
1086455,Ângelo,RC Strasbourg,France Ligue 1,23/24,M,3,M_3
1197153,Junior Mwanga,RC Strasbourg,France Ligue 1,23/24,M,2,M_2
827804,Yusuf Yazıcı,Lille,France Ligue 1,23/24,M,0,M_0
1095731,Oussama Targhalline,Le Havre,France Ligue 1,23/24,M,2,M_2
806076,Ludovic Blas,Stade Rennais,France Ligue 1,23/24,M,3,M_3
231946,Adrien Thomasson,RC Lens,France Ligue 1,23/24,M,3,M_3
880765,Emmanuel Sabbi,Le Havre,France Ligue 1,23/24,M,3,M_3
991421,Azzedine Ounahi,Olympique de Marseille,France Ligue 1,23/24,M,1,M_1
1121333,Amir Richardson,Stade de Reims,France Ligue 1,23/24,M,2,M_2
886534,Ablie Jallow,Metz,France Ligue 1,23/24,M,3,M_3
1387157,Khalil Fayad,Montpellier,France Ligue 1,23/24,M,3,M_3
1048889,Andy Diouf,RC Lens,France Ligue 1,23/24,M,3,M_3
1035986,Josué Casimir,Le Havre,France Ligue 1,23/24,M,3,M_3
82555,Maxime Gonalons,Clermont Foot,France Ligue 1,23/24,M,2,M_2
829093,Ibrahima Sissoko,RC Strasbourg,France Ligue 1,23/24,M,2,M_2
1170560,Soungoutou Magassa,AS Monaco,France Ligue 1,23/24,M,1,M_1
1000442,Yassine Kechta,Le Havre,France Ligue 1,23/24,M,2,M_2
153218,Thomas Delaine,RC Strasbourg,France Ligue 1,23/24,M,2,M_2
123264,Jonas Martin,Stade Brestois,France Ligue 1,23/24,M,1,M_1
149735,Tiemoué Bakayoko,Lorient,France Ligue 1,23/24,M,2,M_2
769163,Bilal Boutobba,Clermont Foot,France Ligue 1,23/24,M,3,M_3
1048366,Warren Kamanzi,Toulouse,France Ligue 1,23/24,M,2,M_2
1131540,Théo Le Bris,Lorient,France Ligue 1,23/24,M,2,M_2
942840,Yohann Magnin,Clermont Foot,France Ligue 1,23/24,M,2,M_2
863133,Aron Dønnum,Toulouse,France Ligue 1,23/24,M,3,M_3
995671,Reda Khadra,Stade de Reims,France Ligue 1,23/24,M,3,M_3
1138804,Hákon Arnar Haraldsson,Lille,France Ligue 1,23/24,M,3,M_3
1402217,Panos Katseris,Lorient,France Ligue 1,23/24,M,3,M_3
823476,Kévin N'Doram,Metz,France Ligue 1,23/24,M,2,M_2
1173167,Danley Jean Jacques,Metz,France Ligue 1,23/24,M,2,M_2
123229,Jordan Ferri,Montpellier,France Ligue 1,23/24,M,1,M_1
1444690,Arthur Atta,Metz,France Ligue 1,23/24,M,2,M_2
892624,Samuel Moutoussamy,Nantes,France Ligue 1,23/24,M,2,M_2
1048014,Alan Virginius,Clermont Foot,France Ligue 1,23/24,M,3,M_3
217770,Mehdi Zeffane,Clermont Foot,France Ligue 1,23/24,M,2,M_2
27014,Moussa Sissoko,Nantes,France Ligue 1,23/24,M,2,M_2
993455,Salis Abdul Samed,RC Lens,France Ligue 1,23/24,M,2,M_2
979128,Rayan Cherki,Olympique Lyonnais,France Ligue 1,24/25,M,0,M_0
902029,Vitinha,Paris Saint-Germain,France Ligue 1,24/25,M,1,M_1
917087,Kang-in Lee,Paris Saint-Germain,France Ligue 1,24/25,M,0,M_0
1190933,João Neves,Paris Saint-Germain,France Ligue 1,24/25,M,1,M_1
1105779,Andrey Santos,RC Strasbourg,France Ligue 1,24/25,M,1,M_1
250737,Adrien Rabiot,Olympique de Marseille,France Ligue 1,24/25,M,3,M_3
821728,Jonathan Clauss,Nice,France Ligue 1,24/25,M,1,M_1
286909,Przemyslaw Frankowski,RC Lens,France Ligue 1,24/25,M,1,M_1
149593,Pierre-Emile Højbjerg,Olympique de Marseille,France Ligue 1,24/25,M,1,M_1
827506,Gaëtan Perrin,Auxerre,France Ligue 1,24/25,M,0,M_0
963298,Dilane Bakwa,RC Strasbourg,France Ligue 1,24/25,M,0,M_0
1130939,Maghnes Akliouche,AS Monaco,France Ligue 1,24/25,M,0,M_0
343067,Corentin Tolisso,Olympique Lyonnais,France Ligue 1,24/25,M,1,M_1
1389846,Lamine Camara,AS Monaco,France Ligue 1,24/25,M,1,M_1
784655,Fabián Ruiz,Paris Saint-Germain,France Ligue 1,24/25,M,1,M_1
1138804,Hákon Arnar Haraldsson,Lille,France Ligue 1,24/25,M,3,M_3
51665,Benjamin André,Lille,France Ligue 1,24/25,M,1,M_1
806076,Ludovic Blas,Stade Rennais,France Ligue 1,24/25,M,3,M_3
156682,Téji Savanier,Montpellier,France Ligue 1,24/25,M,0,M_0
801306,Pierre Lees-Melou,Stade Brestois,France Ligue 1,24/25,M,1,M_1
318963,Aleksandr Golovin,AS Monaco,France Ligue 1,24/25,M,1,M_1
770677,Denis Zakaria,AS Monaco,France Ligue 1,24/25,M,1,M_1
977679,Luis Henrique,Olympique de Marseille,France Ligue 1,24/25,M,3,M_3
1128530,Neil El Aynaoui,RC Lens,France Ligue 1,24/25,M,0,M_0
985923,Hicham Boudaoui,Nice,France Ligue 1,24/25,M,2,M_2
72998,Rémy Cabella,Lille,France Ligue 1,24/25,M,0,M_0
863133,Aron Dønnum,Toulouse,France Ligue 1,24/25,M,2,M_2
231946,Adrien Thomasson,RC Lens,France Ligue 1,24/25,M,1,M_1
1445628,Djaoui Cissé,Stade Rennais,France Ligue 1,24/25,M,1,M_1
856495,Azor Matusiwa,Stade Rennais,France Ligue 1,24/25,M,2,M_2
878938,Cristian Cásseres Jr.,Toulouse,France Ligue 1,24/25,M,2,M_2
944660,Thiago Almada,Olympique Lyonnais,France Ligue 1,24/25,M,0,M_0
783278,Junya Ito,Stade de Reims,France Ligue 1,24/25,M,3,M_3
149732,Abdoulaye Touré,Le Havre,France Ligue 1,24/25,M,0,M_0
916041,Mahdi Camara,Stade Brestois,France Ligue 1,24/25,M,3,M_3
825681,Romain Del Castillo,Stade Brestois,France Ligue 1,24/25,M,0,M_0
1127057,Valentín Barco,RC Strasbourg,France Ligue 1,24/25,M,1,M_1
579576,Ruben Aguilar,RC Lens,France Ligue 1,24/25,M,1,M_1
962068,Sebastian Nanasi,RC Strasbourg,France Ligue 1,24/25,M,3,M_3
892924,Hamed Traoré,Auxerre,France Ligue 1,24/25,M,3,M_3
1142233,Diego Moreira,RC Strasbourg,France Ligue 1,24/25,M,2,M_2
1195784,Malick Fofana,Olympique Lyonnais,France Ligue 1,24/25,M,3,M_3
794412,Vincent Sierro,Toulouse,France Ligue 1,24/25,M,1,M_1
894733,Marshall Munetsi,Stade de Reims,France Ligue 1,24/25,M,3,M_3
945830,Himad Abdelli,Angers,France Ligue 1,24/25,M,3,M_3
155818,Takumi Minamino,AS Monaco,France Ligue 1,24/25,M,3,M_3
581314,Valentin Rongier,Olympique de Marseille,France Ligue 1,24/25,M,1,M_1
1142672,Warren Zaïre-Emery,Paris Saint-Germain,France Ligue 1,24/25,M,1,M_1
96544,Geoffrey Kondogbia,Olympique de Marseille,France Ligue 1,24/25,M,1,M_1
1035986,Josué Casimir,Le Havre,France Ligue 1,24/25,M,3,M_3
905352,Keito Nakamura,Stade de Reims,France Ligue 1,24/25,M,3,M_3
234142,Florian Tardieu,Saint-Étienne,France Ligue 1,24/25,M,1,M_1
845486,Tanguy Ndombélé,Nice,France Ligue 1,24/25,M,2,M_2
965357,Osame Sahraoui,Lille,France Ligue 1,24/25,M,3,M_3
944164,Sofiane Diop,Nice,France Ligue 1,24/25,M,0,M_0
996908,Pierre Ekwah,Saint-Étienne,France Ligue 1,24/25,M,1,M_1
1003400,Mory Gbane,Stade de Reims,France Ligue 1,24/25,M,2,M_2
1130942,Félix Lemaréchal,RC Strasbourg,France Ligue 1,24/25,M,3,M_3
1128532,Habib Diarra,RC Strasbourg,France Ligue 1,24/25,M,3,M_3
1156353,Kamory Doumbia,Stade Brestois,France Ligue 1,24/25,M,3,M_3
1151803,Kévin Danois,Auxerre,France Ligue 1,24/25,M,2,M_2
1136409,Jordan James,Stade Rennais,France Ligue 1,24/25,M,2,M_2
580642,Haris Belkebla,Angers,France Ligue 1,24/25,M,2,M_2
1153265,Badredine Bouanani,Nice,France Ligue 1,24/25,M,0,M_0
913942,Romain Faivre,Stade Brestois,France Ligue 1,24/25,M,3,M_3
344751,Baptiste Santamaria,Nice,France Ligue 1,24/25,M,2,M_2
44241,Nemanja Matić,Olympique Lyonnais,France Ligue 1,24/25,M,1,M_1
1154611,Valentin Atangana,Stade de Reims,France Ligue 1,24/25,M,2,M_2
799216,Pedro Chirivella,Nantes,France Ligue 1,24/25,M,1,M_1
156004,Jean-Eudes Aholou,Angers,France Ligue 1,24/25,M,2,M_2
787540,Angelo Fulgini,RC Lens,France Ligue 1,24/25,M,3,M_3
1022084,Tanner Tessmann,Olympique Lyonnais,France Ligue 1,24/25,M,1,M_1
963299,Johann Lepenant,Nantes,France Ligue 1,24/25,M,2,M_2
1170560,Soungoutou Magassa,AS Monaco,France Ligue 1,24/25,M,2,M_2
151124,Jordan Veretout,Olympique Lyonnais,France Ligue 1,24/25,M,1,M_1
1046446,Benjamin Bouchouari,Saint-Étienne,France Ligue 1,24/25,M,2,M_2
1586875,Amadou Koné,Stade de Reims,France Ligue 1,24/25,M,2,M_2
804472,Pablo Rosario,Nice,France Ligue 1,24/25,M,2,M_2
1391541,Ngal'ayel Mukau,Lille,France Ligue 1,24/25,M,2,M_2
235460,André Gomes,Lille,France Ligue 1,24/25,M,1,M_1
1172936,Louis Mouton,Saint-Étienne,France Ligue 1,24/25,M,2,M_2
1564180,Ayyoub Bouaddi,Lille,France Ligue 1,24/25,M,2,M_2
1492676,Rabby Nzingoula,Montpellier,France Ligue 1,24/25,M,2,M_2
911039,Sorba Thomas,Nantes,France Ligue 1,24/25,M,3,M_3
1048889,Andy Diouf,RC Lens,France Ligue 1,24/25,M,3,M_3
904424,Elisha Owusu,Auxerre,France Ligue 1,24/25,M,2,M_2
1000442,Yassine Kechta,Le Havre,France Ligue 1,24/25,M,2,M_2
992026,Rassoul Ndiaye,Le Havre,France Ligue 1,24/25,M,2,M_2
954060,Tanguy Coulibaly,Montpellier,France Ligue 1,24/25,M,3,M_3
1048366,Warren Kamanzi,Toulouse,France Ligue 1,24/25,M,2,M_2
976396,Joris Chotard,Montpellier,France Ligue 1,24/25,M,2,M_2
1136280,Shavy Babicka,Toulouse,France Ligue 1,24/25,M,3,M_3
1197153,Junior Mwanga,Le Havre,France Ligue 1,24/25,M,2,M_2
1387157,Khalil Fayad,Montpellier,France Ligue 1,24/25,M,2,M_2
1095731,Oussama Targhalline,Le Havre,France Ligue 1,24/25,M,2,M_2
1130986,Paul Joly,Auxerre,France Ligue 1,24/25,M,2,M_2
861324,Hugo Magnetti,Stade Brestois,France Ligue 1,24/25,M,2,M_2
927340,Han-Noah Massengo,Auxerre,France Ligue 1,24/25,M,2,M_2
123229,Jordan Ferri,Montpellier,France Ligue 1,24/25,M,1,M_1
330099,Edimilson Fernandes,Stade Brestois,France Ligue 1,24/25,M,2,M_2
990227,Aïmen Moueffek,Saint-Étienne,France Ligue 1,24/25,M,2,M_2
1195241,Yassin Belkhdim,Angers,France Ligue 1,24/25,M,2,M_2
902029,Vitinha,Paris Saint-Germain,France Ligue 1,25/26,M,1,M_1
1049442,Ilan Kebbal,Paris FC,France Ligue 1,25/26,M,0,M_0
581314,Valentin Rongier,Stade Rennais,France Ligue 1,25/26,M,1,M_1
149593,Pierre-Emile Højbjerg,Olympique de Marseille,France Ligue 1,25/26,M,1,M_1
863133,Aron Dønnum,Toulouse,France Ligue 1,25/26,M,0,M_0
1389846,Lamine Camara,AS Monaco,France Ligue 1,25/26,M,1,M_1
979118,Tyler Morton,Olympique Lyonnais,France Ligue 1,25/26,M,1,M_1
343067,Corentin Tolisso,Olympique Lyonnais,France Ligue 1,25/26,M,0,M_0
878938,Cristian Cásseres Jr.,Toulouse,France Ligue 1,25/26,M,1,M_1
51665,Benjamin André,Lille,France Ligue 1,25/26,M,1,M_1
1127057,Valentín Barco,RC Strasbourg,France Ligue 1,25/26,M,1,M_1
1190933,João Neves,Paris Saint-Germain,France Ligue 1,25/26,M,1,M_1
1064697,Mamadou Sangaré,RC Lens,France Ligue 1,25/26,M,1,M_1
784655,Fabián Ruiz,Paris Saint-Germain,France Ligue 1,25/26,M,1,M_1
973556,Julio Enciso,RC Strasbourg,France Ligue 1,25/26,M,0,M_0
1130939,Maghnes Akliouche,AS Monaco,France Ligue 1,25/26,M,3,M_3
190883,Branco van den Boomen,Angers,France Ligue 1,25/26,M,1,M_1
787827,Matthieu Udol,RC Lens,France Ligue 1,25/26,M,2,M_2
917087,Kang-in Lee,Paris Saint-Germain,France Ligue 1,25/26,M,0,M_0
1151803,Kévin Danois,Auxerre,France Ligue 1,25/26,M,1,M_1
1465307,Arthur Avom,Lorient,France Ligue 1,25/26,M,1,M_1
992026,Rassoul Ndiaye,Le Havre,France Ligue 1,25/26,M,2,M_2
1142672,Warren Zaïre-Emery,Paris Saint-Germain,France Ligue 1,25/26,M,1,M_1
1142233,Diego Moreira,RC Strasbourg,France Ligue 1,25/26,M,3,M_3
286909,Przemyslaw Frankowski,Stade Rennais,France Ligue 1,25/26,M,1,M_1
1605921,Samir El Mourabet,RC Strasbourg,France Ligue 1,25/26,M,1,M_1
842391,Gauthier Hein,Metz,France Ligue 1,25/26,M,0,M_0
368120,Nabil Bentaleb,Lille,France Ligue 1,25/26,M,1,M_1
579576,Ruben Aguilar,RC Lens,France Ligue 1,25/26,M,2,M_2
821728,Jonathan Clauss,Nice,France Ligue 1,25/26,M,1,M_1
1138804,Hákon Arnar Haraldsson,Lille,France Ligue 1,25/26,M,3,M_3
1410217,Pape Demba Diop,Toulouse,France Ligue 1,25/26,M,1,M_1
966849,Saud Abdulhamid,RC Lens,France Ligue 1,25/26,M,2,M_2
801306,Pierre Lees-Melou,Paris FC,France Ligue 1,25/26,M,1,M_1
296434,Laurent Abergel,Lorient,France Ligue 1,25/26,M,1,M_1
976396,Joris Chotard,Stade Brestois,France Ligue 1,25/26,M,2,M_2
1855502,Arsène Kouassi,Lorient,France Ligue 1,25/26,M,2,M_2
981815,Igor Paixão,Olympique de Marseille,France Ligue 1,25/26,M,3,M_3
1190938,Martial Godo,RC Strasbourg,France Ligue 1,25/26,M,3,M_3
993952,Noah Cadiou,Lorient,France Ligue 1,25/26,M,1,M_1
231946,Adrien Thomasson,RC Lens,France Ligue 1,25/26,M,3,M_3
873534,Krépin Diatta,AS Monaco,France Ligue 1,25/26,M,2,M_2
944164,Sofiane Diop,Nice,France Ligue 1,25/26,M,3,M_3
934498,Félix Correia,Lille,France Ligue 1,25/26,M,3,M_3
962068,Sebastian Nanasi,RC Strasbourg,France Ligue 1,25/26,M,3,M_3
318963,Aleksandr Golovin,AS Monaco,France Ligue 1,25/26,M,3,M_3
1035695,Fodé Doucouré,Le Havre,France Ligue 1,25/26,M,3,M_3
963299,Johann Lepenant,Nantes,France Ligue 1,25/26,M,2,M_2
352802,Maxime Lopez,Paris FC,France Ligue 1,25/26,M,1,M_1
1131540,Théo Le Bris,Lorient,France Ligue 1,25/26,M,2,M_2
770677,Denis Zakaria,AS Monaco,France Ligue 1,25/26,M,2,M_2
806076,Ludovic Blas,Stade Rennais,France Ligue 1,25/26,M,0,M_0
945830,Himad Abdelli,Olympique de Marseille,France Ligue 1,25/26,M,1,M_1
1022084,Tanner Tessmann,Olympique Lyonnais,France Ligue 1,25/26,M,2,M_2
1012657,Lucas Gourna-Douath,Le Havre,France Ligue 1,25/26,M,2,M_2
825681,Romain Del Castillo,Stade Brestois,France Ligue 1,25/26,M,0,M_0
861324,Hugo Magnetti,Stade Brestois,France Ligue 1,25/26,M,2,M_2
985923,Hicham Boudaoui,Nice,France Ligue 1,25/26,M,2,M_2
894733,Marshall Munetsi,Paris FC,France Ligue 1,25/26,M,3,M_3
1156353,Kamory Doumbia,Stade Brestois,France Ligue 1,25/26,M,3,M_3
1473491,Senny Mayulu,Paris Saint-Germain,France Ligue 1,25/26,M,3,M_3
1127590,Mohamed Kaba,Nantes,France Ligue 1,25/26,M,2,M_2
105951,Benjamin Stambouli,Metz,France Ligue 1,25/26,M,2,M_2
928033,Charles Vanhoutte,Nice,France Ligue 1,25/26,M,2,M_2
1127313,Tom Louchet,Nice,France Ligue 1,25/26,M,3,M_3
904424,Elisha Owusu,Auxerre,France Ligue 1,25/26,M,2,M_2
580642,Haris Belkebla,Angers,France Ligue 1,25/26,M,2,M_2
1195241,Yassin Belkhdim,Angers,France Ligue 1,25/26,M,2,M_2
1507384,Adama Camara,Paris FC,France Ligue 1,25/26,M,2,M_2
1410148,Mamadou Coulibaly,AS Monaco,France Ligue 1,25/26,M,2,M_2
875677,Giorgi Tsitaishvili,Metz,France Ligue 1,25/26,M,3,M_3
855810,Timothy Weah,Olympique de Marseille,France Ligue 1,25/26,M,2,M_2
1564180,Ayyoub Bouaddi,Lille,France Ligue 1,25/26,M,2,M_2
1197153,Junior Mwanga,RC Strasbourg,France Ligue 1,25/26,M,2,M_2
1392829,Amine Sbaï,Angers,France Ligue 1,25/26,M,3,M_3
1000175,Adam Karabec,Olympique Lyonnais,France Ligue 1,25/26,M,3,M_3
902657,Jessy Deminguet,Metz,France Ligue 1,25/26,M,2,M_2
982613,Boubacar Traoré,Metz,France Ligue 1,25/26,M,2,M_2
1961626,Rudy Matondo,Paris FC,France Ligue 1,25/26,M,2,M_2
1445628,Djaoui Cissé,Stade Rennais,France Ligue 1,25/26,M,3,M_3
916041,Mahdi Camara,Stade Rennais,France Ligue 1,25/26,M,2,M_2
1930811,Abdoul Ouattara,RC Strasbourg,France Ligue 1,25/26,M,2,M_2
959805,Quinten Timber,Olympique de Marseille,France Ligue 1,25/26,M,2,M_2
2127096,Khalis Merah,Olympique Lyonnais,France Ligue 1,25/26,M,2,M_2
1405998,Louis Leroux,Nantes,France Ligue 1,25/26,M,2,M_2
1405912,Dehmaine Tabibou,Nantes,France Ligue 1,25/26,M,3,M_3
155818,Takumi Minamino,AS Monaco,France Ligue 1,25/26,M,3,M_3
1391541,Ngal'ayel Mukau,Lille,France Ligue 1,25/26,M,2,M_2
1490783,Simon Ebonog,Le Havre,France Ligue 1,25/26,M,2,M_2
1035986,Josué Casimir,Auxerre,France Ligue 1,25/26,M,2,M_2
250133,Morgan Sanson,Nice,France Ligue 1,25/26,M,2,M_2
1000442,Yassine Kechta,Le Havre,France Ligue 1,25/26,M,3,M_3
1172936,Louis Mouton,Angers,France Ligue 1,25/26,M,3,M_3
1894003,Dayann Methalie,Toulouse,France Ligue 1,25/26,M,2,M_2
1597191,Alpha Touré,Metz,France Ligue 1,25/26,M,2,M_2
1410231,Pathé Mboup,Stade Brestois,France Ligue 1,25/26,M,3,M_3
993455,Salis Abdul Samed,Nice,France Ligue 1,25/26,M,2,M_2
2193194,Alexis Vossah,Toulouse,France Ligue 1,25/26,M,2,M_2
177177,Alejandro Grimaldo,Bayer 04 Leverkusen,Germany Bundesliga,23/24,M,0,M_0
997183,Xavi Simons,RB Leipzig,Germany Bundesliga,23/24,M,0,M_0
293519,Leroy Sané,FC Bayern München,Germany Bundesliga,23/24,M,0,M_0
1019322,Florian Wirtz,Bayer 04 Leverkusen,Germany Bundesliga,23/24,M,0,M_0
822600,Exequiel Palacios,Bayer 04 Leverkusen,Germany Bundesliga,23/24,M,1,M_1
95381,Kevin Stöger,VfL Bochum 1848,Germany Bundesliga,23/24,M,0,M_0
117777,Granit Xhaka,Bayer 04 Leverkusen,Germany Bundesliga,23/24,M,1,M_1
1010231,Jamal Musiala,FC Bayern München,Germany Bundesliga,23/24,M,0,M_0
259117,Joshua Kimmich,FC Bayern München,Germany Bundesliga,23/24,M,1,M_1
184661,Leon Goretzka,FC Bayern München,Germany Bundesliga,23/24,M,1,M_1
836711,Niklas Beste,1. FC Heidenheim,Germany Bundesliga,23/24,M,0,M_0
327755,Nadiem Amiri,1. FSV Mainz 05,Germany Bundesliga,23/24,M,0,M_0
901882,Angelo Stiller,VfB Stuttgart,Germany Bundesliga,23/24,M,1,M_1
280441,Kingsley Coman,FC Bayern München,Germany Bundesliga,23/24,M,0,M_0
171961,Vincenzo Grifo,SC Freiburg,Germany Bundesliga,23/24,M,0,M_0
280453,Franck Honorat,Borussia M'gladbach,Germany Bundesliga,23/24,M,0,M_0
891510,Chris Führich,VfB Stuttgart,Germany Bundesliga,23/24,M,0,M_0
35166,Thomas Müller,FC Bayern München,Germany Bundesliga,23/24,M,0,M_0
851100,Jadon Sancho,Borussia Dortmund,Germany Bundesliga,23/24,M,3,M_3
789071,Dani Olmo,RB Leipzig,Germany Bundesliga,23/24,M,0,M_0
37092,Marco Reus,Borussia Dortmund,Germany Bundesliga,23/24,M,0,M_0
822708,Amadou Haidara,RB Leipzig,Germany Bundesliga,23/24,M,1,M_1
889861,Anton Stach,TSG Hoffenheim,Germany Bundesliga,23/24,M,2,M_2
1192318,Farès Chaïbi,Eintracht Frankfurt,Germany Bundesliga,23/24,M,3,M_3
791079,Xaver Schlager,RB Leipzig,Germany Bundesliga,23/24,M,1,M_1
133908,Marcel Sabitzer,Borussia Dortmund,Germany Bundesliga,23/24,M,1,M_1
801030,Atakan Karazor,VfB Stuttgart,Germany Bundesliga,23/24,M,1,M_1
192308,Alassane Pléa,Borussia M'gladbach,Germany Bundesliga,23/24,M,3,M_3
147289,Maximilian Arnold,VfL Wolfsburg,Germany Bundesliga,23/24,M,1,M_1
957889,Enzo Millot,VfB Stuttgart,Germany Bundesliga,23/24,M,3,M_3
1142251,Aleksandar Pavlovic,FC Bayern München,Germany Bundesliga,23/24,M,1,M_1
138150,Mitchell Weiser,SV Werder Bremen,Germany Bundesliga,23/24,M,3,M_3
876858,Robin Hack,Borussia M'gladbach,Germany Bundesliga,23/24,M,0,M_0
237068,Julian Weigl,Borussia M'gladbach,Germany Bundesliga,23/24,M,2,M_2
537552,Jae-sung Lee,1. FSV Mainz 05,Germany Bundesliga,23/24,M,3,M_3
1198075,Brajan Gruda,1. FSV Mainz 05,Germany Bundesliga,23/24,M,3,M_3
186719,Florian Grillitsch,TSG Hoffenheim,Germany Bundesliga,23/24,M,1,M_1
1048650,Rocco Reitz,Borussia M'gladbach,Germany Bundesliga,23/24,M,2,M_2
906800,Leandro Barreiro,1. FSV Mainz 05,Germany Bundesliga,23/24,M,2,M_2
797691,Marvin Mehlem,Darmstadt 98,Germany Bundesliga,23/24,M,3,M_3
78781,Florian Kainz,1. FC Köln,Germany Bundesliga,23/24,M,0,M_0
800252,Tim Skarke,Darmstadt 98,Germany Bundesliga,23/24,M,3,M_3
836706,Arne Maier,FC Augsburg,Germany Bundesliga,23/24,M,0,M_0
796987,Mattias Svanberg,VfL Wolfsburg,Germany Bundesliga,23/24,M,3,M_3
109296,Pavel Kaderabek,TSG Hoffenheim,Germany Bundesliga,23/24,M,2,M_2
800951,Julian Ryerson,Borussia Dortmund,Germany Bundesliga,23/24,M,2,M_2
66518,Mario Götze,Eintracht Frankfurt,Germany Bundesliga,23/24,M,1,M_1
591706,Ellyes Skhiri,Eintracht Frankfurt,Germany Bundesliga,23/24,M,2,M_2
988639,Eric Martel,1. FC Köln,Germany Bundesliga,23/24,M,2,M_2
846471,Anthony Caci,1. FSV Mainz 05,Germany Bundesliga,23/24,M,1,M_1
791642,Josip Juranovic,1. FC Union Berlin,Germany Bundesliga,23/24,M,1,M_1
841947,Lovro Majer,VfL Wolfsburg,Germany Bundesliga,23/24,M,3,M_3
790965,Ritsu Doan,SC Freiburg,Germany Bundesliga,23/24,M,3,M_3
830127,Romano Schmid,SV Werder Bremen,Germany Bundesliga,23/24,M,3,M_3
846356,Fredrik Jensen,FC Augsburg,Germany Bundesliga,23/24,M,3,M_3
327863,Robert Skov,TSG Hoffenheim,Germany Bundesliga,23/24,M,3,M_3
830142,Jens Stage,SV Werder Bremen,Germany Bundesliga,23/24,M,2,M_2
837205,Florian Neuhaus,Borussia M'gladbach,Germany Bundesliga,23/24,M,0,M_0
1016810,Kevin Paredes,VfL Wolfsburg,Germany Bundesliga,23/24,M,3,M_3
569784,Maximilian Eggestein,SC Freiburg,Germany Bundesliga,23/24,M,2,M_2
872919,Rubén Vargas,FC Augsburg,Germany Bundesliga,23/24,M,3,M_3
253993,Grischa Prömel,TSG Hoffenheim,Germany Bundesliga,23/24,M,2,M_2
49639,Nicolas Höfler,SC Freiburg,Germany Bundesliga,23/24,M,2,M_2
907463,Felix Nmecha,Borussia Dortmund,Germany Bundesliga,23/24,M,2,M_2
138126,Phillipp Mwene,1. FSV Mainz 05,Germany Bundesliga,23/24,M,2,M_2
796206,Kristijan Jakic,FC Augsburg,Germany Bundesliga,23/24,M,2,M_2
1140599,Jamie Gittens,Borussia Dortmund,Germany Bundesliga,23/24,M,3,M_3
914755,Patrick Osterhage,VfL Bochum 1848,Germany Bundesliga,23/24,M,2,M_2
157377,Silvan Widmer,1. FSV Mainz 05,Germany Bundesliga,23/24,M,3,M_3
869883,Dejan Ljubicic,1. FC Köln,Germany Bundesliga,23/24,M,2,M_2
933707,Jan Schöppner,1. FC Heidenheim,Germany Bundesliga,23/24,M,2,M_2
37630,Tobias Kempe,Darmstadt 98,Germany Bundesliga,23/24,M,3,M_3
974087,Manu Koné,Borussia M'gladbach,Germany Bundesliga,23/24,M,2,M_2
949062,Silas,VfB Stuttgart,Germany Bundesliga,23/24,M,0,M_0
48557,Christopher Trimmel,1. FC Union Berlin,Germany Bundesliga,23/24,M,2,M_2
843132,Julian Justvan,Darmstadt 98,Germany Bundesliga,23/24,M,3,M_3
119179,Anthony Losilla,VfL Bochum 1848,Germany Bundesliga,23/24,M,2,M_2
826171,Senne Lynen,SV Werder Bremen,Germany Bundesliga,23/24,M,2,M_2
877842,Yannik Keitel,SC Freiburg,Germany Bundesliga,23/24,M,2,M_2
84251,Kevin Kampl,RB Leipzig,Germany Bundesliga,23/24,M,1,M_1
990201,Jamie Leweling,VfB Stuttgart,Germany Bundesliga,23/24,M,3,M_3
169255,Yannick Gerhardt,VfL Wolfsburg,Germany Bundesliga,23/24,M,2,M_2
825956,Christoph Baumgartner,RB Leipzig,Germany Bundesliga,23/24,M,3,M_3
877302,András Schäfer,1. FC Union Berlin,Germany Bundesliga,23/24,M,3,M_3
330099,Edimilson Fernandes,1. FSV Mainz 05,Germany Bundesliga,23/24,M,1,M_1
828077,Aïssa Laïdouni,1. FC Union Berlin,Germany Bundesliga,23/24,M,2,M_2
1001867,Arne Engels,FC Augsburg,Germany Bundesliga,23/24,M,3,M_3
1010726,Jan Thielmann,1. FC Köln,Germany Bundesliga,23/24,M,3,M_3
842188,Elvis Rexhbecaj,FC Augsburg,Germany Bundesliga,23/24,M,2,M_2
795005,Salih Özcan,Borussia Dortmund,Germany Bundesliga,23/24,M,2,M_2
111969,Leonardo Bittencourt,SV Werder Bremen,Germany Bundesliga,23/24,M,3,M_3
794995,Niklas Dorsch,FC Augsburg,Germany Bundesliga,23/24,M,2,M_2
1142211,Hugo Larsson,Eintracht Frankfurt,Germany Bundesliga,23/24,M,2,M_2
280631,Vaclav Cerny,VfL Wolfsburg,Germany Bundesliga,23/24,M,3,M_3
929806,Kevin Sessa,1. FC Heidenheim,Germany Bundesliga,23/24,M,3,M_3
962409,Nathan Ngoumou,Borussia M'gladbach,Germany Bundesliga,23/24,M,3,M_3
800444,Matthias Bader,Darmstadt 98,Germany Bundesliga,23/24,M,2,M_2
787889,Lucas Tousart,1. FC Union Berlin,Germany Bundesliga,23/24,M,2,M_2
117373,Kevin Volland,1. FC Union Berlin,Germany Bundesliga,23/24,M,3,M_3
989371,Aster Vranckx,VfL Wolfsburg,Germany Bundesliga,23/24,M,2,M_2
168985,Janik Haberer,1. FC Union Berlin,Germany Bundesliga,23/24,M,2,M_2
930272,Tom Krauß,1. FSV Mainz 05,Germany Bundesliga,23/24,M,2,M_2
921033,Linton Maina,1. FC Köln,Germany Bundesliga,23/24,M,3,M_3
1064842,Denis Huseinbasic,1. FC Köln,Germany Bundesliga,23/24,M,2,M_2
1083410,Umut Tohumcu,TSG Hoffenheim,Germany Bundesliga,23/24,M,2,M_2
893962,Lennard Maloney,1. FC Heidenheim,Germany Bundesliga,23/24,M,2,M_2
988203,Rasmus Carstensen,1. FC Köln,Germany Bundesliga,23/24,M,2,M_2
845742,Adrian Beck,1. FC Heidenheim,Germany Bundesliga,23/24,M,3,M_3
254119,Marius Wolf,Borussia Dortmund,Germany Bundesliga,23/24,M,1,M_1
973431,Brenden Aaronson,1. FC Union Berlin,Germany Bundesliga,23/24,M,3,M_3
825740,Alex Král,1. FC Union Berlin,Germany Bundesliga,23/24,M,2,M_2
795000,Felix Passlack,VfL Bochum 1848,Germany Bundesliga,23/24,M,2,M_2
1064082,Merlin Röhl,SC Freiburg,Germany Bundesliga,23/24,M,3,M_3
187207,Matus Bero,VfL Bochum 1848,Germany Bundesliga,23/24,M,3,M_3
149479,Rani Khedira,1. FC Union Berlin,Germany Bundesliga,23/24,M,2,M_2
163673,Klaus Gjasula,Darmstadt 98,Germany Bundesliga,23/24,M,2,M_2
575952,Mathias Honsak,Darmstadt 98,Germany Bundesliga,23/24,M,3,M_3
259117,Joshua Kimmich,FC Bayern München,Germany Bundesliga,24/25,M,1,M_1
978838,Michael Olise,FC Bayern München,Germany Bundesliga,24/25,M,0,M_0
1019322,Florian Wirtz,Bayer 04 Leverkusen,Germany Bundesliga,24/25,M,0,M_0
997183,Xavi Simons,RB Leipzig,Germany Bundesliga,24/25,M,0,M_0
1010231,Jamal Musiala,FC Bayern München,Germany Bundesliga,24/25,M,0,M_0
280453,Franck Honorat,Borussia M'gladbach,Germany Bundesliga,24/25,M,0,M_0
117777,Granit Xhaka,Bayer 04 Leverkusen,Germany Bundesliga,24/25,M,1,M_1
901882,Angelo Stiller,VfB Stuttgart,Germany Bundesliga,24/25,M,1,M_1
327755,Nadiem Amiri,1. FSV Mainz 05,Germany Bundesliga,24/25,M,0,M_0
177177,Alejandro Grimaldo,Bayer 04 Leverkusen,Germany Bundesliga,24/25,M,1,M_1
171961,Vincenzo Grifo,SC Freiburg,Germany Bundesliga,24/25,M,0,M_0
1129935,Tom Bischof,TSG Hoffenheim,Germany Bundesliga,24/25,M,1,M_1
830127,Romano Schmid,SV Werder Bremen,Germany Bundesliga,24/25,M,0,M_0
980621,Paul Nebel,1. FSV Mainz 05,Germany Bundesliga,24/25,M,3,M_3
830142,Jens Stage,SV Werder Bremen,Germany Bundesliga,24/25,M,3,M_3
293519,Leroy Sané,FC Bayern München,Germany Bundesliga,24/25,M,0,M_0
537552,Jae-sung Lee,1. FSV Mainz 05,Germany Bundesliga,24/25,M,3,M_3
822600,Exequiel Palacios,Bayer 04 Leverkusen,Germany Bundesliga,24/25,M,1,M_1
790965,Ritsu Doan,SC Freiburg,Germany Bundesliga,24/25,M,3,M_3
796047,Aleix García,Bayer 04 Leverkusen,Germany Bundesliga,24/25,M,1,M_1
1142251,Aleksandar Pavlovic,FC Bayern München,Germany Bundesliga,24/25,M,1,M_1
147289,Maximilian Arnold,VfL Wolfsburg,Germany Bundesliga,24/25,M,1,M_1
184661,Leon Goretzka,FC Bayern München,Germany Bundesliga,24/25,M,1,M_1
48480,Pascal Groß,Borussia Dortmund,Germany Bundesliga,24/25,M,1,M_1
280441,Kingsley Coman,FC Bayern München,Germany Bundesliga,24/25,M,0,M_0
889861,Anton Stach,TSG Hoffenheim,Germany Bundesliga,24/25,M,2,M_2
801030,Atakan Karazor,VfB Stuttgart,Germany Bundesliga,24/25,M,1,M_1
1386651,Léo Scienza,1. FC Heidenheim,Germany Bundesliga,24/25,M,0,M_0
95381,Kevin Stöger,Borussia M'gladbach,Germany Bundesliga,24/25,M,0,M_0
1140599,Jamie Gittens,Borussia Dortmund,Germany Bundesliga,24/25,M,3,M_3
192308,Alassane Pléa,Borussia M'gladbach,Germany Bundesliga,24/25,M,0,M_0
138150,Mitchell Weiser,SV Werder Bremen,Germany Bundesliga,24/25,M,3,M_3
907463,Felix Nmecha,Borussia Dortmund,Germany Bundesliga,24/25,M,1,M_1
187433,Serge Gnabry,FC Bayern München,Germany Bundesliga,24/25,M,0,M_0
187207,Matus Bero,VfL Bochum 1848,Germany Bundesliga,24/25,M,3,M_3
1048650,Rocco Reitz,Borussia M'gladbach,Germany Bundesliga,24/25,M,2,M_2
980916,Alexander Bernhardsson,Holstein Kiel,Germany Bundesliga,24/25,M,3,M_3
237068,Julian Weigl,Borussia M'gladbach,Germany Bundesliga,24/25,M,2,M_2
846471,Anthony Caci,1. FSV Mainz 05,Germany Bundesliga,24/25,M,2,M_2
181581,Jackson Irvine,FC St. Pauli,Germany Bundesliga,24/25,M,2,M_2
930272,Tom Krauß,VfL Bochum 1848,Germany Bundesliga,24/25,M,2,M_2
1028307,Kaishu Sano,1. FSV Mainz 05,Germany Bundesliga,24/25,M,2,M_2
354878,Dimitrios Giannoulis,FC Augsburg,Germany Bundesliga,24/25,M,2,M_2
876858,Robin Hack,Borussia M'gladbach,Germany Bundesliga,24/25,M,3,M_3
891510,Chris Führich,VfB Stuttgart,Germany Bundesliga,24/25,M,3,M_3
66518,Mario Götze,Eintracht Frankfurt,Germany Bundesliga,24/25,M,1,M_1
48557,Christopher Trimmel,1. FC Union Berlin,Germany Bundesliga,24/25,M,2,M_2
987504,Patrick Wimmer,VfL Wolfsburg,Germany Bundesliga,24/25,M,3,M_3
800951,Julian Ryerson,Borussia Dortmund,Germany Bundesliga,24/25,M,2,M_2
1048820,Noah Weißhaupt,FC St. Pauli,Germany Bundesliga,24/25,M,3,M_3
280551,Manolis Saliakas,FC St. Pauli,Germany Bundesliga,24/25,M,2,M_2
84251,Kevin Kampl,RB Leipzig,Germany Bundesliga,24/25,M,1,M_1
591706,Ellyes Skhiri,Eintracht Frankfurt,Germany Bundesliga,24/25,M,2,M_2
957889,Enzo Millot,VfB Stuttgart,Germany Bundesliga,24/25,M,3,M_3
1142211,Hugo Larsson,Eintracht Frankfurt,Germany Bundesliga,24/25,M,2,M_2
569784,Maximilian Eggestein,SC Freiburg,Germany Bundesliga,24/25,M,2,M_2
976575,Nicolas Seiwald,RB Leipzig,Germany Bundesliga,24/25,M,1,M_1
35166,Thomas Müller,FC Bayern München,Germany Bundesliga,24/25,M,3,M_3
933707,Jan Schöppner,1. FC Heidenheim,Germany Bundesliga,24/25,M,2,M_2
885864,Frank Onyeka,FC Augsburg,Germany Bundesliga,24/25,M,2,M_2
845742,Adrian Beck,1. FC Heidenheim,Germany Bundesliga,24/25,M,3,M_3
575952,Mathias Honsak,1. FC Heidenheim,Germany Bundesliga,24/25,M,3,M_3
253517,Gerrit Holtmann,VfL Bochum 1848,Germany Bundesliga,24/25,M,3,M_3
796206,Kristijan Jakic,FC Augsburg,Germany Bundesliga,24/25,M,2,M_2
990201,Jamie Leweling,VfB Stuttgart,Germany Bundesliga,24/25,M,3,M_3
254119,Marius Wolf,FC Augsburg,Germany Bundesliga,24/25,M,2,M_2
791642,Josip Juranovic,1. FC Union Berlin,Germany Bundesliga,24/25,M,2,M_2
842188,Elvis Rexhbecaj,FC Augsburg,Germany Bundesliga,24/25,M,2,M_2
829093,Ibrahima Sissoko,VfL Bochum 1848,Germany Bundesliga,24/25,M,2,M_2
794995,Niklas Dorsch,1. FC Heidenheim,Germany Bundesliga,24/25,M,2,M_2
978062,Alexander Prass,TSG Hoffenheim,Germany Bundesliga,24/25,M,2,M_2
826171,Senne Lynen,SV Werder Bremen,Germany Bundesliga,24/25,M,2,M_2
877302,András Schäfer,1. FC Union Berlin,Germany Bundesliga,24/25,M,2,M_2
592560,Georgios Masouras,VfL Bochum 1848,Germany Bundesliga,24/25,M,3,M_3
149479,Rani Khedira,1. FC Union Berlin,Germany Bundesliga,24/25,M,2,M_2
1192318,Farès Chaïbi,Eintracht Frankfurt,Germany Bundesliga,24/25,M,3,M_3
138126,Phillipp Mwene,1. FSV Mainz 05,Germany Bundesliga,24/25,M,2,M_2
111969,Leonardo Bittencourt,SV Werder Bremen,Germany Bundesliga,24/25,M,1,M_1
789714,Finn Porath,Holstein Kiel,Germany Bundesliga,24/25,M,2,M_2
133908,Marcel Sabitzer,Borussia Dortmund,Germany Bundesliga,24/25,M,2,M_2
822708,Amadou Haidara,RB Leipzig,Germany Bundesliga,24/25,M,2,M_2
801263,Jakub Kamiński,VfL Wolfsburg,Germany Bundesliga,24/25,M,3,M_3
796987,Mattias Svanberg,VfL Wolfsburg,Germany Bundesliga,24/25,M,3,M_3
836706,Arne Maier,FC Augsburg,Germany Bundesliga,24/25,M,3,M_3
109296,Pavel Kaderabek,TSG Hoffenheim,Germany Bundesliga,24/25,M,2,M_2
1064305,Nicolai Remberg,Holstein Kiel,Germany Bundesliga,24/25,M,2,M_2
914755,Patrick Osterhage,SC Freiburg,Germany Bundesliga,24/25,M,2,M_2
825956,Christoph Baumgartner,RB Leipzig,Germany Bundesliga,24/25,M,3,M_3
1418624,Bence Dárdai,VfL Wolfsburg,Germany Bundesliga,24/25,M,2,M_2
795000,Felix Passlack,VfL Bochum 1848,Germany Bundesliga,24/25,M,2,M_2
988893,Armin Gigovic,Holstein Kiel,Germany Bundesliga,24/25,M,3,M_3
168985,Janik Haberer,1. FC Union Berlin,Germany Bundesliga,24/25,M,2,M_2
886737,Derrick Köhn,SV Werder Bremen,Germany Bundesliga,24/25,M,2,M_2
1198074,Aljoscha Kemlein,1. FC Union Berlin,Germany Bundesliga,24/25,M,2,M_2
855854,Dani de Wit,VfL Bochum 1848,Germany Bundesliga,24/25,M,3,M_3
1146018,Paul Wanner,1. FC Heidenheim,Germany Bundesliga,24/25,M,3,M_3
939623,Carlo Boukhalfa,FC St. Pauli,Germany Bundesliga,24/25,M,3,M_3
169255,Yannick Gerhardt,VfL Wolfsburg,Germany Bundesliga,24/25,M,2,M_2
1149127,Arthur Vermeeren,RB Leipzig,Germany Bundesliga,24/25,M,2,M_2
1135884,Lewis Holtby,Holstein Kiel,Germany Bundesliga,24/25,M,2,M_2
977919,Magnus Knudsen,Holstein Kiel,Germany Bundesliga,24/25,M,2,M_2
800252,Tim Skarke,1. FC Union Berlin,Germany Bundesliga,24/25,M,3,M_3
119179,Anthony Losilla,VfL Bochum 1848,Germany Bundesliga,24/25,M,2,M_2
1064082,Merlin Röhl,SC Freiburg,Germany Bundesliga,24/25,M,3,M_3
978838,Michael Olise,FC Bayern München,Germany Bundesliga,25/26,M,0,M_0
259117,Joshua Kimmich,FC Bayern München,Germany Bundesliga,25/26,M,1,M_1
796047,Aleix García,Bayer 04 Leverkusen,Germany Bundesliga,25/26,M,1,M_1
327755,Nadiem Amiri,1. FSV Mainz 05,Germany Bundesliga,25/26,M,0,M_0
177177,Alejandro Grimaldo,Bayer 04 Leverkusen,Germany Bundesliga,25/26,M,0,M_0
883537,Luis Díaz,FC Bayern München,Germany Bundesliga,25/26,M,0,M_0
901882,Angelo Stiller,VfB Stuttgart,Germany Bundesliga,25/26,M,1,M_1
1518931,Johan Manzambi,SC Freiburg,Germany Bundesliga,25/26,M,3,M_3
1440948,Can Uzun,Eintracht Frankfurt,Germany Bundesliga,25/26,M,0,M_0
1142251,Aleksandar Pavlovic,FC Bayern München,Germany Bundesliga,25/26,M,1,M_1
904835,Fábio Vieira,Hamburger SV,Germany Bundesliga,25/26,M,0,M_0
891510,Chris Führich,VfB Stuttgart,Germany Bundesliga,25/26,M,0,M_0
184661,Leon Goretzka,FC Bayern München,Germany Bundesliga,25/26,M,1,M_1
147289,Maximilian Arnold,VfL Wolfsburg,Germany Bundesliga,25/26,M,1,M_1
801263,Jakub Kamiński,1. FC Köln,Germany Bundesliga,25/26,M,3,M_3
187433,Serge Gnabry,FC Bayern München,Germany Bundesliga,25/26,M,0,M_0
916946,Wouter Burger,TSG Hoffenheim,Germany Bundesliga,25/26,M,1,M_1
800951,Julian Ryerson,Borussia Dortmund,Germany Bundesliga,25/26,M,3,M_3
822600,Exequiel Palacios,Bayer 04 Leverkusen,Germany Bundesliga,25/26,M,1,M_1
990201,Jamie Leweling,VfB Stuttgart,Germany Bundesliga,25/26,M,3,M_3
1493305,Leon Avdullahu,TSG Hoffenheim,Germany Bundesliga,25/26,M,1,M_1
48557,Christopher Trimmel,1. FC Union Berlin,Germany Bundesliga,25/26,M,2,M_2
1028307,Kaishu Sano,1. FSV Mainz 05,Germany Bundesliga,25/26,M,2,M_2
1126569,Bilal El Khannouss,VfB Stuttgart,Germany Bundesliga,25/26,M,0,M_0
830142,Jens Stage,SV Werder Bremen,Germany Bundesliga,25/26,M,3,M_3
1800475,Said El Mala,1. FC Köln,Germany Bundesliga,25/26,M,3,M_3
901892,Albert Sambi Lokonga,Hamburger SV,Germany Bundesliga,25/26,M,2,M_2
280551,Manolis Saliakas,FC St. Pauli,Germany Bundesliga,25/26,M,2,M_2
1464641,Chema Andrés,VfB Stuttgart,Germany Bundesliga,25/26,M,2,M_2
907463,Felix Nmecha,Borussia Dortmund,Germany Bundesliga,25/26,M,2,M_2
791079,Xaver Schlager,RB Leipzig,Germany Bundesliga,25/26,M,1,M_1
171961,Vincenzo Grifo,SC Freiburg,Germany Bundesliga,25/26,M,0,M_0
798303,Miro Muheim,Hamburger SV,Germany Bundesliga,25/26,M,2,M_2
825956,Christoph Baumgartner,RB Leipzig,Germany Bundesliga,25/26,M,3,M_3
975798,Malik Tillman,Bayer 04 Leverkusen,Germany Bundesliga,25/26,M,3,M_3
1064305,Nicolai Remberg,Hamburger SV,Germany Bundesliga,25/26,M,2,M_2
861981,Nikolas Nartey,VfB Stuttgart,Germany Bundesliga,25/26,M,3,M_3
354878,Dimitrios Giannoulis,FC Augsburg,Germany Bundesliga,25/26,M,2,M_2
930272,Tom Krauß,1. FC Köln,Germany Bundesliga,25/26,M,2,M_2
1568123,Bazoumana Touré,TSG Hoffenheim,Germany Bundesliga,25/26,M,3,M_3
105734,Christian Eriksen,VfL Wolfsburg,Germany Bundesliga,25/26,M,0,M_0
830127,Romano Schmid,SV Werder Bremen,Germany Bundesliga,25/26,M,0,M_0
133908,Marcel Sabitzer,Borussia Dortmund,Germany Bundesliga,25/26,M,2,M_2
976575,Nicolas Seiwald,RB Leipzig,Germany Bundesliga,25/26,M,2,M_2
1129935,Tom Bischof,FC Bayern München,Germany Bundesliga,25/26,M,1,M_1
1418623,Assan Ouédraogo,RB Leipzig,Germany Bundesliga,25/26,M,3,M_3
929620,Fabian Rieder,FC Augsburg,Germany Bundesliga,25/26,M,3,M_3
794995,Niklas Dorsch,1. FC Heidenheim,Germany Bundesliga,25/26,M,2,M_2
979290,Vini Souza,VfL Wolfsburg,Germany Bundesliga,25/26,M,2,M_2
987504,Patrick Wimmer,VfL Wolfsburg,Germany Bundesliga,25/26,M,3,M_3
280453,Franck Honorat,Borussia M'gladbach,Germany Bundesliga,25/26,M,3,M_3
253993,Grischa Prömel,TSG Hoffenheim,Germany Bundesliga,25/26,M,3,M_3
1048650,Rocco Reitz,Borussia M'gladbach,Germany Bundesliga,25/26,M,2,M_2
790965,Ritsu Doan,Eintracht Frankfurt,Germany Bundesliga,25/26,M,3,M_3
569784,Maximilian Eggestein,SC Freiburg,Germany Bundesliga,25/26,M,2,M_2
1129365,Anton Kade,FC Augsburg,Germany Bundesliga,25/26,M,3,M_3
988639,Eric Martel,1. FC Köln,Germany Bundesliga,25/26,M,2,M_2
1100836,Samuel Mbangula,SV Werder Bremen,Germany Bundesliga,25/26,M,3,M_3
1192318,Farès Chaïbi,Eintracht Frankfurt,Germany Bundesliga,25/26,M,3,M_3
1861975,Lennart Karl,FC Bayern München,Germany Bundesliga,25/26,M,0,M_0
1002813,Yan Couto,Borussia Dortmund,Germany Bundesliga,25/26,M,3,M_3
157377,Silvan Widmer,1. FSV Mainz 05,Germany Bundesliga,25/26,M,2,M_2
138126,Phillipp Mwene,1. FSV Mainz 05,Germany Bundesliga,25/26,M,2,M_2
978062,Alexander Prass,TSG Hoffenheim,Germany Bundesliga,25/26,M,3,M_3
801030,Atakan Karazor,VfB Stuttgart,Germany Bundesliga,25/26,M,2,M_2
836711,Niklas Beste,SC Freiburg,Germany Bundesliga,25/26,M,3,M_3
1142248,Arijon Ibrahimovic,1. FC Heidenheim,Germany Bundesliga,25/26,M,3,M_3
927340,Han-Noah Massengo,FC Augsburg,Germany Bundesliga,25/26,M,2,M_2
860461,Robin Fellhauer,FC Augsburg,Germany Bundesliga,25/26,M,2,M_2
796206,Kristijan Jakic,FC Augsburg,Germany Bundesliga,25/26,M,2,M_2
1003012,Equi Fernández,Bayer 04 Leverkusen,Germany Bundesliga,25/26,M,1,M_1
826171,Senne Lynen,SV Werder Bremen,Germany Bundesliga,25/26,M,2,M_2
1021272,Daniel Svensson,Borussia Dortmund,Germany Bundesliga,25/26,M,2,M_2
95381,Kevin Stöger,Borussia M'gladbach,Germany Bundesliga,25/26,M,0,M_0
1020422,Yuito Suzuki,SC Freiburg,Germany Bundesliga,25/26,M,3,M_3
1142211,Hugo Larsson,Eintracht Frankfurt,Germany Bundesliga,25/26,M,2,M_2
1198074,Aljoscha Kemlein,1. FC Union Berlin,Germany Bundesliga,25/26,M,2,M_2
990209,Yannik Engelhardt,Borussia M'gladbach,Germany Bundesliga,25/26,M,2,M_2
1010726,Jan Thielmann,1. FC Köln,Germany Bundesliga,25/26,M,3,M_3
1112327,Ísak Jóhannesson,1. FC Köln,Germany Bundesliga,25/26,M,2,M_2
885892,James Sands,FC St. Pauli,Germany Bundesliga,25/26,M,2,M_2
1134083,Jobe Bellingham,Borussia Dortmund,Germany Bundesliga,25/26,M,2,M_2
1066042,Julian Niehues,1. FC Heidenheim,Germany Bundesliga,25/26,M,2,M_2
886737,Derrick Köhn,1. FC Union Berlin,Germany Bundesliga,25/26,M,3,M_3
149479,Rani Khedira,1. FC Union Berlin,Germany Bundesliga,25/26,M,2,M_2
921033,Linton Maina,1. FC Köln,Germany Bundesliga,25/26,M,3,M_3
537552,Jae-sung Lee,1. FSV Mainz 05,Germany Bundesliga,25/26,M,3,M_3
181581,Jackson Irvine,FC St. Pauli,Germany Bundesliga,25/26,M,2,M_2
1002461,Joel Chima Fujita,FC St. Pauli,Germany Bundesliga,25/26,M,2,M_2
837205,Florian Neuhaus,Borussia M'gladbach,Germany Bundesliga,25/26,M,3,M_3
1019312,Jens Castrop,Borussia M'gladbach,Germany Bundesliga,25/26,M,3,M_3
994556,Carney Chukwuemeka,Borussia Dortmund,Germany Bundesliga,25/26,M,3,M_3
591706,Ellyes Skhiri,Eintracht Frankfurt,Germany Bundesliga,25/26,M,2,M_2
168985,Janik Haberer,1. FC Union Berlin,Germany Bundesliga,25/26,M,2,M_2
877302,András Schäfer,1. FC Union Berlin,Germany Bundesliga,25/26,M,2,M_2
254119,Marius Wolf,FC Augsburg,Germany Bundesliga,25/26,M,3,M_3
916176,Cameron Puertas,SV Werder Bremen,Germany Bundesliga,25/26,M,2,M_2
1174761,Arthur,Bayer 04 Leverkusen,Germany Bundesliga,25/26,M,2,M_2
914755,Patrick Osterhage,SC Freiburg,Germany Bundesliga,25/26,M,2,M_2
971481,Arkadiusz Pyrka,FC St. Pauli,Germany Bundesliga,25/26,M,2,M_2
1390682,Mert Kömür,FC Augsburg,Germany Bundesliga,25/26,M,3,M_3
169255,Yannick Gerhardt,VfL Wolfsburg,Germany Bundesliga,25/26,M,2,M_2
841947,Lovro Majer,VfL Wolfsburg,Germany Bundesliga,25/26,M,3,M_3
842188,Elvis Rexhbecaj,FC Augsburg,Germany Bundesliga,25/26,M,2,M_2
842526,Bakery Jatta,Hamburger SV,Germany Bundesliga,25/26,M,2,M_2
933707,Jan Schöppner,1. FC Heidenheim,Germany Bundesliga,25/26,M,2,M_2
980621,Paul Nebel,1. FSV Mainz 05,Germany Bundesliga,25/26,M,3,M_3
1137900,Louis Oppie,FC St. Pauli,Germany Bundesliga,25/26,M,2,M_2
575952,Mathias Honsak,1. FC Heidenheim,Germany Bundesliga,25/26,M,3,M_3
1102528,William Mikelbrencis,Hamburger SV,Germany Bundesliga,25/26,M,2,M_2
1149113,Oscar Højlund,Eintracht Frankfurt,Germany Bundesliga,25/26,M,2,M_2
135700,Hakan Çalhanoğlu,Inter,Italy Serie A,23/24,M,0,M_0
284361,Federico Dimarco,Inter,Italy Serie A,23/24,M,0,M_0
111416,Luis Alberto,Lazio,Italy Serie A,23/24,M,0,M_0
235672,Matteo Politano,SSC Napoli,Italy Serie A,23/24,M,0,M_0
250737,Adrien Rabiot,Juventus,Italy Serie A,23/24,M,2,M_2
37151,Henrikh Mkhitaryan,Inter,Italy Serie A,23/24,M,1,M_1
901325,Nico González,Fiorentina,Italy Serie A,23/24,M,0,M_0
36784,Giacomo Bonaventura,Fiorentina,Italy Serie A,23/24,M,0,M_0
803033,Teun Koopmeiners,Atalanta,Italy Serie A,23/24,M,0,M_0
907152,Lewis Ferguson,Bologna,Italy Serie A,23/24,M,1,M_1
363860,Manuel Locatelli,Juventus,Italy Serie A,23/24,M,1,M_1
794927,Arthur Melo,Fiorentina,Italy Serie A,23/24,M,1,M_1
324353,Aleksey Miranchuk,Atalanta,Italy Serie A,23/24,M,0,M_0
255389,Leandro Paredes,AS Roma,Italy Serie A,23/24,M,1,M_1
138605,Piotr Zielinski,SSC Napoli,Italy Serie A,23/24,M,1,M_1
186855,Bryan Cristante,AS Roma,Italy Serie A,23/24,M,1,M_1
946888,Éderson,Atalanta,Italy Serie A,23/24,M,1,M_1
893549,Tijjani Reijnders,AC Milan,Italy Serie A,23/24,M,1,M_1
152276,Felipe Anderson,Lazio,Italy Serie A,23/24,M,3,M_3
363856,Nicolò Barella,Inter,Italy Serie A,23/24,M,1,M_1
859024,Yacine Adli,AC Milan,Italy Serie A,23/24,M,1,M_1
793645,Riccardo Orsolini,Bologna,Italy Serie A,23/24,M,0,M_0
246319,Ondrej Duda,Hellas Verona,Italy Serie A,23/24,M,1,M_1
823733,Ismaël Bennacer,AC Milan,Italy Serie A,23/24,M,1,M_1
918440,Morten Frendrup,Genoa,Italy Serie A,23/24,M,2,M_2
100389,Marten de Roon,Atalanta,Italy Serie A,23/24,M,1,M_1
980624,Lazar Samardžić,Udinese,Italy Serie A,23/24,M,0,M_0
357596,Nikola Vlašić,Torino,Italy Serie A,23/24,M,3,M_3
190437,Mario Pašalić,Atalanta,Italy Serie A,23/24,M,3,M_3
901891,Alexis Saelemaekers,Bologna,Italy Serie A,23/24,M,0,M_0
284441,Ruben Loftus-Cheek,AC Milan,Italy Serie A,23/24,M,3,M_3
794338,Daichi Kamada,Lazio,Italy Serie A,23/24,M,1,M_1
826185,Raoul Bellanova,Torino,Italy Serie A,23/24,M,2,M_2
21608,Nicolas Viola,Cagliari,Italy Serie A,23/24,M,0,M_0
115516,Remo Freuler,Bologna,Italy Serie A,23/24,M,1,M_1
350210,Matteo Pessina,Monza,Italy Serie A,23/24,M,1,M_1
881931,Weston McKennie,Juventus,Italy Serie A,23/24,M,2,M_2
369866,Luca Mazzitelli,Frosinone,Italy Serie A,23/24,M,1,M_1
787941,Frank Anguissa,SSC Napoli,Italy Serie A,23/24,M,1,M_1
791566,Grigoris Kastanos,Salernitana,Italy Serie A,23/24,M,3,M_3
877371,Ivan Ilić,Torino,Italy Serie A,23/24,M,1,M_1
287057,Roberto Gagliardini,Monza,Italy Serie A,23/24,M,1,M_1
232224,Alfred Duncan,Fiorentina,Italy Serie A,23/24,M,1,M_1
150383,Stanislav Lobotka,SSC Napoli,Italy Serie A,23/24,M,1,M_1
930189,Samuele Ricci,Torino,Italy Serie A,23/24,M,2,M_2
126588,Filip Kostić,Juventus,Italy Serie A,23/24,M,3,M_3
917048,Andrea Cambiaso,Juventus,Italy Serie A,23/24,M,2,M_2
39482,Milan Badelj,Genoa,Italy Serie A,23/24,M,2,M_2
279563,Răzvan Marin,Empoli,Italy Serie A,23/24,M,2,M_2
759520,Denzel Dumfries,Inter,Italy Serie A,23/24,M,3,M_3
575852,Sandi Lovrić,Udinese,Italy Serie A,23/24,M,3,M_3
911350,Lameck Banda,Lecce,Italy Serie A,23/24,M,3,M_3
924973,Kristian Thorstvedt,Sassuolo,Italy Serie A,23/24,M,3,M_3
186845,Alberto Grassi,Empoli,Italy Serie A,23/24,M,2,M_2
915812,Abdou Harroui,Frosinone,Italy Serie A,23/24,M,3,M_3
158615,Matías Vecino,Lazio,Italy Serie A,23/24,M,3,M_3
852404,Mattéo Guendouzi,Lazio,Italy Serie A,23/24,M,2,M_2
937324,Nicolò Rovella,Lazio,Italy Serie A,23/24,M,1,M_1
798002,Toma Bašić,Salernitana,Italy Serie A,23/24,M,2,M_2
978562,Reinier,Frosinone,Italy Serie A,23/24,M,3,M_3
902019,Gianluca Gaetano,Cagliari,Italy Serie A,23/24,M,0,M_0
1067204,Giovanni Fabbian,Bologna,Italy Serie A,23/24,M,3,M_3
1153083,Valentín Carboni,Monza,Italy Serie A,23/24,M,3,M_3
233826,Valentino Lazaro,Torino,Italy Serie A,23/24,M,2,M_2
122701,Roberto Pereyra,Udinese,Italy Serie A,23/24,M,3,M_3
856062,Martin Hongla,Hellas Verona,Italy Serie A,23/24,M,2,M_2
849274,Youssef Maleh,Empoli,Italy Serie A,23/24,M,2,M_2
195850,Ruslan Malinovskyi,Genoa,Italy Serie A,23/24,M,3,M_3
848355,Angeliño,AS Roma,Italy Serie A,23/24,M,2,M_2
553686,Walace,Udinese,Italy Serie A,23/24,M,2,M_2
1397168,Patrick Dorgu,Lecce,Italy Serie A,23/24,M,2,M_2
1087316,Enzo Barrenechea,Frosinone,Italy Serie A,23/24,M,1,M_1
132318,Davide Zappacosta,Atalanta,Italy Serie A,23/24,M,3,M_3
288321,Paweł Dawidowicz,Hellas Verona,Italy Serie A,23/24,M,2,M_2
800408,Suat Serdar,Hellas Verona,Italy Serie A,23/24,M,2,M_2
856729,Samuele Birindelli,Monza,Italy Serie A,23/24,M,2,M_2
850891,Michel Aebischer,Bologna,Italy Serie A,23/24,M,1,M_1
835600,Davide Frattesi,Inter,Italy Serie A,23/24,M,3,M_3
882592,Daniel Boloca,Sassuolo,Italy Serie A,23/24,M,2,M_2
351434,Hassane Kamara,Udinese,Italy Serie A,23/24,M,2,M_2
848185,Giulio Maggiore,Salernitana,Italy Serie A,23/24,M,2,M_2
912786,Matheus Henrique,Sassuolo,Italy Serie A,23/24,M,2,M_2
352802,Maxime Lopez,Fiorentina,Italy Serie A,23/24,M,1,M_1
944327,Dan Ndoye,Bologna,Italy Serie A,23/24,M,3,M_3
596736,Tommaso Augello,Cagliari,Italy Serie A,23/24,M,2,M_2
986352,Edoardo Bove,AS Roma,Italy Serie A,23/24,M,2,M_2
1012383,Kacper Urbański,Bologna,Italy Serie A,23/24,M,3,M_3
34221,Kevin Strootman,Genoa,Italy Serie A,23/24,M,2,M_2
984184,Nicola Zalewski,AS Roma,Italy Serie A,23/24,M,2,M_2
589620,Nahitan Nández,Cagliari,Italy Serie A,23/24,M,3,M_3
189135,Karol Linetty,Torino,Italy Serie A,23/24,M,2,M_2
317301,Danilo Cataldi,Lazio,Italy Serie A,23/24,M,1,M_1
841977,Ylber Ramadani,Lecce,Italy Serie A,23/24,M,2,M_2
548178,Rolando Mandragora,Fiorentina,Italy Serie A,23/24,M,2,M_2
869795,Michael Folorunsho,Hellas Verona,Italy Serie A,23/24,M,3,M_3
825861,Nedim Bajrami,Sassuolo,Italy Serie A,23/24,M,3,M_3
891346,Emanuele Valeri,Frosinone,Italy Serie A,23/24,M,3,M_3
1137730,Joan González,Lecce,Italy Serie A,23/24,M,2,M_2
595900,Francesco Gelli,Frosinone,Italy Serie A,23/24,M,2,M_2
895592,Martín Payero,Udinese,Italy Serie A,23/24,M,3,M_3
1111640,Matteo Prati,Cagliari,Italy Serie A,23/24,M,2,M_2
41157,Darko Lazović,Hellas Verona,Italy Serie A,23/24,M,3,M_3
1010223,Fabio Miretti,Juventus,Italy Serie A,23/24,M,3,M_3
603738,Junior Sambia,Salernitana,Italy Serie A,23/24,M,2,M_2
1127590,Mohamed Kaba,Lecce,Italy Serie A,23/24,M,2,M_2
1012172,Tommaso Baldanzi,AS Roma,Italy Serie A,23/24,M,3,M_3
857671,Jens Cajuste,SSC Napoli,Italy Serie A,23/24,M,2,M_2
897594,Domagoj Bradarić,Salernitana,Italy Serie A,23/24,M,2,M_2
983815,Yunus Musah,AC Milan,Italy Serie A,23/24,M,2,M_2
857772,Hamza Rafia,Lecce,Italy Serie A,23/24,M,2,M_2
609206,Kingsley Ehizibue,Udinese,Italy Serie A,23/24,M,2,M_2
855810,Timothy Weah,Juventus,Italy Serie A,23/24,M,2,M_2
1000366,Warren Bondo,Monza,Italy Serie A,23/24,M,2,M_2
105905,Ibrahim Sulemana,Cagliari,Italy Serie A,23/24,M,2,M_2
280991,Morten Thorsby,Genoa,Italy Serie A,23/24,M,3,M_3
905264,Liberato Cacace,Empoli,Italy Serie A,23/24,M,2,M_2
383314,Paulo Azzi,Cagliari,Italy Serie A,23/24,M,2,M_2
920391,Antoine Makoumbou,Cagliari,Italy Serie A,23/24,M,2,M_2
928800,Marco Brescianini,Frosinone,Italy Serie A,23/24,M,3,M_3
1096210,Jackson Tchatchoua,Hellas Verona,Italy Serie A,23/24,M,2,M_2
184421,Stefano Sabelli,Genoa,Italy Serie A,23/24,M,2,M_2
797286,Aarón Martín,Genoa,Italy Serie A,23/24,M,2,M_2
318657,Alexis Blin,Lecce,Italy Serie A,23/24,M,2,M_2
814589,Giuseppe Pezzella,Empoli,Italy Serie A,23/24,M,2,M_2
965009,Gaetano Oristanio,Cagliari,Italy Serie A,23/24,M,3,M_3
804621,Lassana Coulibaly,Salernitana,Italy Serie A,23/24,M,2,M_2
964119,Jordan Zemura,Udinese,Italy Serie A,23/24,M,2,M_2
934409,Marcus Pedersen,Sassuolo,Italy Serie A,23/24,M,2,M_2
541578,Emmanuel Gyasi,Empoli,Italy Serie A,23/24,M,2,M_2
328109,Alessandro Deiola,Cagliari,Italy Serie A,23/24,M,2,M_2
922928,Alessandro Zanoli,Salernitana,Italy Serie A,23/24,M,2,M_2
377512,Pasquale Mazzocchi,SSC Napoli,Italy Serie A,23/24,M,2,M_2
1064080,Mateusz Łęgowski,Salernitana,Italy Serie A,23/24,M,2,M_2
135700,Hakan Çalhanoğlu,Inter,Italy Serie A,24/25,M,0,M_0
879346,Scott McTominay,SSC Napoli,Italy Serie A,24/25,M,3,M_3
255389,Leandro Paredes,AS Roma,Italy Serie A,24/25,M,1,M_1
363860,Manuel Locatelli,Juventus,Italy Serie A,24/25,M,1,M_1
793645,Riccardo Orsolini,Bologna,Italy Serie A,24/25,M,0,M_0
901891,Alexis Saelemaekers,AS Roma,Italy Serie A,24/25,M,0,M_0
284361,Federico Dimarco,Inter,Italy Serie A,24/25,M,0,M_0
893549,Tijjani Reijnders,AC Milan,Italy Serie A,24/25,M,3,M_3
1171451,Nico Paz,Como,Italy Serie A,24/25,M,0,M_0
363856,Nicolò Barella,Inter,Italy Serie A,24/25,M,1,M_1
946888,Éderson,Atalanta,Italy Serie A,24/25,M,1,M_1
100389,Marten de Roon,Atalanta,Italy Serie A,24/25,M,1,M_1
911848,Lucas Da Cunha,Como,Italy Serie A,24/25,M,1,M_1
937324,Nicolò Rovella,Lazio,Italy Serie A,24/25,M,1,M_1
944327,Dan Ndoye,Bologna,Italy Serie A,24/25,M,3,M_3
934384,Adrián Bernabé,Parma,Italy Serie A,24/25,M,1,M_1
848355,Angeliño,AS Roma,Italy Serie A,24/25,M,1,M_1
852404,Mattéo Guendouzi,Lazio,Italy Serie A,24/25,M,1,M_1
787941,Frank Anguissa,SSC Napoli,Italy Serie A,24/25,M,2,M_2
548178,Rolando Mandragora,Fiorentina,Italy Serie A,24/25,M,1,M_1
37151,Henrikh Mkhitaryan,Inter,Italy Serie A,24/25,M,1,M_1
235672,Matteo Politano,SSC Napoli,Italy Serie A,24/25,M,3,M_3
797286,Aarón Martín,Genoa,Italy Serie A,24/25,M,2,M_2
904832,Khéphren Thuram,Juventus,Italy Serie A,24/25,M,1,M_1
859024,Yacine Adli,Fiorentina,Italy Serie A,24/25,M,1,M_1
803033,Teun Koopmeiners,Juventus,Italy Serie A,24/25,M,3,M_3
759520,Denzel Dumfries,Inter,Italy Serie A,24/25,M,3,M_3
186855,Bryan Cristante,AS Roma,Italy Serie A,24/25,M,1,M_1
822518,Dodô,Fiorentina,Italy Serie A,24/25,M,2,M_2
150383,Stanislav Lobotka,SSC Napoli,Italy Serie A,24/25,M,1,M_1
917048,Andrea Cambiaso,Juventus,Italy Serie A,24/25,M,1,M_1
826185,Raoul Bellanova,Atalanta,Italy Serie A,24/25,M,2,M_2
901325,Nico González,Juventus,Italy Serie A,24/25,M,3,M_3
918440,Morten Frendrup,Genoa,Italy Serie A,24/25,M,2,M_2
814882,Nikola Moro,Bologna,Italy Serie A,24/25,M,1,M_1
115516,Remo Freuler,Bologna,Italy Serie A,24/25,M,2,M_2
246319,Ondrej Duda,Hellas Verona,Italy Serie A,24/25,M,2,M_2
881931,Weston McKennie,Juventus,Italy Serie A,24/25,M,2,M_2
190437,Mario Pašalić,Atalanta,Italy Serie A,24/25,M,1,M_1
907668,Billy Gilmour,SSC Napoli,Italy Serie A,24/25,M,1,M_1
907152,Lewis Ferguson,Bologna,Italy Serie A,24/25,M,1,M_1
980624,Lazar Samardžić,Atalanta,Italy Serie A,24/25,M,0,M_0
357596,Nikola Vlašić,Torino,Italy Serie A,24/25,M,3,M_3
1016788,Cesare Casadei,Torino,Italy Serie A,24/25,M,2,M_2
838232,Eljif Elmas,Torino,Italy Serie A,24/25,M,3,M_3
317301,Danilo Cataldi,Fiorentina,Italy Serie A,24/25,M,1,M_1
156019,Hernani,Parma,Italy Serie A,24/25,M,0,M_0
996820,Kristjan Asllani,Inter,Italy Serie A,24/25,M,1,M_1
1086286,Máximo Perrone,Como,Italy Serie A,24/25,M,1,M_1
857178,Kike Pérez,Venezia,Italy Serie A,24/25,M,1,M_1
876259,Hans Nicolussi Caviglia,Venezia,Italy Serie A,24/25,M,2,M_2
859027,Maxence Caqueret,Como,Italy Serie A,24/25,M,3,M_3
974087,Manu Koné,AS Roma,Italy Serie A,24/25,M,2,M_2
132318,Davide Zappacosta,Atalanta,Italy Serie A,24/25,M,3,M_3
945062,Youssouf Fofana,AC Milan,Italy Serie A,24/25,M,2,M_2
596736,Tommaso Augello,Cagliari,Italy Serie A,24/25,M,2,M_2
856729,Samuele Birindelli,Monza,Italy Serie A,24/25,M,2,M_2
855810,Timothy Weah,Juventus,Italy Serie A,24/25,M,3,M_3
351434,Hassane Kamara,Udinese,Italy Serie A,24/25,M,2,M_2
138605,Piotr Zielinski,Inter,Italy Serie A,24/25,M,1,M_1
284441,Ruben Loftus-Cheek,AC Milan,Italy Serie A,24/25,M,2,M_2
869888,Alessio Zerbin,Venezia,Italy Serie A,24/25,M,3,M_3
907667,Tino Anjorin,Empoli,Italy Serie A,24/25,M,3,M_3
930189,Samuele Ricci,Torino,Italy Serie A,24/25,M,2,M_2
1397168,Patrick Dorgu,Lecce,Italy Serie A,24/25,M,2,M_2
39482,Milan Badelj,Genoa,Italy Serie A,24/25,M,2,M_2
901850,Nicolò Fagioli,Fiorentina,Italy Serie A,24/25,M,1,M_1
575852,Sandi Lovrić,Udinese,Italy Serie A,24/25,M,3,M_3
826064,Jens Odgaard,Bologna,Italy Serie A,24/25,M,3,M_3
857772,Hamza Rafia,Lecce,Italy Serie A,24/25,M,2,M_2
1394202,Antoine Hainaut,Parma,Italy Serie A,24/25,M,2,M_2
896180,Gianluca Busio,Venezia,Italy Serie A,24/25,M,2,M_2
925242,Valentin Mihăilă,Parma,Italy Serie A,24/25,M,3,M_3
970998,Patrizio Masini,Genoa,Italy Serie A,24/25,M,2,M_2
984184,Nicola Zalewski,Inter,Italy Serie A,24/25,M,3,M_3
891346,Emanuele Valeri,Parma,Italy Serie A,24/25,M,2,M_2
1030829,Gvidas Gineitis,Torino,Italy Serie A,24/25,M,3,M_3
357584,Borna Sosa,Torino,Italy Serie A,24/25,M,2,M_2
909991,Simon Sohm,Parma,Italy Serie A,24/25,M,2,M_2
835600,Davide Frattesi,Inter,Italy Serie A,24/25,M,3,M_3
609206,Kingsley Ehizibue,Udinese,Italy Serie A,24/25,M,2,M_2
886628,Thórir Jóhann Helgason,Lecce,Italy Serie A,24/25,M,3,M_3
1010223,Fabio Miretti,Genoa,Italy Serie A,24/25,M,3,M_3
933203,Mikael Egill Ellertsson,Venezia,Italy Serie A,24/25,M,2,M_2
895592,Martín Payero,Udinese,Italy Serie A,24/25,M,3,M_3
1101992,Alessandro Bianco,Monza,Italy Serie A,24/25,M,2,M_2
279563,Răzvan Marin,Cagliari,Italy Serie A,24/25,M,0,M_0
928796,Tommaso Pobega,Bologna,Italy Serie A,24/25,M,2,M_2
21608,Nicolas Viola,Cagliari,Italy Serie A,24/25,M,3,M_3
800408,Suat Serdar,Hellas Verona,Italy Serie A,24/25,M,3,M_3
186845,Alberto Grassi,Empoli,Italy Serie A,24/25,M,2,M_2
928777,Michel Adopo,Cagliari,Italy Serie A,24/25,M,2,M_2
877371,Ivan Ilić,Torino,Italy Serie A,24/25,M,2,M_2
904887,Jurgen Ekkelenkamp,Udinese,Italy Serie A,24/25,M,2,M_2
227894,Jesper Karlström,Udinese,Italy Serie A,24/25,M,2,M_2
1175821,Niccolò Pisilli,AS Roma,Italy Serie A,24/25,M,3,M_3
990209,Yannik Engelhardt,Como,Italy Serie A,24/25,M,2,M_2
814589,Giuseppe Pezzella,Empoli,Italy Serie A,24/25,M,2,M_2
910121,Fisayo Dele-Bashiru,Lazio,Italy Serie A,24/25,M,3,M_3
1162611,Benja Domínguez,Bologna,Italy Serie A,24/25,M,3,M_3
812145,Dennis Man,Parma,Italy Serie A,24/25,M,3,M_3
232224,Alfred Duncan,Venezia,Italy Serie A,24/25,M,2,M_2
287573,Liam Henderson,Empoli,Italy Serie A,24/25,M,2,M_2
233826,Valentino Lazaro,Torino,Italy Serie A,24/25,M,2,M_2
902019,Gianluca Gaetano,Cagliari,Italy Serie A,24/25,M,0,M_0
184421,Stefano Sabelli,Genoa,Italy Serie A,24/25,M,2,M_2
328109,Alessandro Deiola,Cagliari,Italy Serie A,24/25,M,2,M_2
841977,Ylber Ramadani,Lecce,Italy Serie A,24/25,M,2,M_2
849274,Youssef Maleh,Empoli,Italy Serie A,24/25,M,2,M_2
41157,Darko Lazović,Hellas Verona,Italy Serie A,24/25,M,3,M_3
897594,Domagoj Bradarić,Hellas Verona,Italy Serie A,24/25,M,2,M_2
250501,Ridgeciano Haps,Venezia,Italy Serie A,24/25,M,2,M_2
928800,Marco Brescianini,Atalanta,Italy Serie A,24/25,M,3,M_3
905264,Liberato Cacace,Empoli,Italy Serie A,24/25,M,2,M_2
804621,Lassana Coulibaly,Lecce,Italy Serie A,24/25,M,2,M_2
1121333,Amir Richardson,Fiorentina,Italy Serie A,24/25,M,2,M_2
1444690,Arthur Atta,Udinese,Italy Serie A,24/25,M,3,M_3
1110136,Mandela Keita,Parma,Italy Serie A,24/25,M,2,M_2
965009,Gaetano Oristanio,Venezia,Italy Serie A,24/25,M,3,M_3
983815,Yunus Musah,AC Milan,Italy Serie A,24/25,M,2,M_2
1000366,Warren Bondo,AC Milan,Italy Serie A,24/25,M,2,M_2
1014651,Balthazar Pierret,Lecce,Italy Serie A,24/25,M,2,M_2
922928,Alessandro Zanoli,Genoa,Italy Serie A,24/25,M,2,M_2
541578,Emmanuel Gyasi,Empoli,Italy Serie A,24/25,M,2,M_2
964119,Jordan Zemura,Udinese,Italy Serie A,24/25,M,2,M_2
1096210,Jackson Tchatchoua,Hellas Verona,Italy Serie A,24/25,M,2,M_2
189135,Karol Linetty,Torino,Italy Serie A,24/25,M,2,M_2
920391,Antoine Makoumbou,Cagliari,Italy Serie A,24/25,M,2,M_2
280991,Morten Thorsby,Genoa,Italy Serie A,24/25,M,2,M_2
1389689,Reda Belahyane,Lazio,Italy Serie A,24/25,M,2,M_2
164511,Jean-Daniel Akpa Akpro,Monza,Italy Serie A,24/25,M,2,M_2
235656,Francesco Zampano,Venezia,Italy Serie A,24/25,M,2,M_2
1141754,Issa Doumbia,Venezia,Italy Serie A,24/25,M,3,M_3
1067204,Giovanni Fabbian,Bologna,Italy Serie A,24/25,M,3,M_3
934409,Marcus Pedersen,Torino,Italy Serie A,24/25,M,2,M_2
288321,Paweł Dawidowicz,Hellas Verona,Italy Serie A,24/25,M,2,M_2
363860,Manuel Locatelli,Juventus,Italy Serie A,25/26,M,1,M_1
15466,Luka Modrić,AC Milan,Italy Serie A,25/26,M,1,M_1
135700,Hakan Çalhanoğlu,Inter,Italy Serie A,25/26,M,0,M_0
284361,Federico Dimarco,Inter,Italy Serie A,25/26,M,0,M_0
1171451,Nico Paz,Como,Italy Serie A,25/26,M,0,M_0
901850,Nicolò Fagioli,Fiorentina,Italy Serie A,25/26,M,1,M_1
250737,Adrien Rabiot,AC Milan,Italy Serie A,25/26,M,1,M_1
363856,Nicolò Barella,Inter,Italy Serie A,25/26,M,1,M_1
901891,Alexis Saelemaekers,AC Milan,Italy Serie A,25/26,M,3,M_3
1090019,Martin Baturina,Como,Italy Serie A,25/26,M,0,M_0
814882,Nikola Moro,Bologna,Italy Serie A,25/26,M,1,M_1
138605,Piotr Zielinski,Inter,Italy Serie A,25/26,M,1,M_1
911848,Lucas Da Cunha,Como,Italy Serie A,25/26,M,1,M_1
1134200,Wesley,AS Roma,Italy Serie A,25/26,M,2,M_2
879346,Scott McTominay,SSC Napoli,Italy Serie A,25/26,M,3,M_3
934384,Adrián Bernabé,Parma,Italy Serie A,25/26,M,1,M_1
100389,Marten de Roon,Atalanta,Italy Serie A,25/26,M,1,M_1
186855,Bryan Cristante,AS Roma,Italy Serie A,25/26,M,1,M_1
1397736,Marco Palestra,Cagliari,Italy Serie A,25/26,M,2,M_2
974087,Manu Koné,AS Roma,Italy Serie A,25/26,M,2,M_2
70996,Kevin De Bruyne,SSC Napoli,Italy Serie A,25/26,M,0,M_0
548178,Rolando Mandragora,Fiorentina,Italy Serie A,25/26,M,3,M_3
946888,Éderson,Atalanta,Italy Serie A,25/26,M,1,M_1
852404,Mattéo Guendouzi,Lazio,Italy Serie A,25/26,M,1,M_1
822518,Dodô,Fiorentina,Italy Serie A,25/26,M,2,M_2
1086286,Máximo Perrone,Como,Italy Serie A,25/26,M,1,M_1
1134351,Ismaël Koné,Sassuolo,Italy Serie A,25/26,M,2,M_2
984184,Nicola Zalewski,Atalanta,Italy Serie A,25/26,M,3,M_3
1012177,Lorenzo Bernasconi,Atalanta,Italy Serie A,25/26,M,2,M_2
287057,Roberto Gagliardini,Hellas Verona,Italy Serie A,25/26,M,2,M_2
904832,Khéphren Thuram,Juventus,Italy Serie A,25/26,M,1,M_1
44241,Nemanja Matić,Sassuolo,Italy Serie A,25/26,M,1,M_1
37151,Henrikh Mkhitaryan,Inter,Italy Serie A,25/26,M,0,M_0
787941,Frank Anguissa,SSC Napoli,Italy Serie A,25/26,M,3,M_3
1110136,Mandela Keita,Parma,Italy Serie A,25/26,M,2,M_2
797286,Aarón Martín,Genoa,Italy Serie A,25/26,M,2,M_2
235672,Matteo Politano,SSC Napoli,Italy Serie A,25/26,M,3,M_3
357596,Nikola Vlašić,Torino,Italy Serie A,25/26,M,3,M_3
1390489,Davide Bartesaghi,AC Milan,Italy Serie A,25/26,M,2,M_2
918440,Morten Frendrup,Genoa,Italy Serie A,25/26,M,2,M_2
150383,Stanislav Lobotka,SSC Napoli,Italy Serie A,25/26,M,1,M_1
1444690,Arthur Atta,Udinese,Italy Serie A,25/26,M,3,M_3
841977,Ylber Ramadani,Lecce,Italy Serie A,25/26,M,2,M_2
924973,Kristian Thorstvedt,Sassuolo,Italy Serie A,25/26,M,3,M_3
982778,Devyne Rensch,AS Roma,Italy Serie A,25/26,M,2,M_2
195850,Ruslan Malinovskyi,Genoa,Italy Serie A,25/26,M,0,M_0
917048,Andrea Cambiaso,Juventus,Italy Serie A,25/26,M,1,M_1
190437,Mario Pašalić,Atalanta,Italy Serie A,25/26,M,1,M_1
850891,Michel Aebischer,Pisa,Italy Serie A,25/26,M,2,M_2
881931,Weston McKennie,Juventus,Italy Serie A,25/26,M,3,M_3
891346,Emanuele Valeri,Parma,Italy Serie A,25/26,M,2,M_2
1091303,Petar Sučić,Inter,Italy Serie A,25/26,M,1,M_1
1174457,Samuele Angori,Pisa,Italy Serie A,25/26,M,2,M_2
317301,Danilo Cataldi,Lazio,Italy Serie A,25/26,M,1,M_1
115516,Remo Freuler,Bologna,Italy Serie A,25/26,M,2,M_2
793645,Riccardo Orsolini,Bologna,Italy Serie A,25/26,M,0,M_0
930189,Samuele Ricci,AC Milan,Italy Serie A,25/26,M,1,M_1
1800245,Jesús Rodríguez,Como,Italy Serie A,25/26,M,3,M_3
977679,Luis Henrique,Inter,Italy Serie A,25/26,M,2,M_2
902019,Gianluca Gaetano,Cagliari,Italy Serie A,25/26,M,1,M_1
996820,Kristjan Asllani,Torino,Italy Serie A,25/26,M,1,M_1
318645,Jari Vandeputte,Cremonese,Italy Serie A,25/26,M,3,M_3
851222,Mehdi Léris,Pisa,Italy Serie A,25/26,M,2,M_2
132318,Davide Zappacosta,Atalanta,Italy Serie A,25/26,M,3,M_3
904887,Jurgen Ekkelenkamp,Udinese,Italy Serie A,25/26,M,3,M_3
859027,Maxence Caqueret,Como,Italy Serie A,25/26,M,3,M_3
922928,Alessandro Zanoli,Udinese,Italy Serie A,25/26,M,2,M_2
959806,Kenneth Taylor,Lazio,Italy Serie A,25/26,M,2,M_2
798002,Toma Bašić,Lazio,Italy Serie A,25/26,M,2,M_2
1525367,Ebenezer Akinsanmiro,Pisa,Italy Serie A,25/26,M,2,M_2
1016788,Cesare Casadei,Torino,Italy Serie A,25/26,M,3,M_3
980624,Lazar Samardžić,Atalanta,Italy Serie A,25/26,M,0,M_0
233826,Valentino Lazaro,Torino,Italy Serie A,25/26,M,2,M_2
1142612,Emirhan İlkhan,Torino,Italy Serie A,25/26,M,2,M_2
351434,Hassane Kamara,Udinese,Italy Serie A,25/26,M,2,M_2
227894,Jesper Karlström,Udinese,Italy Serie A,25/26,M,2,M_2
911350,Lameck Banda,Lecce,Italy Serie A,25/26,M,3,M_3
895868,Nahuel Estévez,Parma,Italy Serie A,25/26,M,2,M_2
826326,Idrissa Touré,Pisa,Italy Serie A,25/26,M,2,M_2
970998,Patrizio Masini,Genoa,Italy Serie A,25/26,M,2,M_2
1030829,Gvidas Gineitis,Torino,Italy Serie A,25/26,M,2,M_2
804621,Lassana Coulibaly,Lecce,Italy Serie A,25/26,M,2,M_2
1155625,Cristian Volpato,Sassuolo,Italy Serie A,25/26,M,3,M_3
876259,Hans Nicolussi Caviglia,Parma,Italy Serie A,25/26,M,2,M_2
803033,Teun Koopmeiners,Juventus,Italy Serie A,25/26,M,1,M_1
1128530,Neil El Aynaoui,AS Roma,Italy Serie A,25/26,M,2,M_2
1154894,Lennon Miller,Udinese,Italy Serie A,25/26,M,2,M_2
800408,Suat Serdar,Hellas Verona,Italy Serie A,25/26,M,2,M_2
838232,Eljif Elmas,SSC Napoli,Italy Serie A,25/26,M,3,M_3
993389,Tommaso Barbieri,Cremonese,Italy Serie A,25/26,M,2,M_2
907152,Lewis Ferguson,Bologna,Italy Serie A,25/26,M,2,M_2
805465,Pervis Estupiñán,AC Milan,Italy Serie A,25/26,M,2,M_2
186845,Alberto Grassi,Cremonese,Italy Serie A,25/26,M,2,M_2
1175821,Niccolò Pisilli,AS Roma,Italy Serie A,25/26,M,3,M_3
1103488,Rafik Belghali,Hellas Verona,Italy Serie A,25/26,M,3,M_3
164511,Jean-Daniel Akpa Akpro,Hellas Verona,Italy Serie A,25/26,M,2,M_2
825271,Jakub Piotrowski,Udinese,Italy Serie A,25/26,M,2,M_2
797596,Marius Marin,Pisa,Italy Serie A,25/26,M,2,M_2
1114422,Cher Ndour,Fiorentina,Italy Serie A,25/26,M,2,M_2
928800,Marco Brescianini,Fiorentina,Italy Serie A,25/26,M,3,M_3
184421,Stefano Sabelli,Genoa,Italy Serie A,25/26,M,2,M_2
280991,Morten Thorsby,Cremonese,Italy Serie A,25/26,M,3,M_3
609206,Kingsley Ehizibue,Udinese,Italy Serie A,25/26,M,2,M_2
928796,Tommaso Pobega,Bologna,Italy Serie A,25/26,M,2,M_2
814589,Giuseppe Pezzella,Cremonese,Italy Serie A,25/26,M,2,M_2
826064,Jens Odgaard,Bologna,Italy Serie A,25/26,M,3,M_3
826185,Raoul Bellanova,Atalanta,Italy Serie A,25/26,M,2,M_2
837080,Antoine Bernede,Hellas Verona,Italy Serie A,25/26,M,2,M_2
964119,Jordan Zemura,Udinese,Italy Serie A,25/26,M,2,M_2
897594,Domagoj Bradarić,Hellas Verona,Italy Serie A,25/26,M,2,M_2
759520,Denzel Dumfries,Inter,Italy Serie A,25/26,M,3,M_3
328109,Alessandro Deiola,Cagliari,Italy Serie A,25/26,M,2,M_2
284441,Ruben Loftus-Cheek,AC Milan,Italy Serie A,25/26,M,3,M_3
945062,Youssouf Fofana,AC Milan,Italy Serie A,25/26,M,3,M_3
909991,Simon Sohm,Bologna,Italy Serie A,25/26,M,2,M_2
1111640,Matteo Prati,Torino,Italy Serie A,25/26,M,2,M_2
1154898,Luca Lipani,Sassuolo,Italy Serie A,25/26,M,2,M_2
105905,Ibrahim Sulemana,Cagliari,Italy Serie A,25/26,M,2,M_2
928777,Michel Adopo,Cagliari,Italy Serie A,25/26,M,2,M_2
1067204,Giovanni Fabbian,Fiorentina,Italy Serie A,25/26,M,3,M_3
1142692,Rafa Obrador,Torino,Italy Serie A,25/26,M,2,M_2
933203,Mikael Egill Ellertsson,Genoa,Italy Serie A,25/26,M,2,M_2
1000366,Warren Bondo,Cremonese,Italy Serie A,25/26,M,2,M_2
972523,Cheikh Niasse,Hellas Verona,Italy Serie A,25/26,M,2,M_2
849274,Youssef Maleh,Cremonese,Italy Serie A,25/26,M,2,M_2
895592,Martín Payero,Cremonese,Italy Serie A,25/26,M,3,M_3
910121,Fisayo Dele-Bashiru,Lazio,Italy Serie A,25/26,M,2,M_2
1100354,Romano Floriani Mussolini,Cremonese,Italy Serie A,25/26,M,2,M_2
934409,Marcus Pedersen,Torino,Italy Serie A,25/26,M,2,M_2
957921,Oliver Sørensen,Parma,Italy Serie A,25/26,M,2,M_2
869888,Alessio Zerbin,Cremonese,Italy Serie A,25/26,M,3,M_3
869795,Michael Folorunsho,Cagliari,Italy Serie A,25/26,M,3,M_3
1201388,Christian Ordóñez,Parma,Italy Serie A,25/26,M,2,M_2
1019125,Omri Gandelman,Lecce,Italy Serie A,25/26,M,3,M_3
915812,Abdou Harroui,Hellas Verona,Italy Serie A,25/26,M,3,M_3
991011,Jude Bellingham,Real Madrid,Spain La Liga,23/24,M,0,M_0
26502,Toni Kroos,Real Madrid,Spain La Liga,23/24,M,1,M_1
103417,Isco,Real Betis,Spain La Liga,23/24,M,0,M_0
45853,İlkay Gündoğan,FC Barcelona,Spain La Liga,23/24,M,1,M_1
796047,Aleix García,Girona FC,Spain La Liga,23/24,M,1,M_1
7635,Ivan Rakitic,Sevilla,Spain La Liga,23/24,M,1,M_1
795222,Frenkie de Jong,FC Barcelona,Spain La Liga,23/24,M,1,M_1
880218,Takefusa Kubo,Real Sociedad,Spain La Liga,23/24,M,0,M_0
831808,Federico Valverde,Real Madrid,Spain La Liga,23/24,M,1,M_1
15466,Luka Modrić,Real Madrid,Spain La Liga,23/24,M,1,M_1
1402912,Lamine Yamal,FC Barcelona,Spain La Liga,23/24,M,0,M_0
783374,Iñaki Williams,Athletic Club,Spain La Liga,23/24,M,3,M_3
1046795,Savinho,Girona FC,Spain La Liga,23/24,M,3,M_3
831005,Raphinha,FC Barcelona,Spain La Liga,23/24,M,0,M_0
910031,Álex Baena,Villarreal,Spain La Liga,23/24,M,0,M_0
249399,Rodrigo De Paul,Atlético Madrid,Spain La Liga,23/24,M,1,M_1
826948,Pepelu,Valencia,Spain La Liga,23/24,M,1,M_1
255239,Lucas Vázquez,Real Madrid,Spain La Liga,23/24,M,1,M_1
319735,Viktor Tsygankov,Girona FC,Spain La Liga,23/24,M,0,M_0
992587,Pedri,FC Barcelona,Spain La Liga,23/24,M,1,M_1
592010,Mikel Merino,Real Sociedad,Spain La Liga,23/24,M,2,M_2
874705,Samuel Lino,Atlético Madrid,Spain La Liga,23/24,M,3,M_3
835485,Brahim Díaz,Real Madrid,Spain La Liga,23/24,M,0,M_0
845385,Brais Méndez,Real Sociedad,Spain La Liga,23/24,M,0,M_0
973887,Eduardo Camavinga,Real Madrid,Spain La Liga,23/24,M,1,M_1
859025,Aurélien Tchouaméni,Real Madrid,Spain La Liga,23/24,M,1,M_1
816763,Pablo Fornals,Real Betis,Spain La Liga,23/24,M,1,M_1
337671,Nabil Fekir,Real Betis,Spain La Liga,23/24,M,0,M_0
129451,Jonathan Viera,Almería,Spain La Liga,23/24,M,0,M_0
39182,Dani Parejo,Villarreal,Spain La Liga,23/24,M,1,M_1
964985,Kirian Rodríguez,Las Palmas,Spain La Liga,23/24,M,1,M_1
839585,Yangel Herrera,Girona FC,Spain La Liga,23/24,M,3,M_3
848926,Lucas Robertone,Almería,Spain La Liga,23/24,M,1,M_1
1085400,Nico Williams,Athletic Club,Spain La Liga,23/24,M,0,M_0
990169,Johnny Cardoso,Real Betis,Spain La Liga,23/24,M,2,M_2
155702,Lucas Ocampos,Sevilla,Spain La Liga,23/24,M,3,M_3
966837,Martín Zubimendi,Real Sociedad,Spain La Liga,23/24,M,2,M_2
84539,Koke,Atlético Madrid,Spain La Liga,23/24,M,1,M_1
110783,Sergi Darder,Mallorca,Spain La Liga,23/24,M,3,M_3
997203,Sergio Arribas,Almería,Spain La Liga,23/24,M,3,M_3
811629,Luis Milla,Getafe,Spain La Liga,23/24,M,1,M_1
96370,Suso,Sevilla,Spain La Liga,23/24,M,0,M_0
316152,Ángel Correa,Atlético Madrid,Spain La Liga,23/24,M,0,M_0
609752,Guido Rodríguez,Real Betis,Spain La Liga,23/24,M,1,M_1
352376,Renato Tapia,Celta Vigo,Spain La Liga,23/24,M,2,M_2
280979,Gonçalo Guedes,Villarreal,Spain La Liga,23/24,M,3,M_3
900433,Luis Rioja,Deportivo Alavés,Spain La Liga,23/24,M,3,M_3
859773,Óscar Mingueza,Celta Vigo,Spain La Liga,23/24,M,1,M_1
96365,Iñigo Ruiz de Galarreta,Athletic Club,Spain La Liga,23/24,M,1,M_1
1142588,Pablo Barrios,Atlético Madrid,Spain La Liga,23/24,M,2,M_2
260031,Rubén García,Osasuna,Spain La Liga,23/24,M,3,M_3
35612,Axel Witsel,Atlético Madrid,Spain La Liga,23/24,M,2,M_2
847128,Marc Roca,Real Betis,Spain La Liga,23/24,M,1,M_1
259339,Rubén Alcaraz,Cádiz,Spain La Liga,23/24,M,1,M_1
973699,Iván Martín,Girona FC,Spain La Liga,23/24,M,1,M_1
1084399,Carlos Vicente,Deportivo Alavés,Spain La Liga,23/24,M,3,M_3
331449,Nemanja Maksimovic,Getafe,Spain La Liga,23/24,M,2,M_2
1002813,Yan Couto,Girona FC,Spain La Liga,23/24,M,3,M_3
1153270,Fermín López,FC Barcelona,Spain La Liga,23/24,M,3,M_3
82474,Ander Herrera,Athletic Club,Spain La Liga,23/24,M,1,M_1
188407,Sandro Ramírez,Las Palmas,Spain La Liga,23/24,M,3,M_3
966801,Oihan Sancet,Athletic Club,Spain La Liga,23/24,M,3,M_3
899982,Isi Palazón,Rayo Vallecano,Spain La Liga,23/24,M,3,M_3
116955,Saúl Ñíguez,Atlético Madrid,Spain La Liga,23/24,M,2,M_2
346516,Adrián Embarba,Almería,Spain La Liga,23/24,M,3,M_3
845693,André Almeida,Valencia,Spain La Liga,23/24,M,3,M_3
988351,Samú Costa,Mallorca,Spain La Liga,23/24,M,2,M_2
149370,Moi Gómez,Osasuna,Spain La Liga,23/24,M,1,M_1
68332,Nemanja Gudelj,Sevilla,Spain La Liga,23/24,M,2,M_2
913679,Pathé Ciss,Rayo Vallecano,Spain La Liga,23/24,M,2,M_2
887581,Boubakary Soumaré,Sevilla,Spain La Liga,23/24,M,2,M_2
1010655,Juanlu Sánchez,Sevilla,Spain La Liga,23/24,M,2,M_2
982327,Dion Lopy,Almería,Spain La Liga,23/24,M,2,M_2
989113,Rodrigo Riquelme,Atlético Madrid,Spain La Liga,23/24,M,3,M_3
592012,Álex Berenguer,Athletic Club,Spain La Liga,23/24,M,3,M_3
794948,Óscar Rodríguez,Getafe,Spain La Liga,23/24,M,3,M_3
790833,Sergi Canós,Valencia,Spain La Liga,23/24,M,3,M_3
788141,Jon Guridi,Deportivo Alavés,Spain La Liga,23/24,M,3,M_3
900008,Óscar Valentín,Rayo Vallecano,Spain La Liga,23/24,M,2,M_2
1012409,Beñat Prados,Athletic Club,Spain La Liga,23/24,M,2,M_2
69416,Oriol Romeu,FC Barcelona,Spain La Liga,23/24,M,1,M_1
349526,Dani Rodríguez,Mallorca,Spain La Liga,23/24,M,3,M_3
1119586,Iker Muñoz,Osasuna,Spain La Liga,23/24,M,2,M_2
914765,Gonzalo Villar,Granada,Spain La Liga,23/24,M,2,M_2
823631,Dodi Lukébakio,Sevilla,Spain La Liga,23/24,M,3,M_3
359742,Mikel Vesga,Athletic Club,Spain La Liga,23/24,M,2,M_2
252857,Léo Baptistão,Almería,Spain La Liga,23/24,M,3,M_3
985329,Aimar Oroz,Osasuna,Spain La Liga,23/24,M,3,M_3
326471,Gerard Gumbau,Granada,Spain La Liga,23/24,M,1,M_1
826004,Manu Morlanes,Mallorca,Spain La Liga,23/24,M,2,M_2
799054,Djibril Sow,Sevilla,Spain La Liga,23/24,M,2,M_2
966862,Ander Barrenetxea,Real Sociedad,Spain La Liga,23/24,M,3,M_3
588566,Unai López,Rayo Vallecano,Spain La Liga,23/24,M,1,M_1
857227,Sergio Ruiz,Granada,Spain La Liga,23/24,M,2,M_2
1066045,Arsen Zakharyan,Real Sociedad,Spain La Liga,23/24,M,3,M_3
933426,Enzo Loiodice,Las Palmas,Spain La Liga,23/24,M,2,M_2
187313,Lucas Torró,Osasuna,Spain La Liga,23/24,M,2,M_2
1012444,Alberto Moleiro,Las Palmas,Spain La Liga,23/24,M,3,M_3
855832,Antonio Blanco,Deportivo Alavés,Spain La Liga,23/24,M,2,M_2
231776,Óliver Torres,Sevilla,Spain La Liga,23/24,M,2,M_2
891931,Ander Guevara,Deportivo Alavés,Spain La Liga,23/24,M,2,M_2
944165,Robert Navarro,Cádiz,Spain La Liga,23/24,M,3,M_3
989803,Facundo Pellistri,Granada,Spain La Liga,23/24,M,3,M_3
353154,Javi Muñoz,Las Palmas,Spain La Liga,23/24,M,2,M_2
843678,Santi Comesaña,Villarreal,Spain La Liga,23/24,M,2,M_2
16701,Étienne Capoue,Villarreal,Spain La Liga,23/24,M,2,M_2
1089108,Ilias Akhomach,Villarreal,Spain La Liga,23/24,M,3,M_3
976141,Jon Moncayola,Osasuna,Spain La Liga,23/24,M,2,M_2
40672,Francis Coquelin,Villarreal,Spain La Liga,23/24,M,2,M_2
980410,Beñat Turrientes,Real Sociedad,Spain La Liga,23/24,M,2,M_2
1086286,Máximo Perrone,Las Palmas,Spain La Liga,23/24,M,2,M_2
835484,Fran Beltrán,Celta Vigo,Spain La Liga,23/24,M,2,M_2
148588,Álex Fernández,Cádiz,Spain La Liga,23/24,M,2,M_2
1031421,Rodri Sánchez,Real Betis,Spain La Liga,23/24,M,3,M_3
1122610,Javi Guerra,Valencia,Spain La Liga,23/24,M,3,M_3
914014,Iddrisu Baba,Almería,Spain La Liga,23/24,M,2,M_2
1011375,Abde Ezzalzouli,Real Betis,Spain La Liga,23/24,M,3,M_3
846492,Luca de la Torre,Celta Vigo,Spain La Liga,23/24,M,3,M_3
949722,Antonio Sánchez,Mallorca,Spain La Liga,23/24,M,3,M_3
1084381,Pablo Ibáñez,Osasuna,Spain La Liga,23/24,M,3,M_3
255999,Omar Mascarell,Mallorca,Spain La Liga,23/24,M,2,M_2
855830,Hugo Guillamón,Valencia,Spain La Liga,23/24,M,2,M_2
966637,Fran Pérez,Valencia,Spain La Liga,23/24,M,3,M_3
794937,Carles Aleñá,Getafe,Spain La Liga,23/24,M,3,M_3
316170,Gonzalo Escalante,Cádiz,Spain La Liga,23/24,M,2,M_2
861317,Óscar Melendo,Granada,Spain La Liga,23/24,M,2,M_2
789886,Gonzalo Melero,Almería,Spain La Liga,23/24,M,3,M_3
21949,Óscar Trejo,Rayo Vallecano,Spain La Liga,23/24,M,3,M_3
848080,Álex Pozo,Almería,Spain La Liga,23/24,M,2,M_2
345111,Álvaro García,Rayo Vallecano,Spain La Liga,23/24,M,3,M_3
998950,Diego López,Valencia,Spain La Liga,23/24,M,3,M_3
831005,Raphinha,FC Barcelona,Spain La Liga,24/25,M,0,M_0
1402912,Lamine Yamal,FC Barcelona,Spain La Liga,24/25,M,0,M_0
992587,Pedri,FC Barcelona,Spain La Liga,24/25,M,1,M_1
103417,Isco,Real Betis,Spain La Liga,24/25,M,0,M_0
910031,Álex Baena,Villarreal,Spain La Liga,24/25,M,0,M_0
831808,Federico Valverde,Real Madrid,Spain La Liga,24/25,M,1,M_1
991011,Jude Bellingham,Real Madrid,Spain La Liga,24/25,M,0,M_0
798835,Giovani Lo Celso,Real Betis,Spain La Liga,24/25,M,0,M_0
958380,Antony,Real Betis,Spain La Liga,24/25,M,0,M_0
15466,Luka Modrić,Real Madrid,Spain La Liga,24/25,M,1,M_1
789071,Dani Olmo,FC Barcelona,Spain La Liga,24/25,M,0,M_0
1091116,Arda Güler,Real Madrid,Spain La Liga,24/25,M,0,M_0
973887,Eduardo Camavinga,Real Madrid,Spain La Liga,24/25,M,1,M_1
547838,Dani Ceballos,Real Madrid,Spain La Liga,24/25,M,1,M_1
260031,Rubén García,Osasuna,Spain La Liga,24/25,M,0,M_0
249399,Rodrigo De Paul,Atlético Madrid,Spain La Liga,24/25,M,1,M_1
811629,Luis Milla,Getafe,Spain La Liga,24/25,M,1,M_1
859025,Aurélien Tchouaméni,Real Madrid,Spain La Liga,24/25,M,1,M_1
859773,Óscar Mingueza,Celta Vigo,Spain La Liga,24/25,M,1,M_1
319735,Viktor Tsygankov,Girona FC,Spain La Liga,24/25,M,3,M_3
880218,Takefusa Kubo,Real Sociedad,Spain La Liga,24/25,M,3,M_3
847128,Marc Roca,Real Betis,Spain La Liga,24/25,M,1,M_1
823631,Dodi Lukébakio,Sevilla,Spain La Liga,24/25,M,3,M_3
843678,Santi Comesaña,Villarreal,Spain La Liga,24/25,M,2,M_2
591750,Joan Jordán,Deportivo Alavés,Spain La Liga,24/25,M,0,M_0
879694,Pape Gueye,Villarreal,Spain La Liga,24/25,M,1,M_1
255239,Lucas Vázquez,Real Madrid,Spain La Liga,24/25,M,1,M_1
345111,Álvaro García,Rayo Vallecano,Spain La Liga,24/25,M,3,M_3
966801,Oihan Sancet,Athletic Club,Spain La Liga,24/25,M,0,M_0
110783,Sergi Darder,Mallorca,Spain La Liga,24/25,M,3,M_3
1000483,Marc Casadó,FC Barcelona,Spain La Liga,24/25,M,1,M_1
783374,Iñaki Williams,Athletic Club,Spain La Liga,24/25,M,3,M_3
39182,Dani Parejo,Villarreal,Spain La Liga,24/25,M,1,M_1
1153270,Fermín López,FC Barcelona,Spain La Liga,24/25,M,0,M_0
966837,Martín Zubimendi,Real Sociedad,Spain La Liga,24/25,M,1,M_1
795222,Frenkie de Jong,FC Barcelona,Spain La Liga,24/25,M,1,M_1
839585,Yangel Herrera,Girona FC,Spain La Liga,24/25,M,2,M_2
592012,Álex Berenguer,Athletic Club,Spain La Liga,24/25,M,3,M_3
826948,Pepelu,Valencia,Spain La Liga,24/25,M,1,M_1
964985,Kirian Rodríguez,Las Palmas,Spain La Liga,24/25,M,1,M_1
877262,Edu Expósito,Espanyol,Spain La Liga,24/25,M,3,M_3
985329,Aimar Oroz,Osasuna,Spain La Liga,24/25,M,3,M_3
816763,Pablo Fornals,Real Betis,Spain La Liga,24/25,M,1,M_1
910026,Bryan Gil,Girona FC,Spain La Liga,24/25,M,3,M_3
1087316,Enzo Barrenechea,Valencia,Spain La Liga,24/25,M,1,M_1
188407,Sandro Ramírez,Las Palmas,Spain La Liga,24/25,M,0,M_0
116955,Saúl Ñíguez,Sevilla,Spain La Liga,24/25,M,3,M_3
900433,Luis Rioja,Valencia,Spain La Liga,24/25,M,3,M_3
874705,Samuel Lino,Atlético Madrid,Spain La Liga,24/25,M,3,M_3
960006,Lucien Agoumé,Sevilla,Spain La Liga,24/25,M,2,M_2
899982,Isi Palazón,Rayo Vallecano,Spain La Liga,24/25,M,3,M_3
990169,Johnny Cardoso,Real Betis,Spain La Liga,24/25,M,2,M_2
1084399,Carlos Vicente,Deportivo Alavés,Spain La Liga,24/25,M,3,M_3
1085400,Nico Williams,Athletic Club,Spain La Liga,24/25,M,3,M_3
1495844,Mikel Jauregizar,Athletic Club,Spain La Liga,24/25,M,2,M_2
96365,Iñigo Ruiz de Galarreta,Athletic Club,Spain La Liga,24/25,M,1,M_1
142018,Iván Sánchez,Real Valladolid,Spain La Liga,24/25,M,3,M_3
962890,Ilaix Moriba,Celta Vigo,Spain La Liga,24/25,M,2,M_2
385888,Mauro Arambarri,Getafe,Spain La Liga,24/25,M,3,M_3
794937,Carles Aleñá,Deportivo Alavés,Spain La Liga,24/25,M,2,M_2
1011375,Abde Ezzalzouli,Real Betis,Spain La Liga,24/25,M,3,M_3
845693,André Almeida,Valencia,Spain La Liga,24/25,M,3,M_3
1099352,Giuliano Simeone,Atlético Madrid,Spain La Liga,24/25,M,3,M_3
1142588,Pablo Barrios,Atlético Madrid,Spain La Liga,24/25,M,1,M_1
826004,Manu Morlanes,Mallorca,Spain La Liga,24/25,M,2,M_2
187313,Lucas Torró,Osasuna,Spain La Liga,24/25,M,2,M_2
799054,Djibril Sow,Sevilla,Spain La Liga,24/25,M,2,M_2
1137814,Sergi Altimira,Real Betis,Spain La Liga,24/25,M,2,M_2
976141,Jon Moncayola,Osasuna,Spain La Liga,24/25,M,2,M_2
1092769,Yáser Asprilla,Girona FC,Spain La Liga,24/25,M,3,M_3
949156,Luka Sucic,Real Sociedad,Spain La Liga,24/25,M,3,M_3
1110006,Dário Essugo,Las Palmas,Spain La Liga,24/25,M,2,M_2
835485,Brahim Díaz,Real Madrid,Spain La Liga,24/25,M,3,M_3
84539,Koke,Atlético Madrid,Spain La Liga,24/25,M,1,M_1
1088565,Ramón Terrats,Getafe,Spain La Liga,24/25,M,3,M_3
916654,Manu Fuster,Las Palmas,Spain La Liga,24/25,M,3,M_3
794927,Arthur Melo,Girona FC,Spain La Liga,24/25,M,1,M_1
904970,Conor Gallagher,Atlético Madrid,Spain La Liga,24/25,M,2,M_2
891511,Javi Puado,Espanyol,Spain La Liga,24/25,M,3,M_3
913679,Pathé Ciss,Rayo Vallecano,Spain La Liga,24/25,M,2,M_2
988351,Samú Costa,Mallorca,Spain La Liga,24/25,M,2,M_2
1002764,Sergio Carreira,Celta Vigo,Spain La Liga,24/25,M,2,M_2
353154,Javi Muñoz,Las Palmas,Spain La Liga,24/25,M,2,M_2
901892,Albert Sambi Lokonga,Sevilla,Spain La Liga,24/25,M,2,M_2
588566,Unai López,Rayo Vallecano,Spain La Liga,24/25,M,1,M_1
869931,Yvan Neyou,Leganés,Spain La Liga,24/25,M,2,M_2
835484,Fran Beltrán,Celta Vigo,Spain La Liga,24/25,M,1,M_1
944165,Robert Navarro,Mallorca,Spain La Liga,24/25,M,3,M_3
980383,Raúl Moro,Real Valladolid,Spain La Liga,24/25,M,3,M_3
352376,Renato Tapia,Leganés,Spain La Liga,24/25,M,2,M_2
68332,Nemanja Gudelj,Sevilla,Spain La Liga,24/25,M,2,M_2
1010655,Juanlu Sánchez,Sevilla,Spain La Liga,24/25,M,2,M_2
361790,Donny van de Beek,Girona FC,Spain La Liga,24/25,M,3,M_3
857178,Kike Pérez,Real Valladolid,Spain La Liga,24/25,M,2,M_2
96373,José Campaña,Las Palmas,Spain La Liga,24/25,M,1,M_1
900669,Pedro Díaz,Rayo Vallecano,Spain La Liga,24/25,M,3,M_3
845385,Brais Méndez,Real Sociedad,Spain La Liga,24/25,M,3,M_3
1012444,Alberto Moleiro,Las Palmas,Spain La Liga,24/25,M,3,M_3
1154935,Hugo Álvarez,Celta Vigo,Spain La Liga,24/25,M,3,M_3
1216080,Damián Rodríguez,Celta Vigo,Spain La Liga,24/25,M,1,M_1
1064009,Urko González de Zárate,Espanyol,Spain La Liga,24/25,M,2,M_2
1120669,Hugo Sotelo,Celta Vigo,Spain La Liga,24/25,M,1,M_1
973699,Iván Martín,Girona FC,Spain La Liga,24/25,M,1,M_1
998950,Diego López,Valencia,Spain La Liga,24/25,M,3,M_3
1012409,Beñat Prados,Athletic Club,Spain La Liga,24/25,M,2,M_2
1122610,Javi Guerra,Valencia,Spain La Liga,24/25,M,3,M_3
801211,Selim Amallah,Real Valladolid,Spain La Liga,24/25,M,3,M_3
794948,Óscar Rodríguez,Leganés,Spain La Liga,24/25,M,3,M_3
255999,Omar Mascarell,Mallorca,Spain La Liga,24/25,M,2,M_2
1139409,Pablo Marín,Real Sociedad,Spain La Liga,24/25,M,3,M_3
855832,Antonio Blanco,Deportivo Alavés,Spain La Liga,24/25,M,2,M_2
1800245,Jesús Rodríguez,Real Betis,Spain La Liga,24/25,M,3,M_3
1392054,Coba da Costa,Getafe,Spain La Liga,24/25,M,3,M_3
825740,Alex Král,Espanyol,Spain La Liga,24/25,M,2,M_2
906065,Seydouba Cissé,Leganés,Spain La Liga,24/25,M,2,M_2
359742,Mikel Vesga,Athletic Club,Spain La Liga,24/25,M,2,M_2
788141,Jon Guridi,Deportivo Alavés,Spain La Liga,24/25,M,3,M_3
1142636,Stefan Bajcetic,Las Palmas,Spain La Liga,24/25,M,2,M_2
1126779,Williot Swedberg,Celta Vigo,Spain La Liga,24/25,M,3,M_3
346516,Adrián Embarba,Rayo Vallecano,Spain La Liga,24/25,M,3,M_3
980410,Beñat Turrientes,Real Sociedad,Spain La Liga,24/25,M,2,M_2
69416,Oriol Romeu,Girona FC,Spain La Liga,24/25,M,2,M_2
900008,Óscar Valentín,Rayo Vallecano,Spain La Liga,24/25,M,2,M_2
826010,Pol Lozano,Espanyol,Spain La Liga,24/25,M,2,M_2
1099344,Antoniu Roca,Espanyol,Spain La Liga,24/25,M,3,M_3
966862,Ander Barrenetxea,Real Sociedad,Spain La Liga,24/25,M,3,M_3
794950,Carles Pérez,Getafe,Spain La Liga,24/25,M,3,M_3
891931,Ander Guevara,Deportivo Alavés,Spain La Liga,24/25,M,2,M_2
1019236,Jofre Carreras,Espanyol,Spain La Liga,24/25,M,3,M_3
1084381,Pablo Ibáñez,Osasuna,Spain La Liga,24/25,M,2,M_2
997033,Peque Fernández,Sevilla,Spain La Liga,24/25,M,3,M_3
949722,Antonio Sánchez,Mallorca,Spain La Liga,24/25,M,2,M_2
94539,Darko Brasanac,Leganés,Spain La Liga,24/25,M,2,M_2
1154549,Mario Martín,Real Valladolid,Spain La Liga,24/25,M,2,M_2
921417,Stanko Juric,Real Valladolid,Spain La Liga,24/25,M,2,M_2
1391375,Unai Gómez,Athletic Club,Spain La Liga,24/25,M,3,M_3
936234,Juan Cruz,Leganés,Spain La Liga,24/25,M,3,M_3
1402912,Lamine Yamal,FC Barcelona,Spain La Liga,25/26,M,0,M_0
992587,Pedri,FC Barcelona,Spain La Liga,25/26,M,1,M_1
831005,Raphinha,FC Barcelona,Spain La Liga,25/26,M,0,M_0
831808,Federico Valverde,Real Madrid,Spain La Liga,25/26,M,1,M_1
1011375,Abde Ezzalzouli,Real Betis,Spain La Liga,25/26,M,0,M_0
795222,Frenkie de Jong,FC Barcelona,Spain La Liga,25/26,M,1,M_1
991011,Jude Bellingham,Real Madrid,Spain La Liga,25/26,M,0,M_0
991421,Azzedine Ounahi,Girona FC,Spain La Liga,25/26,M,0,M_0
859025,Aurélien Tchouaméni,Real Madrid,Spain La Liga,25/26,M,1,M_1
609752,Guido Rodríguez,Valencia,Spain La Liga,25/26,M,2,M_2
958380,Antony,Real Betis,Spain La Liga,25/26,M,0,M_0
1091116,Arda Güler,Real Madrid,Spain La Liga,25/26,M,0,M_0
286167,Aleix Febas,Elche,Spain La Liga,25/26,M,1,M_1
816763,Pablo Fornals,Real Betis,Spain La Liga,25/26,M,0,M_0
84539,Koke,Atlético Madrid,Spain La Liga,25/26,M,1,M_1
879694,Pape Gueye,Villarreal,Spain La Liga,25/26,M,1,M_1
1153270,Fermín López,FC Barcelona,Spain La Liga,25/26,M,0,M_0
877262,Edu Expósito,Espanyol,Spain La Liga,25/26,M,3,M_3
880218,Takefusa Kubo,Real Sociedad,Spain La Liga,25/26,M,3,M_3
913679,Pathé Ciss,Rayo Vallecano,Spain La Liga,25/26,M,1,M_1
811629,Luis Milla,Getafe,Spain La Liga,25/26,M,1,M_1
973887,Eduardo Camavinga,Real Madrid,Spain La Liga,25/26,M,1,M_1
1142588,Pablo Barrios,Atlético Madrid,Spain La Liga,25/26,M,1,M_1
789071,Dani Olmo,FC Barcelona,Spain La Liga,25/26,M,0,M_0
96365,Iñigo Ruiz de Galarreta,Athletic Club,Spain La Liga,25/26,M,1,M_1
1085400,Nico Williams,Athletic Club,Spain La Liga,25/26,M,0,M_0
826948,Pepelu,Valencia,Spain La Liga,25/26,M,1,M_1
798835,Giovani Lo Celso,Real Betis,Spain La Liga,25/26,M,0,M_0
1120669,Hugo Sotelo,Celta Vigo,Spain La Liga,25/26,M,1,M_1
910031,Álex Baena,Atlético Madrid,Spain La Liga,25/26,M,3,M_3
988351,Samú Costa,Mallorca,Spain La Liga,25/26,M,2,M_2
1137814,Sergi Altimira,Real Betis,Spain La Liga,25/26,M,1,M_1
359272,Sofyan Amrabat,Real Betis,Spain La Liga,25/26,M,1,M_1
962710,Germán Valera,Elche,Spain La Liga,25/26,M,3,M_3
832427,Carlos Soler,Real Sociedad,Spain La Liga,25/26,M,1,M_1
1084399,Carlos Vicente,Deportivo Alavés,Spain La Liga,25/26,M,0,M_0
1398526,Miguel Román,Celta Vigo,Spain La Liga,25/26,M,1,M_1
1083832,Kervin Arriaga,Levante UD,Spain La Liga,25/26,M,2,M_2
845693,André Almeida,Valencia,Spain La Liga,25/26,M,1,M_1
859773,Óscar Mingueza,Celta Vigo,Spain La Liga,25/26,M,1,M_1
110783,Sergi Darder,Mallorca,Spain La Liga,25/26,M,2,M_2
845385,Brais Méndez,Real Sociedad,Spain La Liga,25/26,M,0,M_0
149370,Moi Gómez,Osasuna,Spain La Liga,25/26,M,1,M_1
1099352,Giuliano Simeone,Atlético Madrid,Spain La Liga,25/26,M,3,M_3
319735,Viktor Tsygankov,Girona FC,Spain La Liga,25/26,M,3,M_3
280979,Gonçalo Guedes,Real Sociedad,Spain La Liga,25/26,M,3,M_3
901325,Nico González,Atlético Madrid,Spain La Liga,25/26,M,3,M_3
39182,Dani Parejo,Villarreal,Spain La Liga,25/26,M,1,M_1
900008,Óscar Valentín,Rayo Vallecano,Spain La Liga,25/26,M,2,M_2
855832,Antonio Blanco,Deportivo Alavés,Spain La Liga,25/26,M,1,M_1
927066,Pablo Martínez,Levante UD,Spain La Liga,25/26,M,3,M_3
1012444,Alberto Moleiro,Villarreal,Spain La Liga,25/26,M,3,M_3
973699,Iván Martín,Girona FC,Spain La Liga,25/26,M,2,M_2
843678,Santi Comesaña,Villarreal,Spain La Liga,25/26,M,2,M_2
966862,Ander Barrenetxea,Real Sociedad,Spain La Liga,25/26,M,0,M_0
255999,Omar Mascarell,Mallorca,Spain La Liga,25/26,M,2,M_2
976141,Jon Moncayola,Osasuna,Spain La Liga,25/26,M,2,M_2
35612,Axel Witsel,Girona FC,Spain La Liga,25/26,M,2,M_2
942836,Haissem Hassan,Real Oviedo,Spain La Liga,25/26,M,3,M_3
1010383,Jon Ander Olasagasti,Levante UD,Spain La Liga,25/26,M,3,M_3
900433,Luis Rioja,Valencia,Spain La Liga,25/26,M,3,M_3
835484,Fran Beltrán,Girona FC,Spain La Liga,25/26,M,1,M_1
1014595,Marc Aguado,Elche,Spain La Liga,25/26,M,2,M_2
826004,Manu Morlanes,Mallorca,Spain La Liga,25/26,M,2,M_2
1526628,Fer López,Celta Vigo,Spain La Liga,25/26,M,2,M_2
847128,Marc Roca,Real Betis,Spain La Liga,25/26,M,2,M_2
1010656,Carlos Álvarez,Levante UD,Spain La Liga,25/26,M,3,M_3
1122610,Javi Guerra,Valencia,Spain La Liga,25/26,M,3,M_3
1100646,Martim Neto,Elche,Spain La Liga,25/26,M,3,M_3
944660,Thiago Almada,Atlético Madrid,Spain La Liga,25/26,M,3,M_3
857482,Filip Ugrinic,Valencia,Spain La Liga,25/26,M,2,M_2
960006,Lucien Agoumé,Sevilla,Spain La Liga,25/26,M,2,M_2
1008259,Javi Rueda,Celta Vigo,Spain La Liga,25/26,M,3,M_3
260031,Rubén García,Osasuna,Spain La Liga,25/26,M,3,M_3
985329,Aimar Oroz,Osasuna,Spain La Liga,25/26,M,3,M_3
1082981,Pablo Torre,Mallorca,Spain La Liga,25/26,M,3,M_3
997033,Peque Fernández,Sevilla,Spain La Liga,25/26,M,3,M_3
973290,Tajon Buchanan,Villarreal,Spain La Liga,25/26,M,3,M_3
17651,Santi Cazorla,Real Oviedo,Spain La Liga,25/26,M,1,M_1
799054,Djibril Sow,Sevilla,Spain La Liga,25/26,M,2,M_2
1002764,Sergio Carreira,Celta Vigo,Spain La Liga,25/26,M,2,M_2
1154935,Hugo Álvarez,Celta Vigo,Spain La Liga,25/26,M,3,M_3
588566,Unai López,Rayo Vallecano,Spain La Liga,25/26,M,1,M_1
1534422,Oso,Sevilla,Spain La Liga,25/26,M,3,M_3
952222,Víctor García,Levante UD,Spain La Liga,25/26,M,3,M_3
980410,Beñat Turrientes,Real Sociedad,Spain La Liga,25/26,M,2,M_2
962890,Ilaix Moriba,Celta Vigo,Spain La Liga,25/26,M,2,M_2
190405,Leander Dendoncker,Real Oviedo,Spain La Liga,25/26,M,2,M_2
822379,Santiago Colombatto,Real Oviedo,Spain La Liga,25/26,M,2,M_2
944629,Nicolás Fonseca,Real Oviedo,Spain La Liga,25/26,M,2,M_2
949156,Luka Sucic,Real Sociedad,Spain La Liga,25/26,M,3,M_3
1495844,Mikel Jauregizar,Athletic Club,Spain La Liga,25/26,M,2,M_2
1063015,Tyrhys Dolan,Espanyol,Spain La Liga,25/26,M,3,M_3
1391616,Joel Roca,Girona FC,Spain La Liga,25/26,M,3,M_3
1216309,Jon Gorrotxategi,Real Sociedad,Spain La Liga,25/26,M,2,M_2
872919,Rubén Vargas,Sevilla,Spain La Liga,25/26,M,3,M_3
175185,Pere Milla,Espanyol,Spain La Liga,25/26,M,3,M_3
1126779,Williot Swedberg,Celta Vigo,Spain La Liga,25/26,M,3,M_3
191182,Thomas Lemar,Girona FC,Spain La Liga,25/26,M,3,M_3
187313,Lucas Torró,Osasuna,Spain La Liga,25/26,M,2,M_2
385888,Mauro Arambarri,Getafe,Spain La Liga,25/26,M,3,M_3
899982,Isi Palazón,Rayo Vallecano,Spain La Liga,25/26,M,3,M_3
1082968,Abde Rebbach,Deportivo Alavés,Spain La Liga,25/26,M,3,M_3
835485,Brahim Díaz,Real Madrid,Spain La Liga,25/26,M,3,M_3
1513222,Ángel Pérez,Deportivo Alavés,Spain La Liga,25/26,M,3,M_3
1084381,Pablo Ibáñez,Deportivo Alavés,Spain La Liga,25/26,M,3,M_3
998950,Diego López,Valencia,Spain La Liga,25/26,M,3,M_3
882475,Alberto Reina,Real Oviedo,Spain La Liga,25/26,M,2,M_2
1000483,Marc Casadó,FC Barcelona,Spain La Liga,25/26,M,1,M_1
859769,Oriol Rey,Levante UD,Spain La Liga,25/26,M,2,M_2
2110897,Alejandro Rego,Athletic Club,Spain La Liga,25/26,M,2,M_2
138383,Denis Suárez,Deportivo Alavés,Spain La Liga,25/26,M,2,M_2
859021,Batista Mendy,Sevilla,Spain La Liga,25/26,M,2,M_2
68332,Nemanja Gudelj,Sevilla,Spain La Liga,25/26,M,2,M_2
992331,Iker Losada,Levante UD,Spain La Liga,25/26,M,3,M_3
944165,Robert Navarro,Athletic Club,Spain La Liga,25/26,M,3,M_3
826010,Pol Lozano,Espanyol,Spain La Liga,25/26,M,2,M_2
1010655,Juanlu Sánchez,Sevilla,Spain La Liga,25/26,M,2,M_2
326471,Gerard Gumbau,Rayo Vallecano,Spain La Liga,25/26,M,2,M_2
1939173,Jan Virgili,Mallorca,Spain La Liga,25/26,M,3,M_3
316148,Thomas Partey,Villarreal,Spain La Liga,25/26,M,2,M_2
592012,Álex Berenguer,Athletic Club,Spain La Liga,25/26,M,3,M_3
1008037,Ilyas Chaira,Real Oviedo,Spain La Liga,25/26,M,3,M_3
783374,Iñaki Williams,Athletic Club,Spain La Liga,25/26,M,3,M_3
1088565,Ramón Terrats,Espanyol,Spain La Liga,25/26,M,3,M_3
1019236,Jofre Carreras,Espanyol,Spain La Liga,25/26,M,3,M_3
905639,Kwasi Sibo,Real Oviedo,Spain La Liga,25/26,M,2,M_2
966801,Oihan Sancet,Athletic Club,Spain La Liga,25/26,M,3,M_3
949722,Antonio Sánchez,Mallorca,Spain La Liga,25/26,M,2,M_2
1391752,Rodrigo Mendoza,Atlético Madrid,Spain La Liga,25/26,M,3,M_3
966637,Fran Pérez,Rayo Vallecano,Spain La Liga,25/26,M,3,M_3
794937,Carles Aleñá,Deportivo Alavés,Spain La Liga,25/26,M,3,M_3
900669,Pedro Díaz,Rayo Vallecano,Spain La Liga,25/26,M,3,M_3
848512,Grady Diangana,Elche,Spain La Liga,25/26,M,3,M_3
910026,Bryan Gil,Girona FC,Spain La Liga,25/26,M,3,M_3
1649919,Kareem Tunde,Levante UD,Spain La Liga,25/26,M,3,M_3
1391375,Unai Gómez,Athletic Club,Spain La Liga,25/26,M,3,M_3
788141,Jon Guridi,Deportivo Alavés,Spain La Liga,25/26,M,2,M_2
1154549,Mario Martín,Getafe,Spain La Liga,25/26,M,3,M_3
1139409,Pablo Marín,Real Sociedad,Spain La Liga,25/26,M,3,M_3
909554,Roger Brugué,Levante UD,Spain La Liga,25/26,M,3,M_3
345111,Álvaro García,Rayo Vallecano,Spain La Liga,25/26,M,3,M_3
1119586,Iker Muñoz,Osasuna,Spain La Liga,25/26,M,2,M_2
934235,Bukayo Saka,Arsenal,England Premier League,23/24,F,1,F_1
111505,Heung-min Son,Tottenham Hotspur,England Premier League,23/24,F,1,F_1
914902,Anthony Gordon,Newcastle United,England Premier League,23/24,F,1,F_1
839956,Erling Haaland,Manchester City,England Premier League,23/24,F,0,F_0
944656,Julián Alvarez,Manchester City,England Premier League,23/24,F,1,F_1
555386,Ollie Watkins,Aston Villa,England Premier League,23/24,F,0,F_0
927083,Bryan Mbeumo,Brentford,England Premier League,23/24,F,1,F_1
606164,Diogo Jota,Liverpool FC,England Premier League,23/24,F,0,F_0
886363,Matheus Cunha,Wolverhampton,England Premier League,23/24,F,2,F_2
836705,Kai Havertz,Arsenal,England Premier League,23/24,F,0,F_0
975079,João Pedro,Brighton & Hove Albion,England Premier League,23/24,F,1,F_1
372336,Jacob Murphy,Newcastle United,England Premier League,23/24,F,1,F_1
823941,Alexander Isak,Newcastle United,England Premier League,23/24,F,0,F_0
794839,Gabriel Jesus,Arsenal,England Premier League,23/24,F,2,F_2
808590,Leon Bailey,Aston Villa,England Premier League,23/24,F,1,F_1
1015256,Rodrigo Muniz,Fulham,England Premier League,23/24,F,3,F_3
922573,Gabriel Martinelli,Arsenal,England Premier League,23/24,F,1,F_1
805123,Yoane Wissa,Brentford,England Premier League,23/24,F,3,F_3
966547,Noni Madueke,Chelsea,England Premier League,23/24,F,1,F_1
840217,Richarlison,Tottenham Hotspur,England Premier League,23/24,F,0,F_0
135666,Leandro Trossard,Arsenal,England Premier League,23/24,F,1,F_1
1135873,Alejandro Garnacho,Manchester United,England Premier League,23/24,F,2,F_2
361420,Dominic Solanke,Bournemouth,England Premier League,23/24,F,0,F_0
358222,Carlton Morris,Luton Town,England Premier League,23/24,F,3,F_3
848276,Jean-Philippe Mateta,Crystal Palace,England Premier League,23/24,F,0,F_0
924871,Darwin Núñez,Liverpool FC,England Premier League,23/24,F,0,F_0
1085381,Nicolas Jackson,Chelsea,England Premier League,23/24,F,0,F_0
103045,Jordan Ayew,Crystal Palace,England Premier League,23/24,F,2,F_2
290927,Ivan Toney,Brentford,England Premier League,23/24,F,3,F_3
367228,Oli McBurnie,Sheffield United,England Premier League,23/24,F,3,F_3
138534,Raheem Sterling,Chelsea,England Premier League,23/24,F,2,F_2
1085180,Brennan Johnson,Tottenham Hotspur,England Premier League,23/24,F,2,F_2
50480,Chris Wood,Nottingham Forest,England Premier League,23/24,F,3,F_3
359664,Taiwo Awoniyi,Nottingham Forest,England Premier League,23/24,F,3,F_3
1142679,Wilson Odobert,Burnley,England Premier League,23/24,F,2,F_2
979232,Anthony Elanga,Nottingham Forest,England Premier League,23/24,F,2,F_2
372344,Dominic Calvert-Lewin,Everton,England Premier League,23/24,F,3,F_3
814590,Marcus Rashford,Manchester United,England Premier League,23/24,F,2,F_2
113956,Callum Wilson,Newcastle United,England Premier League,23/24,F,0,F_0
858194,Eddie Nketiah,Arsenal,England Premier League,23/24,F,3,F_3
1086417,Rasmus Højlund,Manchester United,England Premier League,23/24,F,3,F_3
795228,Odsonne Édouard,Crystal Palace,England Premier League,23/24,F,3,F_3
192442,Raúl Jiménez,Fulham,England Premier League,23/24,F,3,F_3
33902,Danny Welbeck,Brighton & Hove Albion,England Premier League,23/24,F,2,F_2
999231,Evan Ferguson,Brighton & Hove Albion,England Premier League,23/24,F,3,F_3
990550,Zeki Amdouni,Burnley,England Premier League,23/24,F,2,F_2
809276,Jacob Bruun Larsen,Burnley,England Premier League,23/24,F,1,F_1
829570,Jack Harrison,Everton,England Premier League,23/24,F,2,F_2
901907,Lyle Foster,Burnley,England Premier League,23/24,F,3,F_3
268903,Neal Maupay,Brentford,England Premier League,23/24,F,3,F_3
1090458,David Datro Fofana,Burnley,England Premier League,23/24,F,3,F_3
858911,Jacob Brown,Luton Town,England Premier League,23/24,F,3,F_3
47992,Andros Townsend,Luton Town,England Premier League,23/24,F,2,F_2
47772,Michail Antonio,West Ham United,England Premier League,23/24,F,3,F_3
987489,Beto,Everton,England Premier League,23/24,F,3,F_3
993451,Cameron Archer,Sheffield United,England Premier League,23/24,F,3,F_3
920542,Elijah Adebayo,Luton Town,England Premier League,23/24,F,3,F_3
1216282,Luca Koleosho,Burnley,England Premier League,23/24,F,2,F_2
886363,Matheus Cunha,Wolverhampton,England Premier League,24/25,F,1,F_1
934235,Bukayo Saka,Arsenal,England Premier League,24/25,F,1,F_1
927083,Bryan Mbeumo,Brentford,England Premier League,24/25,F,1,F_1
873554,Omar Marmoush,Manchester City,England Premier League,24/25,F,0,F_0
823941,Alexander Isak,Newcastle United,England Premier League,24/25,F,0,F_0
839956,Erling Haaland,Manchester City,England Premier League,24/25,F,0,F_0
111505,Heung-min Son,Tottenham Hotspur,England Premier League,24/25,F,1,F_1
805123,Yoane Wissa,Brentford,England Premier League,24/25,F,0,F_0
975079,João Pedro,Brighton & Hove Albion,England Premier League,24/25,F,0,F_0
372336,Jacob Murphy,Newcastle United,England Premier League,24/25,F,1,F_1
135666,Leandro Trossard,Arsenal,England Premier League,24/25,F,1,F_1
1085180,Brennan Johnson,Tottenham Hotspur,England Premier League,24/25,F,2,F_2
998490,Evanilson,Bournemouth,England Premier League,24/25,F,3,F_3
845286,Ismaïla Sarr,Crystal Palace,England Premier League,24/25,F,2,F_2
914902,Anthony Gordon,Newcastle United,England Premier League,24/25,F,2,F_2
192442,Raúl Jiménez,Fulham,England Premier League,24/25,F,0,F_0
979232,Anthony Elanga,Nottingham Forest,England Premier League,24/25,F,2,F_2
855647,Harvey Barnes,Newcastle United,England Premier League,24/25,F,2,F_2
836705,Kai Havertz,Arsenal,England Premier League,24/25,F,3,F_3
966547,Noni Madueke,Chelsea,England Premier League,24/25,F,2,F_2
50480,Chris Wood,Nottingham Forest,England Premier League,24/25,F,0,F_0
33902,Danny Welbeck,Brighton & Hove Albion,England Premier League,24/25,F,0,F_0
814590,Marcus Rashford,Aston Villa,England Premier League,24/25,F,1,F_1
922573,Gabriel Martinelli,Arsenal,England Premier League,24/25,F,2,F_2
555386,Ollie Watkins,Aston Villa,England Premier League,24/25,F,0,F_0
848276,Jean-Philippe Mateta,Crystal Palace,England Premier League,24/25,F,0,F_0
1085381,Nicolas Jackson,Chelsea,England Premier League,24/25,F,0,F_0
1048888,Mathys Tel,Tottenham Hotspur,England Premier League,24/25,F,2,F_2
361420,Dominic Solanke,Tottenham Hotspur,England Premier League,24/25,F,3,F_3
876599,Jørgen Strand Larsen,Wolverhampton,England Premier League,24/25,F,3,F_3
1015256,Rodrigo Muniz,Fulham,England Premier League,24/25,F,3,F_3
173827,Jamie Vardy,Leicester City,England Premier League,24/25,F,3,F_3
997087,Liam Delap,Ipswich Town,England Premier League,24/25,F,3,F_3
286165,Adama Traoré,Fulham,England Premier League,24/25,F,2,F_2
769333,Christopher Nkunku,Chelsea,England Premier League,24/25,F,2,F_2
1135873,Alejandro Garnacho,Manchester United,England Premier League,24/25,F,2,F_2
987489,Beto,Everton,England Premier League,24/25,F,3,F_3
606164,Diogo Jota,Liverpool FC,England Premier League,24/25,F,0,F_0
924871,Darwin Núñez,Liverpool FC,England Premier League,24/25,F,3,F_3
808590,Leon Bailey,Aston Villa,England Premier League,24/25,F,2,F_2
858194,Eddie Nketiah,Crystal Palace,England Premier League,24/25,F,3,F_3
295123,Paul Onuachu,Southampton,England Premier League,24/25,F,3,F_3
829570,Jack Harrison,Everton,England Premier League,24/25,F,2,F_2
372344,Dominic Calvert-Lewin,Everton,England Premier League,24/25,F,3,F_3
103045,Jordan Ayew,Leicester City,England Premier League,24/25,F,2,F_2
917007,Joshua Zirkzee,Manchester United,England Premier League,24/25,F,3,F_3
361352,Adam Armstrong,Southampton,England Premier League,24/25,F,3,F_3
1086417,Rasmus Højlund,Manchester United,England Premier League,24/25,F,3,F_3
1019442,Kamaldeen Sulemana,Southampton,England Premier League,24/25,F,2,F_2
993451,Cameron Archer,Southampton,England Premier League,24/25,F,3,F_3
839956,Erling Haaland,Manchester City,England Premier League,25/26,F,0,F_0
934235,Bukayo Saka,Arsenal,England Premier League,25/26,F,1,F_1
975079,João Pedro,Chelsea,England Premier League,25/26,F,0,F_0
886363,Matheus Cunha,Manchester United,England Premier League,25/26,F,2,F_2
914902,Anthony Gordon,Newcastle United,England Premier League,25/26,F,2,F_2
135666,Leandro Trossard,Arsenal,England Premier League,25/26,F,1,F_1
865523,Noah Okafor,Leeds United,England Premier League,25/26,F,2,F_2
1048422,Hugo Ekitiké,Liverpool FC,England Premier League,25/26,F,0,F_0
1016907,Igor Thiago,Brentford,England Premier League,25/26,F,0,F_0
1899647,Mateus Mané,Wolverhampton,England Premier League,25/26,F,2,F_2
822470,Samuel Chukwueze,Fulham,England Premier League,25/26,F,1,F_1
555386,Ollie Watkins,Aston Villa,England Premier League,25/26,F,0,F_0
836694,Mason Mount,Manchester United,England Premier League,25/26,F,1,F_1
840217,Richarlison,Tottenham Hotspur,England Premier League,25/26,F,3,F_3
966547,Noni Madueke,Arsenal,England Premier League,25/26,F,2,F_2
984624,Yéremy Pino,Crystal Palace,England Premier League,25/26,F,1,F_1
927083,Bryan Mbeumo,Manchester United,England Premier League,25/26,F,2,F_2
845286,Ismaïla Sarr,Crystal Palace,England Premier League,25/26,F,3,F_3
361420,Dominic Solanke,Tottenham Hotspur,England Premier League,25/26,F,3,F_3
875137,Zian Flemming,Burnley,England Premier League,25/26,F,3,F_3
1426228,Junior Kroupi,Bournemouth,England Premier League,25/26,F,0,F_0
1135873,Alejandro Garnacho,Chelsea,England Premier League,25/26,F,2,F_2
855647,Harvey Barnes,Newcastle United,England Premier League,25/26,F,2,F_2
991478,Amine Adli,Bournemouth,England Premier League,25/26,F,2,F_2
986397,Benjamin Sesko,Manchester United,England Premier League,25/26,F,0,F_0
848276,Jean-Philippe Mateta,Crystal Palace,England Premier League,25/26,F,0,F_0
877013,Taty Castellanos,West Ham United,England Premier League,25/26,F,3,F_3
372336,Jacob Murphy,Newcastle United,England Premier League,25/26,F,2,F_2
1048888,Mathys Tel,Tottenham Hotspur,England Premier League,25/26,F,2,F_2
803185,Lukas Nmecha,Leeds United,England Premier League,25/26,F,3,F_3
372344,Dominic Calvert-Lewin,Leeds United,England Premier League,25/26,F,3,F_3
33902,Danny Welbeck,Brighton & Hove Albion,England Premier League,25/26,F,0,F_0
192442,Raúl Jiménez,Fulham,England Premier League,25/26,F,3,F_3
795066,Marcus Edwards,Burnley,England Premier League,25/26,F,2,F_2
980623,Nick Woltemade,Newcastle United,England Premier League,25/26,F,3,F_3
113956,Callum Wilson,West Ham United,England Premier League,25/26,F,3,F_3
877980,Wilson Isidor,Sunderland,England Premier League,25/26,F,3,F_3
910048,Brian Brobbey,Sunderland,England Premier League,25/26,F,3,F_3
922573,Gabriel Martinelli,Arsenal,England Premier League,25/26,F,2,F_2
987489,Beto,Everton,England Premier League,25/26,F,3,F_3
1085180,Brennan Johnson,Crystal Palace,England Premier League,25/26,F,2,F_2
998490,Evanilson,Bournemouth,England Premier League,25/26,F,3,F_3
804508,Viktor Gyökeres,Arsenal,England Premier League,25/26,F,0,F_0
1142679,Wilson Odobert,Tottenham Hotspur,England Premier League,25/26,F,2,F_2
361352,Adam Armstrong,Wolverhampton,England Premier League,25/26,F,3,F_3
979232,Anthony Elanga,Newcastle United,England Premier League,25/26,F,2,F_2
50480,Chris Wood,Nottingham Forest,England Premier League,25/26,F,3,F_3
981619,Igor Jesus,Nottingham Forest,England Premier League,25/26,F,3,F_3
987734,Tolu Arokodare,Wolverhampton,England Premier League,25/26,F,3,F_3
1004505,Loum Tchaouna,Burnley,England Premier League,25/26,F,2,F_2
930245,Evann Guessand,Crystal Palace,England Premier League,25/26,F,2,F_2
1015256,Rodrigo Muniz,Fulham,England Premier League,25/26,F,3,F_3
1395746,Thierno Barry,Everton,England Premier League,25/26,F,3,F_3
809276,Jacob Bruun Larsen,Burnley,England Premier League,25/26,F,2,F_2
871706,Randal Kolo Muani,Tottenham Hotspur,England Premier League,25/26,F,2,F_2
901907,Lyle Foster,Burnley,England Premier League,25/26,F,3,F_3
997087,Liam Delap,Chelsea,England Premier League,25/26,F,3,F_3
876599,Jørgen Strand Larsen,Crystal Palace,England Premier League,25/26,F,3,F_3
826643,Kylian Mbappé,Paris Saint-Germain,France Ligue 1,23/24,F,1,F_1
788921,Florian Sotoca,RC Lens,France Ligue 1,23/24,F,1,F_1
818244,Ousmane Dembélé,Paris Saint-Germain,France Ligue 1,23/24,F,1,F_1
50070,Alexandre Lacazette,Olympique Lyonnais,France Ligue 1,23/24,F,0,F_0
51498,Pierre-Emerick Aubameyang,Olympique de Marseille,France Ligue 1,23/24,F,0,F_0
887766,Edon Zhegrova,Lille,France Ligue 1,23/24,F,1,F_1
848458,Arnaud Nordin,Montpellier,France Ligue 1,23/24,F,2,F_2
1009372,Georges Mikautadze,Metz,France Ligue 1,23/24,F,0,F_0
935564,Jonathan David,Lille,France Ligue 1,23/24,F,0,F_0
934510,Gonçalo Ramos,Paris Saint-Germain,France Ligue 1,23/24,F,0,F_0
119192,Wissam Ben Yedder,AS Monaco,France Ligue 1,23/24,F,0,F_0
367056,Jérémie Boga,Nice,France Ligue 1,23/24,F,1,F_1
911851,Yann Gboho,Toulouse,France Ligue 1,23/24,F,2,F_2
846445,Martin Terrier,Stade Rennais,France Ligue 1,23/24,F,2,F_2
1405239,Mohamed Bamba,Lorient,France Ligue 1,23/24,F,0,F_0
1154605,Désiré Doué,Stade Rennais,France Ligue 1,23/24,F,1,F_1
905381,Thijs Dallinga,Toulouse,France Ligue 1,23/24,F,0,F_0
859026,Amine Gouiri,Stade Rennais,France Ligue 1,23/24,F,2,F_2
957279,Mohamed Daramy,Stade de Reims,France Ligue 1,23/24,F,2,F_2
845286,Ismaïla Sarr,Olympique de Marseille,France Ligue 1,23/24,F,2,F_2
996952,Bradley Barcola,Paris Saint-Germain,France Ligue 1,23/24,F,2,F_2
873551,Mostafa Mohamed,Nantes,France Ligue 1,23/24,F,3,F_3
954061,Arnaud Kalimuendo,Stade Rennais,France Ligue 1,23/24,F,0,F_0
330051,Moses Simon,Nantes,France Ligue 1,23/24,F,2,F_2
973536,Martín Satriano,Stade Brestois,France Ligue 1,23/24,F,2,F_2
1142673,Ayman Kari,Lorient,France Ligue 1,23/24,F,2,F_2
876600,Mousa Tamari,Montpellier,France Ligue 1,23/24,F,2,F_2
894396,Terem Moffi,Nice,France Ligue 1,23/24,F,0,F_0
345035,Steve Mounié,Stade Brestois,France Ligue 1,23/24,F,3,F_3
871706,Randal Kolo Muani,Paris Saint-Germain,France Ligue 1,23/24,F,2,F_2
999070,Matthis Abline,Nantes,France Ligue 1,23/24,F,3,F_3
27035,André Ayew,Le Havre,France Ligue 1,23/24,F,3,F_3
1202024,Ernest Nuamah,Olympique Lyonnais,France Ligue 1,23/24,F,2,F_2
227862,Wesley Saïd,RC Lens,France Ligue 1,23/24,F,0,F_0
3504,Kévin Gameiro,RC Strasbourg,France Ligue 1,23/24,F,2,F_2
1169436,Frank Magri,Toulouse,France Ligue 1,23/24,F,3,F_3
988632,Jim Allevinah,Clermont Foot,France Ligue 1,23/24,F,2,F_2
909318,Mohamed Bayo,Le Havre,France Ligue 1,23/24,F,3,F_3
149730,Gaëtan Laborde,Nice,France Ligue 1,23/24,F,2,F_2
884948,Shamar Nicholson,Clermont Foot,France Ligue 1,23/24,F,3,F_3
934237,Folarin Balogun,AS Monaco,France Ligue 1,23/24,F,0,F_0
831400,Mathias Pereira Lage,Stade Brestois,France Ligue 1,23/24,F,2,F_2
946381,Akor Adams,Montpellier,France Ligue 1,23/24,F,3,F_3
1426228,Junior Kroupi,Lorient,France Ligue 1,23/24,F,3,F_3
930245,Evann Guessand,Nice,France Ligue 1,23/24,F,3,F_3
979315,Elye Wahi,RC Lens,France Ligue 1,23/24,F,0,F_0
1188191,Oumar Diakité,Stade de Reims,France Ligue 1,23/24,F,3,F_3
51640,Wahbi Khazri,Montpellier,France Ligue 1,23/24,F,2,F_2
113409,Elbasan Rashani,Clermont Foot,France Ligue 1,23/24,F,2,F_2
1047296,Jérémy Le Douaron,Stade Brestois,France Ligue 1,23/24,F,3,F_3
942834,Cheikh Sabaly,Metz,France Ligue 1,23/24,F,2,F_2
1048333,Emmanuel Emegha,RC Strasbourg,France Ligue 1,23/24,F,3,F_3
581146,Grejohn Kyei,Clermont Foot,France Ligue 1,23/24,F,3,F_3
810535,Tino Kadewere,Nantes,France Ligue 1,23/24,F,2,F_2
875548,Aiyegun Tosin,Lorient,France Ligue 1,23/24,F,3,F_3
818244,Ousmane Dembélé,Paris Saint-Germain,France Ligue 1,24/25,F,1,F_1
942116,Mason Greenwood,Olympique de Marseille,France Ligue 1,24/25,F,1,F_1
889259,Khvicha Kvaratskhelia,Paris Saint-Germain,France Ligue 1,24/25,F,1,F_1
1083007,Mika Biereth,AS Monaco,France Ligue 1,24/25,F,0,F_0
1154605,Désiré Doué,Paris Saint-Germain,France Ligue 1,24/25,F,1,F_1
996952,Bradley Barcola,Paris Saint-Germain,France Ligue 1,24/25,F,1,F_1
930245,Evann Guessand,Nice,France Ligue 1,24/25,F,2,F_2
149730,Gaëtan Laborde,Nice,France Ligue 1,24/25,F,0,F_0
859026,Amine Gouiri,Olympique de Marseille,France Ligue 1,24/25,F,0,F_0
935564,Jonathan David,Lille,France Ligue 1,24/25,F,0,F_0
887766,Edon Zhegrova,Lille,France Ligue 1,24/25,F,1,F_1
1126521,Lucas Stassin,Saint-Étienne,France Ligue 1,24/25,F,0,F_0
343971,Ludovic Ajorque,Stade Brestois,France Ligue 1,24/25,F,3,F_3
330051,Moses Simon,Nantes,France Ligue 1,24/25,F,2,F_2
1394353,Eliesse Ben Seghir,AS Monaco,France Ligue 1,24/25,F,1,F_1
954061,Arnaud Kalimuendo,Stade Rennais,France Ligue 1,24/25,F,0,F_0
921369,Zuriko Davitashvili,Saint-Étienne,France Ligue 1,24/25,F,2,F_2
50070,Alexandre Lacazette,Olympique Lyonnais,France Ligue 1,24/25,F,0,F_0
934510,Gonçalo Ramos,Paris Saint-Germain,France Ligue 1,24/25,F,0,F_0
911851,Yann Gboho,Toulouse,France Ligue 1,24/25,F,2,F_2
927005,Lassine Sinayoko,Auxerre,France Ligue 1,24/25,F,2,F_2
100621,Joshua King,Toulouse,France Ligue 1,24/25,F,3,F_3
1001458,Issa Soumaré,Le Havre,France Ligue 1,24/25,F,2,F_2
788921,Florian Sotoca,RC Lens,France Ligue 1,24/25,F,1,F_1
831400,Mathias Pereira Lage,Stade Brestois,France Ligue 1,24/25,F,2,F_2
1009372,Georges Mikautadze,Olympique Lyonnais,France Ligue 1,24/25,F,0,F_0
605552,Irvin Cardona,Saint-Étienne,France Ligue 1,24/25,F,2,F_2
1048333,Emmanuel Emegha,RC Strasbourg,France Ligue 1,24/25,F,0,F_0
877036,Anass Zaroury,RC Lens,France Ligue 1,24/25,F,1,F_1
848458,Arnaud Nordin,Montpellier,France Ligue 1,24/25,F,2,F_2
999070,Matthis Abline,Nantes,France Ligue 1,24/25,F,3,F_3
1063235,Mohamed-Ali Cho,Nice,France Ligue 1,24/25,F,2,F_2
367056,Jérémie Boga,Nice,France Ligue 1,24/25,F,2,F_2
1202024,Ernest Nuamah,Olympique Lyonnais,France Ligue 1,24/25,F,2,F_2
966621,Estéban Lepaul,Angers,France Ligue 1,24/25,F,3,F_3
1149144,Matias Fernandez-Pardo,Lille,France Ligue 1,24/25,F,2,F_2
946381,Akor Adams,Montpellier,France Ligue 1,24/25,F,3,F_3
930584,Farid El Melali,Angers,France Ligue 1,24/25,F,2,F_2
876600,Mousa Tamari,Stade Rennais,France Ligue 1,24/25,F,2,F_2
856737,Zakaria Aboukhlal,Toulouse,France Ligue 1,24/25,F,3,F_3
352296,Breel Embolo,AS Monaco,France Ligue 1,24/25,F,3,F_3
873551,Mostafa Mohamed,Nantes,France Ligue 1,24/25,F,3,F_3
227862,Wesley Saïd,RC Lens,France Ligue 1,24/25,F,3,F_3
1029018,Abdallah Sima,Stade Brestois,France Ligue 1,24/25,F,3,F_3
27035,André Ayew,Le Havre,France Ligue 1,24/25,F,3,F_3
268903,Neal Maupay,Olympique de Marseille,France Ligue 1,24/25,F,3,F_3
936848,Theo Bair,Auxerre,France Ligue 1,24/25,F,3,F_3
489180,Ado Onaiwu,Auxerre,France Ligue 1,24/25,F,3,F_3
51640,Wahbi Khazri,Montpellier,France Ligue 1,24/25,F,2,F_2
1463265,Antoine Joujou,Le Havre,France Ligue 1,24/25,F,2,F_2
1169436,Frank Magri,Toulouse,France Ligue 1,24/25,F,3,F_3
557166,Mama Baldé,Stade Brestois,France Ligue 1,24/25,F,3,F_3
1188191,Oumar Diakité,Stade de Reims,France Ligue 1,24/25,F,3,F_3
788061,M'Bala Nzola,RC Lens,France Ligue 1,24/25,F,3,F_3
880775,Ibrahima Niane,Angers,France Ligue 1,24/25,F,3,F_3
988632,Jim Allevinah,Angers,France Ligue 1,24/25,F,2,F_2
818244,Ousmane Dembélé,Paris Saint-Germain,France Ligue 1,25/26,F,1,F_1
942116,Mason Greenwood,Olympique de Marseille,France Ligue 1,25/26,F,1,F_1
148824,Florian Thauvin,RC Lens,France Ligue 1,25/26,F,1,F_1
996952,Bradley Barcola,Paris Saint-Germain,France Ligue 1,25/26,F,1,F_1
889259,Khvicha Kvaratskhelia,Paris Saint-Germain,France Ligue 1,25/26,F,1,F_1
1154605,Désiré Doué,Paris Saint-Germain,France Ligue 1,25/26,F,1,F_1
1174937,Endrick,Olympique Lyonnais,France Ligue 1,25/26,F,1,F_1
227862,Wesley Saïd,RC Lens,France Ligue 1,25/26,F,0,F_0
911851,Yann Gboho,Toulouse,France Ligue 1,25/26,F,2,F_2
1174462,Pablo Pagis,Lorient,France Ligue 1,25/26,F,1,F_1
1001458,Issa Soumaré,Le Havre,France Ligue 1,25/26,F,3,F_3
1215906,Afonso Moreira,Olympique Lyonnais,France Ligue 1,25/26,F,2,F_2
966621,Estéban Lepaul,Stade Rennais,France Ligue 1,25/26,F,0,F_0
1149144,Matias Fernandez-Pardo,Lille,France Ligue 1,25/26,F,0,F_0
927005,Lassine Sinayoko,Auxerre,France Ligue 1,25/26,F,0,F_0
999070,Matthis Abline,Nantes,France Ligue 1,25/26,F,2,F_2
859026,Amine Gouiri,Olympique de Marseille,France Ligue 1,25/26,F,1,F_1
51498,Pierre-Emerick Aubameyang,Olympique de Marseille,France Ligue 1,25/26,F,0,F_0
343971,Ludovic Ajorque,Stade Brestois,France Ligue 1,25/26,F,3,F_3
795228,Odsonne Édouard,RC Lens,France Ligue 1,25/26,F,0,F_0
876600,Mousa Tamari,Stade Rennais,France Ligue 1,25/26,F,2,F_2
1410925,Joaquín Panichelli,RC Strasbourg,France Ligue 1,25/26,F,0,F_0
957604,Pavel Sulc,Olympique Lyonnais,France Ligue 1,25/26,F,0,F_0
962883,Ansu Fati,AS Monaco,France Ligue 1,25/26,F,0,F_0
257205,Sofiane Boufal,Le Havre,France Ligue 1,25/26,F,2,F_2
802138,Jean-Victor Makengo,Lorient,France Ligue 1,25/26,F,2,F_2
802142,Jonathan Ikoné,Paris FC,France Ligue 1,25/26,F,2,F_2
1102503,Bamba Dieng,Lorient,France Ligue 1,25/26,F,0,F_0
1590918,Ibrahim Mbaye,Paris Saint-Germain,France Ligue 1,25/26,F,1,F_1
1063235,Mohamed-Ali Cho,Nice,France Ligue 1,25/26,F,2,F_2
330051,Moses Simon,Paris FC,France Ligue 1,25/26,F,2,F_2
1407484,Samuel Amo-Ameyaw,RC Strasbourg,France Ligue 1,25/26,F,2,F_2
934237,Folarin Balogun,AS Monaco,France Ligue 1,25/26,F,0,F_0
1401005,Rémy Labeau Lascary,Stade Brestois,France Ligue 1,25/26,F,2,F_2
802159,Habib Diallo,Metz,France Ligue 1,25/26,F,3,F_3
875548,Aiyegun Tosin,Lorient,France Ligue 1,25/26,F,3,F_3
1169436,Frank Magri,Toulouse,France Ligue 1,25/26,F,3,F_3
1199247,Santiago Hidalgo,Toulouse,France Ligue 1,25/26,F,2,F_2
352296,Breel Embolo,Stade Rennais,France Ligue 1,25/26,F,3,F_3
867440,Danny Namaso,Auxerre,France Ligue 1,25/26,F,2,F_2
1047484,Sékou Mara,Auxerre,France Ligue 1,25/26,F,3,F_3
842399,Alimami Gory,Paris FC,France Ligue 1,25/26,F,2,F_2
979315,Elye Wahi,Nice,France Ligue 1,25/26,F,0,F_0
873551,Mostafa Mohamed,Nantes,France Ligue 1,25/26,F,3,F_3
39070,Olivier Giroud,Lille,France Ligue 1,25/26,F,3,F_3
1514916,Sidiki Chérif,Angers,France Ligue 1,25/26,F,3,F_3
940328,Jean-Philippe Krasso,Paris FC,France Ligue 1,25/26,F,3,F_3
45512,Youssef El Arabi,Nantes,France Ligue 1,25/26,F,3,F_3
934510,Gonçalo Ramos,Paris Saint-Germain,France Ligue 1,25/26,F,0,F_0
942834,Cheikh Sabaly,Metz,France Ligue 1,25/26,F,2,F_2
1103141,Sambou Soumano,Lorient,France Ligue 1,25/26,F,3,F_3
877979,Willem Geubbels,Paris FC,France Ligue 1,25/26,F,3,F_3
2137784,Prosper Peter,Angers,France Ligue 1,25/26,F,3,F_3
1128844,Emersonn,Toulouse,France Ligue 1,25/26,F,3,F_3
825088,Ally Samatta,Le Havre,France Ligue 1,25/26,F,3,F_3
1083007,Mika Biereth,AS Monaco,France Ligue 1,25/26,F,3,F_3
108579,Harry Kane,FC Bayern München,Germany Bundesliga,23/24,F,0,F_0
328027,Serhou Guirassy,VfB Stuttgart,Germany Bundesliga,23/24,F,0,F_0
794298,Deniz Undav,VfB Stuttgart,Germany Bundesliga,23/24,F,1,F_1
67647,Andrej Kramaric,TSG Hoffenheim,Germany Bundesliga,23/24,F,1,F_1
142390,Jonas Hofmann,Bayer 04 Leverkusen,Germany Bundesliga,23/24,F,1,F_1
978521,Victor Boniface,Bayer 04 Leverkusen,Germany Bundesliga,23/24,F,0,F_0
835480,Loïs Openda,RB Leipzig,Germany Bundesliga,23/24,F,0,F_0
258325,Marvin Ducksch,SV Werder Bremen,Germany Bundesliga,23/24,F,1,F_1
873554,Omar Marmoush,Eintracht Frankfurt,Germany Bundesliga,23/24,F,2,F_2
803039,Donyell Malen,Borussia Dortmund,Germany Bundesliga,23/24,F,0,F_0
226978,Julian Brandt,Borussia Dortmund,Germany Bundesliga,23/24,F,1,F_1
826069,Jonas Wind,VfL Wolfsburg,Germany Bundesliga,23/24,F,3,F_3
878081,Ermedin Demirovic,FC Augsburg,Germany Bundesliga,23/24,F,0,F_0
980628,Maximilian Beier,TSG Hoffenheim,Germany Bundesliga,23/24,F,0,F_0
252215,Wout Weghorst,TSG Hoffenheim,Germany Bundesliga,23/24,F,3,F_3
132645,Niclas Füllkrug,Borussia Dortmund,Germany Bundesliga,23/24,F,0,F_0
991478,Amine Adli,Bayer 04 Leverkusen,Germany Bundesliga,23/24,F,1,F_1
228981,Tim Kleindienst,1. FC Heidenheim,Germany Bundesliga,23/24,F,3,F_3
280009,Lucas Höler,SC Freiburg,Germany Bundesliga,23/24,F,3,F_3
1048888,Mathys Tel,FC Bayern München,Germany Bundesliga,23/24,F,1,F_1
164171,Kevin Behrens,VfL Wolfsburg,Germany Bundesliga,23/24,F,3,F_3
111483,Michael Gregoritsch,SC Freiburg,Germany Bundesliga,23/24,F,3,F_3
280609,Patrik Schick,Bayer 04 Leverkusen,Germany Bundesliga,23/24,F,0,F_0
986397,Benjamin Sesko,RB Leipzig,Germany Bundesliga,23/24,F,0,F_0
340719,Philipp Hofmann,VfL Bochum 1848,Germany Bundesliga,23/24,F,3,F_3
187437,Davie Selke,1. FC Köln,Germany Bundesliga,23/24,F,3,F_3
939830,Jonathan Burkardt,1. FSV Mainz 05,Germany Bundesliga,23/24,F,0,F_0
822340,Phillip Tietz,FC Augsburg,Germany Bundesliga,23/24,F,3,F_3
254297,Ihlas Bebou,TSG Hoffenheim,Germany Bundesliga,23/24,F,2,F_2
1067120,Eren Dinkçi,1. FC Heidenheim,Germany Bundesliga,23/24,F,2,F_2
1005343,Justin Njinmah,SV Werder Bremen,Germany Bundesliga,23/24,F,0,F_0
319861,Luca Waldschmidt,1. FC Köln,Germany Bundesliga,23/24,F,2,F_2
165413,Karim Onisiwo,1. FSV Mainz 05,Germany Bundesliga,23/24,F,3,F_3
842212,Luca Pfeiffer,Darmstadt 98,Germany Bundesliga,23/24,F,3,F_3
844203,Christopher Antwi-Adjei,VfL Bochum 1848,Germany Bundesliga,23/24,F,2,F_2
909485,Marvin Pieringer,1. FC Heidenheim,Germany Bundesliga,23/24,F,3,F_3
135264,Yussuf Poulsen,RB Leipzig,Germany Bundesliga,23/24,F,3,F_3
560116,Rafael Borré,SV Werder Bremen,Germany Bundesliga,23/24,F,3,F_3
980623,Nick Woltemade,SV Werder Bremen,Germany Bundesliga,23/24,F,2,F_2
997012,Ansgar Knauff,Eintracht Frankfurt,Germany Bundesliga,23/24,F,2,F_2
378340,Marius Bülter,TSG Hoffenheim,Germany Bundesliga,23/24,F,2,F_2
309546,Takuma Asano,VfL Bochum 1848,Germany Bundesliga,23/24,F,3,F_3
993211,Oscar Vilhelmsson,Darmstadt 98,Germany Bundesliga,23/24,F,3,F_3
940054,Karim Adeyemi,Borussia Dortmund,Germany Bundesliga,23/24,F,2,F_2
343971,Ludovic Ajorque,1. FSV Mainz 05,Germany Bundesliga,23/24,F,3,F_3
983540,Tiago Tomás,VfL Wolfsburg,Germany Bundesliga,23/24,F,2,F_2
975800,Benedict Hollerbach,1. FC Union Berlin,Germany Bundesliga,23/24,F,2,F_2
994197,Faride Alidou,1. FC Köln,Germany Bundesliga,23/24,F,2,F_2
924205,Moritz Broschinski,VfL Bochum 1848,Germany Bundesliga,23/24,F,3,F_3
873554,Omar Marmoush,Eintracht Frankfurt,Germany Bundesliga,24/25,F,1,F_1
108579,Harry Kane,FC Bayern München,Germany Bundesliga,24/25,F,0,F_0
228981,Tim Kleindienst,Borussia M'gladbach,Germany Bundesliga,24/25,F,3,F_3
1048422,Hugo Ekitiké,Eintracht Frankfurt,Germany Bundesliga,24/25,F,0,F_0
258325,Marvin Ducksch,SV Werder Bremen,Germany Bundesliga,24/25,F,1,F_1
328027,Serhou Guirassy,Borussia Dortmund,Germany Bundesliga,24/25,F,0,F_0
939830,Jonathan Burkardt,1. FSV Mainz 05,Germany Bundesliga,24/25,F,0,F_0
280609,Patrik Schick,Bayer 04 Leverkusen,Germany Bundesliga,24/25,F,0,F_0
1107591,Mohamed Amoura,VfL Wolfsburg,Germany Bundesliga,24/25,F,2,F_2
822877,Alexis Claude-Maurice,FC Augsburg,Germany Bundesliga,24/25,F,2,F_2
826069,Jonas Wind,VfL Wolfsburg,Germany Bundesliga,24/25,F,3,F_3
67647,Andrej Kramaric,TSG Hoffenheim,Germany Bundesliga,24/25,F,1,F_1
226978,Julian Brandt,Borussia Dortmund,Germany Bundesliga,24/25,F,1,F_1
963801,Adam Hlozek,TSG Hoffenheim,Germany Bundesliga,24/25,F,2,F_2
940054,Karim Adeyemi,Borussia Dortmund,Germany Bundesliga,24/25,F,2,F_2
794298,Deniz Undav,VfB Stuttgart,Germany Bundesliga,24/25,F,0,F_0
340719,Philipp Hofmann,VfL Bochum 1848,Germany Bundesliga,24/25,F,3,F_3
925910,Shuto Machino,Holstein Kiel,Germany Bundesliga,24/25,F,0,F_0
835480,Loïs Openda,RB Leipzig,Germany Bundesliga,24/25,F,0,F_0
378340,Marius Bülter,TSG Hoffenheim,Germany Bundesliga,24/25,F,2,F_2
909485,Marvin Pieringer,1. FC Heidenheim,Germany Bundesliga,24/25,F,3,F_3
990743,Morgan Guilavogui,FC St. Pauli,Germany Bundesliga,24/25,F,2,F_2
122573,Steven Skrzybski,Holstein Kiel,Germany Bundesliga,24/25,F,1,F_1
997012,Ansgar Knauff,Eintracht Frankfurt,Germany Bundesliga,24/25,F,2,F_2
887500,Danel Sinani,FC St. Pauli,Germany Bundesliga,24/25,F,1,F_1
980623,Nick Woltemade,VfB Stuttgart,Germany Bundesliga,24/25,F,0,F_0
953767,Andrej Ilic,1. FC Union Berlin,Germany Bundesliga,24/25,F,3,F_3
986397,Benjamin Sesko,RB Leipzig,Germany Bundesliga,24/25,F,0,F_0
978521,Victor Boniface,Bayer 04 Leverkusen,Germany Bundesliga,24/25,F,0,F_0
980628,Maximilian Beier,Borussia Dortmund,Germany Bundesliga,24/25,F,3,F_3
149728,Budu Zivzivadze,1. FC Heidenheim,Germany Bundesliga,24/25,F,3,F_3
280009,Lucas Höler,SC Freiburg,Germany Bundesliga,24/25,F,3,F_3
878081,Ermedin Demirovic,VfB Stuttgart,Germany Bundesliga,24/25,F,0,F_0
1130946,Elias Saad,FC St. Pauli,Germany Bundesliga,24/25,F,2,F_2
1146148,Jean-Mattéo Bahoya,Eintracht Frankfurt,Germany Bundesliga,24/25,F,2,F_2
608362,Oliver Burke,SV Werder Bremen,Germany Bundesliga,24/25,F,3,F_3
927405,Woo-yeong Jeong,1. FC Union Berlin,Germany Bundesliga,24/25,F,2,F_2
822340,Phillip Tietz,FC Augsburg,Germany Bundesliga,24/25,F,3,F_3
1121923,Antonio Nusa,RB Leipzig,Germany Bundesliga,24/25,F,2,F_2
856744,Myron Boadu,VfL Bochum 1848,Germany Bundesliga,24/25,F,0,F_0
983540,Tiago Tomás,VfL Wolfsburg,Germany Bundesliga,24/25,F,2,F_2
1005343,Justin Njinmah,SV Werder Bremen,Germany Bundesliga,24/25,F,3,F_3
1121902,Phil Harres,Holstein Kiel,Germany Bundesliga,24/25,F,3,F_3
975800,Benedict Hollerbach,1. FC Union Berlin,Germany Bundesliga,24/25,F,2,F_2
871621,Oladapo Afolayan,FC St. Pauli,Germany Bundesliga,24/25,F,2,F_2
815612,Marco Grüll,SV Werder Bremen,Germany Bundesliga,24/25,F,2,F_2
1067120,Eren Dinkçi,SC Freiburg,Germany Bundesliga,24/25,F,2,F_2
591588,Johannes Eggestein,FC St. Pauli,Germany Bundesliga,24/25,F,3,F_3
920379,Nathan Tella,Bayer 04 Leverkusen,Germany Bundesliga,24/25,F,2,F_2
902381,Junior Adamu,SC Freiburg,Germany Bundesliga,24/25,F,3,F_3
855808,Samuel Essende,FC Augsburg,Germany Bundesliga,24/25,F,3,F_3
924205,Moritz Broschinski,VfL Bochum 1848,Germany Bundesliga,24/25,F,3,F_3
108579,Harry Kane,FC Bayern München,Germany Bundesliga,25/26,F,0,F_0
2087085,Yan Diomande,RB Leipzig,Germany Bundesliga,25/26,F,1,F_1
794298,Deniz Undav,VfB Stuttgart,Germany Bundesliga,25/26,F,0,F_0
1407524,Ibrahim Maza,Bayer 04 Leverkusen,Germany Bundesliga,25/26,F,1,F_1
1121923,Antonio Nusa,RB Leipzig,Germany Bundesliga,25/26,F,2,F_2
67647,Andrej Kramaric,TSG Hoffenheim,Germany Bundesliga,25/26,F,1,F_1
789192,Jean-Luc Dompé,Hamburger SV,Germany Bundesliga,25/26,F,1,F_1
226978,Julian Brandt,Borussia Dortmund,Germany Bundesliga,25/26,F,1,F_1
1146148,Jean-Mattéo Bahoya,Eintracht Frankfurt,Germany Bundesliga,25/26,F,2,F_2
280609,Patrik Schick,Bayer 04 Leverkusen,Germany Bundesliga,25/26,F,0,F_0
939830,Jonathan Burkardt,Eintracht Frankfurt,Germany Bundesliga,25/26,F,0,F_0
878081,Ermedin Demirovic,VfB Stuttgart,Germany Bundesliga,25/26,F,0,F_0
352544,Sheraldo Becker,1. FSV Mainz 05,Germany Bundesliga,25/26,F,0,F_0
877544,Ragnar Ache,1. FC Köln,Germany Bundesliga,25/26,F,3,F_3
822877,Alexis Claude-Maurice,FC Augsburg,Germany Bundesliga,25/26,F,2,F_2
940054,Karim Adeyemi,Borussia Dortmund,Germany Bundesliga,25/26,F,2,F_2
378340,Marius Bülter,1. FC Köln,Germany Bundesliga,25/26,F,3,F_3
1119502,Ernest Poku,Bayer 04 Leverkusen,Germany Bundesliga,25/26,F,2,F_2
328027,Serhou Guirassy,Borussia Dortmund,Germany Bundesliga,25/26,F,0,F_0
1019321,Igor Matanovic,SC Freiburg,Germany Bundesliga,25/26,F,3,F_3
980628,Maximilian Beier,Borussia Dortmund,Germany Bundesliga,25/26,F,2,F_2
954061,Arnaud Kalimuendo,Eintracht Frankfurt,Germany Bundesliga,25/26,F,3,F_3
1067120,Eren Dinkçi,1. FC Heidenheim,Germany Bundesliga,25/26,F,2,F_2
111483,Michael Gregoritsch,FC Augsburg,Germany Bundesliga,25/26,F,0,F_0
815612,Marco Grüll,SV Werder Bremen,Germany Bundesliga,25/26,F,2,F_2
142390,Jonas Hofmann,Bayer 04 Leverkusen,Germany Bundesliga,25/26,F,1,F_1
608362,Oliver Burke,1. FC Union Berlin,Germany Bundesliga,25/26,F,3,F_3
1085381,Nicolas Jackson,FC Bayern München,Germany Bundesliga,25/26,F,0,F_0
1107591,Mohamed Amoura,VfL Wolfsburg,Germany Bundesliga,25/26,F,3,F_3
927405,Woo-yeong Jeong,1. FC Union Berlin,Germany Bundesliga,25/26,F,2,F_2
983540,Tiago Tomás,VfB Stuttgart,Germany Bundesliga,25/26,F,2,F_2
1010117,Fisnik Asllani,TSG Hoffenheim,Germany Bundesliga,25/26,F,3,F_3
887500,Danel Sinani,FC St. Pauli,Germany Bundesliga,25/26,F,1,F_1
1180758,Adam Daghim,VfL Wolfsburg,Germany Bundesliga,25/26,F,2,F_2
2029648,Christian Kofane,Bayer 04 Leverkusen,Germany Bundesliga,25/26,F,3,F_3
909485,Marvin Pieringer,1. FC Heidenheim,Germany Bundesliga,25/26,F,3,F_3
259803,Haris Tabakovic,Borussia M'gladbach,Germany Bundesliga,25/26,F,3,F_3
953767,Andrej Ilic,1. FC Union Berlin,Germany Bundesliga,25/26,F,3,F_3
1131002,Derry Scherhant,SC Freiburg,Germany Bundesliga,25/26,F,2,F_2
925910,Shuto Machino,Borussia M'gladbach,Germany Bundesliga,25/26,F,3,F_3
1005343,Justin Njinmah,SV Werder Bremen,Germany Bundesliga,25/26,F,3,F_3
280009,Lucas Höler,SC Freiburg,Germany Bundesliga,25/26,F,3,F_3
1127790,Dzenan Pejcinovic,VfL Wolfsburg,Germany Bundesliga,25/26,F,3,F_3
1133743,Rômulo,RB Leipzig,Germany Bundesliga,25/26,F,3,F_3
149728,Budu Zivzivadze,1. FC Heidenheim,Germany Bundesliga,25/26,F,3,F_3
1462742,Ilyas Ansah,1. FC Union Berlin,Germany Bundesliga,25/26,F,3,F_3
1012235,Ransford Königsdörffer,Hamburger SV,Germany Bundesliga,25/26,F,3,F_3
1494826,Conrad Harder,RB Leipzig,Germany Bundesliga,25/26,F,3,F_3
991824,Rayan Philippe,Hamburger SV,Germany Bundesliga,25/26,F,3,F_3
997012,Ansgar Knauff,Eintracht Frankfurt,Germany Bundesliga,25/26,F,2,F_2
831400,Mathias Pereira Lage,FC St. Pauli,Germany Bundesliga,25/26,F,2,F_2
1014290,Tim Lemperle,TSG Hoffenheim,Germany Bundesliga,25/26,F,3,F_3
861850,Martijn Kaars,FC St. Pauli,Germany Bundesliga,25/26,F,3,F_3
822340,Phillip Tietz,1. FSV Mainz 05,Germany Bundesliga,25/26,F,3,F_3
1112796,Andréas Hountondji,FC St. Pauli,Germany Bundesliga,25/26,F,3,F_3
823984,Lautaro Martínez,Inter,Italy Serie A,23/24,F,0,F_0
889259,Khvicha Kvaratskhelia,SSC Napoli,Italy Serie A,23/24,F,1,F_1
253367,Domenico Berardi,Sassuolo,Italy Serie A,23/24,F,1,F_1
256219,Paulo Dybala,AS Roma,Italy Serie A,23/24,F,1,F_1
851284,Rafael Leão,AC Milan,Italy Serie A,23/24,F,1,F_1
791702,Marcus Thuram,Inter,Italy Serie A,23/24,F,0,F_0
960441,Charles De Ketelaere,Atalanta,Italy Serie A,23/24,F,1,F_1
1082406,Matías Soulé,Frosinone,Italy Serie A,23/24,F,1,F_1
824200,Ademola Lookman,Atalanta,Italy Serie A,23/24,F,1,F_1
817957,Christian Pulisic,AC Milan,Italy Serie A,23/24,F,1,F_1
822471,Victor Osimhen,SSC Napoli,Italy Serie A,23/24,F,0,F_0
804909,Albert Gudmundsson,Genoa,Italy Serie A,23/24,F,1,F_1
807301,Gianluca Scamacca,Atalanta,Italy Serie A,23/24,F,0,F_0
27982,Antonio Candreva,Salernitana,Italy Serie A,23/24,F,1,F_1
38162,Duván Zapata,Torino,Italy Serie A,23/24,F,3,F_3
1069244,Tijjani Noslin,Hellas Verona,Italy Serie A,23/24,F,3,F_3
293581,Mattia Zaccagni,Lazio,Italy Serie A,23/24,F,1,F_1
555540,Lorenzo Pellegrini,AS Roma,Italy Serie A,23/24,F,1,F_1
39070,Olivier Giroud,AC Milan,Italy Serie A,23/24,F,0,F_0
845386,Federico Chiesa,Juventus,Italy Serie A,23/24,F,1,F_1
917007,Joshua Zirkzee,Bologna,Italy Serie A,23/24,F,2,F_2
928122,Andrea Colpani,Monza,Italy Serie A,23/24,F,1,F_1
832208,Dušan Vlahović,Juventus,Italy Serie A,23/24,F,0,F_0
932643,Armand Laurienté,Sassuolo,Italy Serie A,23/24,F,2,F_2
78893,Romelu Lukaku,AS Roma,Italy Serie A,23/24,F,0,F_0
76132,Milan Djuric,Monza,Italy Serie A,23/24,F,3,F_3
842709,Rémi Oudin,Lecce,Italy Serie A,23/24,F,1,F_1
893640,Riccardo Sottil,Fiorentina,Italy Serie A,23/24,F,2,F_2
971005,Nicolò Cambiaghi,Empoli,Italy Serie A,23/24,F,2,F_2
346676,Patrick Ciurria,Monza,Italy Serie A,23/24,F,1,F_1
877037,Cyril Ngonge,SSC Napoli,Italy Serie A,23/24,F,2,F_2
865651,Giacomo Raspadori,SSC Napoli,Italy Serie A,23/24,F,1,F_1
877201,Gabriel Strefezza,Lecce,Italy Serie A,23/24,F,2,F_2
839156,Nikola Krstović,Lecce,Italy Serie A,23/24,F,3,F_3
220223,Andrea Belotti,Fiorentina,Italy Serie A,23/24,F,3,F_3
826198,Andrea Pinamonti,Sassuolo,Italy Serie A,23/24,F,3,F_3
964154,Tomas Suslov,Hellas Verona,Italy Serie A,23/24,F,2,F_2
45925,Stephan El Shaarawy,AS Roma,Italy Serie A,23/24,F,2,F_2
888219,Junior Messias,Genoa,Italy Serie A,23/24,F,2,F_2
838907,Dany Mota,Monza,Italy Serie A,23/24,F,2,F_2
148824,Florian Thauvin,Udinese,Italy Serie A,23/24,F,1,F_1
914501,Mateo Retegui,Genoa,Italy Serie A,23/24,F,3,F_3
802142,Jonathan Ikoné,Fiorentina,Italy Serie A,23/24,F,2,F_2
962029,Lucas Beltrán,Fiorentina,Italy Serie A,23/24,F,2,F_2
1149011,Kenan Yıldız,Juventus,Italy Serie A,23/24,F,2,F_2
877013,Taty Castellanos,Lazio,Italy Serie A,23/24,F,3,F_3
1000150,Zito Luvumbo,Cagliari,Italy Serie A,23/24,F,2,F_2
309156,Caleb Ekuban,Genoa,Italy Serie A,23/24,F,3,F_3
295973,Andrea Petagna,Cagliari,Italy Serie A,23/24,F,3,F_3
856065,Pontus Almqvist,Lecce,Italy Serie A,23/24,F,2,F_2
962364,Lorenzo Lucca,Udinese,Italy Serie A,23/24,F,3,F_3
812946,Christian Kouamé,Fiorentina,Italy Serie A,23/24,F,2,F_2
284363,Federico Bonazzoli,Hellas Verona,Italy Serie A,23/24,F,2,F_2
45923,Ciro Immobile,Lazio,Italy Serie A,23/24,F,0,F_0
333261,Antonio Sanabria,Torino,Italy Serie A,23/24,F,3,F_3
147368,Gianluca Lapadula,Cagliari,Italy Serie A,23/24,F,3,F_3
917485,Walid Cheddira,Frosinone,Italy Serie A,23/24,F,3,F_3
1012179,Jacopo Fazzini,Empoli,Italy Serie A,23/24,F,2,F_2
1004505,Loum Tchaouna,Salernitana,Italy Serie A,23/24,F,2,F_2
976381,Gustav Isaksen,Lazio,Italy Serie A,23/24,F,2,F_2
822470,Samuel Chukwueze,AC Milan,Italy Serie A,23/24,F,2,F_2
791355,Eldor Shomurodov,Cagliari,Italy Serie A,23/24,F,3,F_3
161325,Arkadiusz Milik,Juventus,Italy Serie A,23/24,F,3,F_3
788061,M'Bala Nzola,Fiorentina,Italy Serie A,23/24,F,3,F_3
930191,Lorenzo Colombo,Monza,Italy Serie A,23/24,F,3,F_3
1017649,Matteo Cancellieri,Empoli,Italy Serie A,23/24,F,2,F_2
43905,Francesco Caputo,Empoli,Italy Serie A,23/24,F,3,F_3
960080,Boulaye Dia,Salernitana,Italy Serie A,23/24,F,3,F_3
958982,Roberto Piccoli,Lecce,Italy Serie A,23/24,F,3,F_3
1143547,Chukwubuikem Ikwuemesi,Salernitana,Italy Serie A,23/24,F,3,F_3
256219,Paulo Dybala,AS Roma,Italy Serie A,24/25,F,1,F_1
293581,Mattia Zaccagni,Lazio,Italy Serie A,24/25,F,1,F_1
914501,Mateo Retegui,Atalanta,Italy Serie A,24/25,F,0,F_0
824200,Ademola Lookman,Atalanta,Italy Serie A,24/25,F,1,F_1
791702,Marcus Thuram,Inter,Italy Serie A,24/25,F,0,F_0
817957,Christian Pulisic,AC Milan,Italy Serie A,24/25,F,1,F_1
889259,Khvicha Kvaratskhelia,SSC Napoli,Italy Serie A,24/25,F,1,F_1
1149011,Kenan Yıldız,Juventus,Italy Serie A,24/25,F,1,F_1
1082406,Matías Soulé,AS Roma,Italy Serie A,24/25,F,1,F_1
823984,Lautaro Martínez,Inter,Italy Serie A,24/25,F,0,F_0
148824,Florian Thauvin,Udinese,Italy Serie A,24/25,F,1,F_1
851284,Rafael Leão,AC Milan,Italy Serie A,24/25,F,1,F_1
877013,Taty Castellanos,Lazio,Italy Serie A,24/25,F,0,F_0
839156,Nikola Krstović,Lecce,Italy Serie A,24/25,F,3,F_3
1493689,Assane Diao,Como,Italy Serie A,24/25,F,2,F_2
877201,Gabriel Strefezza,Como,Italy Serie A,24/25,F,1,F_1
35428,Pedro,Lazio,Italy Serie A,24/25,F,1,F_1
960441,Charles De Ketelaere,Atalanta,Italy Serie A,24/25,F,1,F_1
965008,Sebastiano Esposito,Empoli,Italy Serie A,24/25,F,2,F_2
865651,Giacomo Raspadori,SSC Napoli,Italy Serie A,24/25,F,1,F_1
871706,Randal Kolo Muani,Juventus,Italy Serie A,24/25,F,0,F_0
835601,Moise Kean,Fiorentina,Italy Serie A,24/25,F,0,F_0
78893,Romelu Lukaku,SSC Napoli,Italy Serie A,24/25,F,0,F_0
125407,Álvaro Morata,AC Milan,Italy Serie A,24/25,F,3,F_3
822470,Samuel Chukwueze,AC Milan,Italy Serie A,24/25,F,1,F_1
1012179,Jacopo Fazzini,Empoli,Italy Serie A,24/25,F,2,F_2
962364,Lorenzo Lucca,Udinese,Italy Serie A,24/25,F,3,F_3
826198,Andrea Pinamonti,Genoa,Italy Serie A,24/25,F,3,F_3
795044,Patrick Cutrone,Como,Italy Serie A,24/25,F,3,F_3
979222,Francisco Conceição,Juventus,Italy Serie A,24/25,F,2,F_2
798820,Artem Dovbyk,AS Roma,Italy Serie A,24/25,F,0,F_0
1031548,Alieu Fadera,Como,Italy Serie A,24/25,F,2,F_2
850993,David Neres,SSC Napoli,Italy Serie A,24/25,F,2,F_2
1116577,Santiago Castro,Bologna,Italy Serie A,24/25,F,3,F_3
137155,Joel Pohjanpalo,Venezia,Italy Serie A,24/25,F,3,F_3
76132,Milan Djuric,Parma,Italy Serie A,24/25,F,3,F_3
1086223,Ange-Yoan Bonny,Parma,Italy Serie A,24/25,F,3,F_3
804909,Albert Gudmundsson,Fiorentina,Italy Serie A,24/25,F,2,F_2
773409,Ché Adams,Torino,Italy Serie A,24/25,F,3,F_3
838907,Dany Mota,Monza,Italy Serie A,24/25,F,3,F_3
960080,Boulaye Dia,Lazio,Italy Serie A,24/25,F,3,F_3
605374,Tete Morente,Lecce,Italy Serie A,24/25,F,2,F_2
976381,Gustav Isaksen,Lazio,Italy Serie A,24/25,F,2,F_2
45925,Stephan El Shaarawy,AS Roma,Italy Serie A,24/25,F,2,F_2
555540,Lorenzo Pellegrini,AS Roma,Italy Serie A,24/25,F,2,F_2
893640,Riccardo Sottil,AC Milan,Italy Serie A,24/25,F,2,F_2
832208,Dušan Vlahović,Juventus,Italy Serie A,24/25,F,0,F_0
830858,Keinan Davis,Udinese,Italy Serie A,24/25,F,3,F_3
812946,Christian Kouamé,Empoli,Italy Serie A,24/25,F,2,F_2
148458,Gianluca Caprari,Monza,Italy Serie A,24/25,F,2,F_2
964154,Tomas Suslov,Hellas Verona,Italy Serie A,24/25,F,2,F_2
791355,Eldor Shomurodov,AS Roma,Italy Serie A,24/25,F,3,F_3
1018179,Daniel Mosquera,Hellas Verona,Italy Serie A,24/25,F,3,F_3
346676,Patrick Ciurria,Monza,Italy Serie A,24/25,F,2,F_2
962029,Lucas Beltrán,Fiorentina,Italy Serie A,24/25,F,2,F_2
928122,Andrea Colpani,Fiorentina,Italy Serie A,24/25,F,2,F_2
930191,Lorenzo Colombo,Empoli,Italy Serie A,24/25,F,3,F_3
957937,Casper Tengstedt,Hellas Verona,Italy Serie A,24/25,F,3,F_3
970928,Daniel Maldini,Atalanta,Italy Serie A,24/25,F,2,F_2
610766,Tammy Abraham,AC Milan,Italy Serie A,24/25,F,3,F_3
1022204,Amin Sarr,Hellas Verona,Italy Serie A,24/25,F,3,F_3
905381,Thijs Dallinga,Bologna,Italy Serie A,24/25,F,3,F_3
1000150,Zito Luvumbo,Cagliari,Italy Serie A,24/25,F,2,F_2
1093695,Vitinha,Genoa,Italy Serie A,24/25,F,2,F_2
984998,Santiago Pierotti,Lecce,Italy Serie A,24/25,F,2,F_2
958982,Roberto Piccoli,Cagliari,Italy Serie A,24/25,F,3,F_3
856065,Pontus Almqvist,Parma,Italy Serie A,24/25,F,2,F_2
1017649,Matteo Cancellieri,Parma,Italy Serie A,24/25,F,2,F_2
333261,Antonio Sanabria,Torino,Italy Serie A,24/25,F,3,F_3
879802,John Yeboah,Venezia,Italy Serie A,24/25,F,2,F_2
975811,Mattia Felici,Cagliari,Italy Serie A,24/25,F,2,F_2
1155358,Dailon Livramento,Hellas Verona,Italy Serie A,24/25,F,3,F_3
802149,Yann Karamoh,Torino,Italy Serie A,24/25,F,3,F_3
1149011,Kenan Yıldız,Juventus,Italy Serie A,25/26,F,1,F_1
960441,Charles De Ketelaere,Atalanta,Italy Serie A,25/26,F,1,F_1
803039,Donyell Malen,AS Roma,Italy Serie A,25/26,F,0,F_0
823984,Lautaro Martínez,Inter,Italy Serie A,25/26,F,0,F_0
1082406,Matías Soulé,AS Roma,Italy Serie A,25/26,F,1,F_1
862223,Manor Solomon,Fiorentina,Italy Serie A,25/26,F,2,F_2
791702,Marcus Thuram,Inter,Italy Serie A,25/26,F,0,F_0
965008,Sebastiano Esposito,Cagliari,Italy Serie A,25/26,F,1,F_1
253367,Domenico Berardi,Sassuolo,Italy Serie A,25/26,F,1,F_1
850993,David Neres,SSC Napoli,Italy Serie A,25/26,F,1,F_1
979222,Francisco Conceição,Juventus,Italy Serie A,25/26,F,1,F_1
830858,Keinan Davis,Udinese,Italy Serie A,25/26,F,0,F_0
284363,Federico Bonazzoli,Cremonese,Italy Serie A,25/26,F,2,F_2
817957,Christian Pulisic,AC Milan,Italy Serie A,25/26,F,1,F_1
932643,Armand Laurienté,Sassuolo,Italy Serie A,25/26,F,2,F_2
293581,Mattia Zaccagni,Lazio,Italy Serie A,25/26,F,2,F_2
971005,Nicolò Cambiaghi,Bologna,Italy Serie A,25/26,F,2,F_2
877201,Gabriel Strefezza,Parma,Italy Serie A,25/26,F,2,F_2
851284,Rafael Leão,AC Milan,Italy Serie A,25/26,F,0,F_0
294597,Federico Bernardeschi,Bologna,Italy Serie A,25/26,F,1,F_1
256219,Paulo Dybala,AS Roma,Italy Serie A,25/26,F,1,F_1
1017649,Matteo Cancellieri,Lazio,Italy Serie A,25/26,F,2,F_2
894863,Anastasios Douvikas,Como,Italy Serie A,25/26,F,0,F_0
555540,Lorenzo Pellegrini,AS Roma,Italy Serie A,25/26,F,1,F_1
35428,Pedro,Lazio,Italy Serie A,25/26,F,1,F_1
976381,Gustav Isaksen,Lazio,Italy Serie A,25/26,F,2,F_2
864898,Nicolò Zaniolo,Udinese,Italy Serie A,25/26,F,2,F_2
1065261,Jonathan Rowe,Bologna,Italy Serie A,25/26,F,2,F_2
346948,Stefano Moreo,Pisa,Italy Serie A,25/26,F,3,F_3
979479,Gennaro Borrelli,Cagliari,Italy Serie A,25/26,F,3,F_3
1493689,Assane Diao,Como,Italy Serie A,25/26,F,2,F_2
1069244,Tijjani Noslin,Lazio,Italy Serie A,25/26,F,2,F_2
983601,Kieron Bowie,Hellas Verona,Italy Serie A,25/26,F,3,F_3
887275,Matteo Tramoni,Pisa,Italy Serie A,25/26,F,2,F_2
1093695,Vitinha,Genoa,Italy Serie A,25/26,F,2,F_2
341143,Giovanni Simeone,Torino,Italy Serie A,25/26,F,3,F_3
893640,Riccardo Sottil,Lecce,Italy Serie A,25/26,F,2,F_2
1086223,Ange-Yoan Bonny,Inter,Italy Serie A,25/26,F,2,F_2
1116577,Santiago Castro,Bologna,Italy Serie A,25/26,F,3,F_3
1019442,Kamaldeen Sulemana,Atalanta,Italy Serie A,25/26,F,2,F_2
829570,Jack Harrison,Fiorentina,Italy Serie A,25/26,F,2,F_2
832208,Dušan Vlahović,Juventus,Italy Serie A,25/26,F,0,F_0
769333,Christopher Nkunku,AC Milan,Italy Serie A,25/26,F,0,F_0
1099296,Mateo Pellegrino,Parma,Italy Serie A,25/26,F,3,F_3
773409,Ché Adams,Torino,Italy Serie A,25/26,F,3,F_3
804909,Albert Gudmundsson,Fiorentina,Italy Serie A,25/26,F,2,F_2
173827,Jamie Vardy,Cremonese,Italy Serie A,25/26,F,3,F_3
970928,Daniel Maldini,Lazio,Italy Serie A,25/26,F,2,F_2
1138856,Adam Buksa,Udinese,Italy Serie A,25/26,F,3,F_3
835601,Moise Kean,Fiorentina,Italy Serie A,25/26,F,0,F_0
1031548,Alieu Fadera,Sassuolo,Italy Serie A,25/26,F,2,F_2
807301,Gianluca Scamacca,Atalanta,Italy Serie A,25/26,F,0,F_0
877037,Cyril Ngonge,Torino,Italy Serie A,25/26,F,2,F_2
1156616,Pio Esposito,Inter,Italy Serie A,25/26,F,3,F_3
917485,Walid Cheddira,Lecce,Italy Serie A,25/26,F,3,F_3
839156,Nikola Krstović,Atalanta,Italy Serie A,25/26,F,0,F_0
38162,Duván Zapata,Torino,Italy Serie A,25/26,F,3,F_3
309156,Caleb Ekuban,Genoa,Italy Serie A,25/26,F,3,F_3
788061,M'Bala Nzola,Sassuolo,Italy Serie A,25/26,F,3,F_3
1086417,Rasmus Højlund,SSC Napoli,Italy Serie A,25/26,F,3,F_3
1142606,Semih Kılıçsoy,Cagliari,Italy Serie A,25/26,F,2,F_2
1613917,Jeff Ekhator,Genoa,Italy Serie A,25/26,F,3,F_3
125407,Álvaro Morata,Como,Italy Serie A,25/26,F,3,F_3
826198,Andrea Pinamonti,Sassuolo,Italy Serie A,25/26,F,3,F_3
930191,Lorenzo Colombo,Genoa,Italy Serie A,25/26,F,3,F_3
1170773,Giovane,SSC Napoli,Italy Serie A,25/26,F,2,F_2
333261,Antonio Sanabria,Cremonese,Italy Serie A,25/26,F,3,F_3
1022204,Amin Sarr,Hellas Verona,Italy Serie A,25/26,F,3,F_3
958982,Roberto Piccoli,Fiorentina,Italy Serie A,25/26,F,3,F_3
1217613,Gift Orban,Hellas Verona,Italy Serie A,25/26,F,0,F_0
1029748,Nikola Stulic,Lecce,Italy Serie A,25/26,F,3,F_3
984998,Santiago Pierotti,Lecce,Italy Serie A,25/26,F,2,F_2
960080,Boulaye Dia,Lazio,Italy Serie A,25/26,F,3,F_3
1184248,Henrik Meister,Pisa,Italy Serie A,25/26,F,3,F_3
935564,Jonathan David,Juventus,Italy Serie A,25/26,F,3,F_3
19356,Iago Aspas,Celta Vigo,Spain La Liga,23/24,F,1,F_1
85859,Antoine Griezmann,Atlético Madrid,Spain La Liga,23/24,F,1,F_1
146866,Gerard Moreno,Villarreal,Spain La Liga,23/24,F,1,F_1
868812,Vinicius Junior,Real Madrid,Spain La Liga,23/24,F,1,F_1
910536,Rodrygo,Real Madrid,Spain La Liga,23/24,F,1,F_1
41789,Robert Lewandowski,FC Barcelona,Spain La Liga,23/24,F,0,F_0
798820,Artem Dovbyk,Girona FC,Spain La Liga,23/24,F,0,F_0
37318,Ante Budimir,Osasuna,Spain La Liga,23/24,F,0,F_0
605672,Gorka Guruzeta,Athletic Club,Spain La Liga,23/24,F,0,F_0
309078,Alexander Sørloth,Villarreal,Spain La Liga,23/24,F,0,F_0
942116,Mason Greenwood,Getafe,Spain La Liga,23/24,F,1,F_1
345195,Ayoze Pérez,Real Betis,Spain La Liga,23/24,F,2,F_2
310874,Vedat Muriqi,Mallorca,Spain La Liga,23/24,F,3,F_3
914213,Luis Suárez,Almería,Spain La Liga,23/24,F,0,F_0
604954,Borja Mayoral,Getafe,Spain La Liga,23/24,F,0,F_0
851671,João Félix,FC Barcelona,Spain La Liga,23/24,F,1,F_1
123223,Willian José,Real Betis,Spain La Liga,23/24,F,0,F_0
909119,Hugo Duro,Valencia,Spain La Liga,23/24,F,3,F_3
595576,Jonathan Bamba,Celta Vigo,Spain La Liga,23/24,F,2,F_2
125407,Álvaro Morata,Atlético Madrid,Spain La Liga,23/24,F,0,F_0
1084730,Bryan Zaragoza,Granada,Spain La Liga,23/24,F,2,F_2
846470,Youssef En-Nesyri,Sevilla,Spain La Liga,23/24,F,0,F_0
855833,Ferran Torres,FC Barcelona,Spain La Liga,23/24,F,1,F_1
876599,Jørgen Strand Larsen,Celta Vigo,Spain La Liga,23/24,F,3,F_3
212074,Roger Martí,Cádiz,Spain La Liga,23/24,F,3,F_3
789381,Chimy Ávila,Real Betis,Spain La Liga,23/24,F,1,F_1
823622,Mikel Oyarzabal,Real Sociedad,Spain La Liga,23/24,F,3,F_3
69418,Joselu,Real Madrid,Spain La Liga,23/24,F,0,F_0
966836,Álex Sola,Deportivo Alavés,Spain La Liga,23/24,F,2,F_2
84972,Kike García,Deportivo Alavés,Spain La Liga,23/24,F,3,F_3
1018190,Isaac Romero,Sevilla,Spain La Liga,23/24,F,0,F_0
146852,Abdón Prats,Mallorca,Spain La Liga,23/24,F,3,F_3
218616,Portu,Girona FC,Spain La Liga,23/24,F,2,F_2
894863,Anastasios Douvikas,Celta Vigo,Spain La Liga,23/24,F,3,F_3
824130,José Manuel Arnáiz,Osasuna,Spain La Liga,23/24,F,2,F_2
814385,Lucas Boyé,Granada,Spain La Liga,23/24,F,2,F_2
966679,Juanmi Latasa,Getafe,Spain La Liga,23/24,F,3,F_3
350170,Munir El Haddadi,Las Palmas,Spain La Liga,23/24,F,2,F_2
914819,Chris Ramos,Cádiz,Spain La Liga,23/24,F,3,F_3
351140,Jaime Mata,Getafe,Spain La Liga,23/24,F,3,F_3
895533,Myrto Uzuni,Granada,Spain La Liga,23/24,F,3,F_3
909966,Largie Ramazani,Almería,Spain La Liga,23/24,F,2,F_2
138387,Raúl de Tomás,Rayo Vallecano,Spain La Liga,23/24,F,3,F_3
790179,Cyle Larin,Mallorca,Spain La Liga,23/24,F,3,F_3
754710,Umar Sadiq,Real Sociedad,Spain La Liga,23/24,F,3,F_3
910024,Sergio Camello,Rayo Vallecano,Spain La Liga,23/24,F,3,F_3
1503836,Samu Aghehowa,Deportivo Alavés,Spain La Liga,23/24,F,3,F_3
805245,Maxi Gómez,Cádiz,Spain La Liga,23/24,F,3,F_3
344129,José Luis Morales,Villarreal,Spain La Liga,23/24,F,3,F_3
329563,Rubén Sobrino,Cádiz,Spain La Liga,23/24,F,2,F_2
900003,Jorge de Frutos,Rayo Vallecano,Spain La Liga,23/24,F,2,F_2
1493689,Assane Diao,Real Betis,Spain La Liga,23/24,F,2,F_2
829296,Roman Yaremchuk,Valencia,Spain La Liga,23/24,F,3,F_3
826643,Kylian Mbappé,Real Madrid,Spain La Liga,24/25,F,0,F_0
910536,Rodrygo,Real Madrid,Spain La Liga,24/25,F,1,F_1
868812,Vinicius Junior,Real Madrid,Spain La Liga,24/25,F,1,F_1
41789,Robert Lewandowski,FC Barcelona,Spain La Liga,24/25,F,0,F_0
887055,Cucho Hernández,Real Betis,Spain La Liga,24/25,F,0,F_0
19356,Iago Aspas,Celta Vigo,Spain La Liga,24/25,F,1,F_1
944656,Julián Alvarez,Atlético Madrid,Spain La Liga,24/25,F,1,F_1
873947,Dani Raba,Leganés,Spain La Liga,24/25,F,1,F_1
345195,Ayoze Pérez,Villarreal,Spain La Liga,24/25,F,0,F_0
85859,Antoine Griezmann,Atlético Madrid,Spain La Liga,24/25,F,1,F_1
37318,Ante Budimir,Osasuna,Spain La Liga,24/25,F,0,F_0
593526,Nicolas Pépé,Villarreal,Spain La Liga,24/25,F,1,F_1
855833,Ferran Torres,FC Barcelona,Spain La Liga,24/25,F,0,F_0
84972,Kike García,Deportivo Alavés,Spain La Liga,24/25,F,3,F_3
954076,Fábio Silva,Las Palmas,Spain La Liga,24/25,F,3,F_3
309078,Alexander Sørloth,Atlético Madrid,Spain La Liga,24/25,F,0,F_0
1395746,Thierno Barry,Villarreal,Spain La Liga,24/25,F,3,F_3
984624,Yéremy Pino,Villarreal,Spain La Liga,24/25,F,2,F_2
310874,Vedat Muriqi,Mallorca,Spain La Liga,24/25,F,3,F_3
1084730,Bryan Zaragoza,Osasuna,Spain La Liga,24/25,F,2,F_2
875890,Chidera Ejuke,Sevilla,Spain La Liga,24/25,F,1,F_1
1468090,Alfon González,Celta Vigo,Spain La Liga,24/25,F,2,F_2
1884145,Christantus Uche,Getafe,Spain La Liga,24/25,F,2,F_2
1392592,Roberto Fernández,Espanyol,Spain La Liga,24/25,F,3,F_3
909119,Hugo Duro,Valencia,Spain La Liga,24/25,F,3,F_3
831253,Toni Martínez,Deportivo Alavés,Spain La Liga,24/25,F,3,F_3
910024,Sergio Camello,Rayo Vallecano,Spain La Liga,24/25,F,3,F_3
785989,Borja Iglesias,Celta Vigo,Spain La Liga,24/25,F,3,F_3
605672,Gorka Guruzeta,Athletic Club,Spain La Liga,24/25,F,3,F_3
32048,Cristhian Stuani,Girona FC,Spain La Liga,24/25,F,0,F_0
827064,Arnaut Danjuma,Girona FC,Spain La Liga,24/25,F,2,F_2
352544,Sheraldo Becker,Real Sociedad,Spain La Liga,24/25,F,2,F_2
367228,Oli McBurnie,Las Palmas,Spain La Liga,24/25,F,3,F_3
823622,Mikel Oyarzabal,Real Sociedad,Spain La Liga,24/25,F,3,F_3
1398524,Pablo Durán,Celta Vigo,Spain La Liga,24/25,F,2,F_2
604954,Borja Mayoral,Getafe,Spain La Liga,24/25,F,3,F_3
900003,Jorge de Frutos,Rayo Vallecano,Spain La Liga,24/25,F,2,F_2
1382235,Bertuğ Yıldırım,Getafe,Spain La Liga,24/25,F,3,F_3
1131581,Carlos Martín,Deportivo Alavés,Spain La Liga,24/25,F,2,F_2
1150391,Vitor Roque,Real Betis,Spain La Liga,24/25,F,3,F_3
309546,Takuma Asano,Mallorca,Spain La Liga,24/25,F,3,F_3
932764,Randy Nteka,Rayo Vallecano,Spain La Liga,24/25,F,3,F_3
966679,Juanmi Latasa,Real Valladolid,Spain La Liga,24/25,F,3,F_3
793761,Mamadou Sylla,Real Valladolid,Spain La Liga,24/25,F,3,F_3
790179,Cyle Larin,Mallorca,Spain La Liga,24/25,F,3,F_3
754710,Umar Sadiq,Valencia,Spain La Liga,24/25,F,3,F_3
880157,Marcos André,Real Valladolid,Spain La Liga,24/25,F,3,F_3
826013,Abel Ruiz,Girona FC,Spain La Liga,24/25,F,3,F_3
1116987,Alejo Veliz,Espanyol,Spain La Liga,24/25,F,3,F_3
96369,Juanmi,Getafe,Spain La Liga,24/25,F,3,F_3
1121475,Diego García,Leganés,Spain La Liga,24/25,F,3,F_3
1026015,Orri Óskarsson,Real Sociedad,Spain La Liga,24/25,F,3,F_3
1018190,Isaac Romero,Sevilla,Spain La Liga,24/25,F,3,F_3
966836,Álex Sola,Getafe,Spain La Liga,24/25,F,2,F_2
914212,Miguel de la Fuente,Leganés,Spain La Liga,24/25,F,3,F_3
826643,Kylian Mbappé,Real Madrid,Spain La Liga,25/26,F,0,F_0
868812,Vinicius Junior,Real Madrid,Spain La Liga,25/26,F,1,F_1
593526,Nicolas Pépé,Villarreal,Spain La Liga,25/26,F,1,F_1
146866,Gerard Moreno,Villarreal,Spain La Liga,25/26,F,1,F_1
310874,Vedat Muriqi,Mallorca,Spain La Liga,25/26,F,0,F_0
823622,Mikel Oyarzabal,Real Sociedad,Spain La Liga,25/26,F,0,F_0
831253,Toni Martínez,Deportivo Alavés,Spain La Liga,25/26,F,3,F_3
1009372,Georges Mikautadze,Villarreal,Spain La Liga,25/26,F,0,F_0
944656,Julián Alvarez,Atlético Madrid,Spain La Liga,25/26,F,1,F_1
976104,Federico Viñas,Real Oviedo,Spain La Liga,25/26,F,3,F_3
900003,Jorge de Frutos,Rayo Vallecano,Spain La Liga,25/26,F,3,F_3
1154587,Álvaro Rodríguez,Elche,Spain La Liga,25/26,F,3,F_3
949962,Ferran Jutglà,Celta Vigo,Spain La Liga,25/26,F,3,F_3
1014042,Iván Romero,Levante UD,Spain La Liga,25/26,F,2,F_2
1649918,Carlos Espí,Levante UD,Spain La Liga,25/26,F,0,F_0
85859,Antoine Griezmann,Atlético Madrid,Spain La Liga,25/26,F,1,F_1
887055,Cucho Hernández,Real Betis,Spain La Liga,25/26,F,0,F_0
1084730,Bryan Zaragoza,Celta Vigo,Spain La Liga,25/26,F,2,F_2
855833,Ferran Torres,FC Barcelona,Spain La Liga,25/26,F,0,F_0
19356,Iago Aspas,Celta Vigo,Spain La Liga,25/26,F,1,F_1
1145642,Víctor Muñoz,Osasuna,Spain La Liga,25/26,F,2,F_2
37318,Ante Budimir,Osasuna,Spain La Liga,25/26,F,0,F_0
814590,Marcus Rashford,FC Barcelona,Spain La Liga,25/26,F,1,F_1
875890,Chidera Ejuke,Sevilla,Spain La Liga,25/26,F,2,F_2
909966,Largie Ramazani,Valencia,Spain La Liga,25/26,F,2,F_2
973536,Martín Satriano,Getafe,Spain La Liga,25/26,F,2,F_2
309078,Alexander Sørloth,Atlético Madrid,Spain La Liga,25/26,F,3,F_3
345195,Ayoze Pérez,Villarreal,Spain La Liga,25/26,F,3,F_3
190159,André Silva,Elche,Spain La Liga,25/26,F,0,F_0
827064,Arnaut Danjuma,Valencia,Spain La Liga,25/26,F,2,F_2
785989,Borja Iglesias,Celta Vigo,Spain La Liga,25/26,F,0,F_0
41789,Robert Lewandowski,FC Barcelona,Spain La Liga,25/26,F,0,F_0
814385,Lucas Boyé,Deportivo Alavés,Spain La Liga,25/26,F,3,F_3
997280,Raúl García,Osasuna,Spain La Liga,25/26,F,3,F_3
946381,Akor Adams,Sevilla,Spain La Liga,25/26,F,3,F_3
84972,Kike García,Espanyol,Spain La Liga,25/26,F,3,F_3
1403559,Franco Mastantuono,Real Madrid,Spain La Liga,25/26,F,2,F_2
1402716,Gonzalo García,Real Madrid,Spain La Liga,25/26,F,3,F_3
1393673,Karl Etta Eyong,Levante UD,Spain La Liga,25/26,F,3,F_3
825754,Rafa Mir,Elche,Spain La Liga,25/26,F,0,F_0
1170693,Mateo Joseph,Mallorca,Spain La Liga,25/26,F,2,F_2
605374,Tete Morente,Elche,Spain La Liga,25/26,F,2,F_2
604954,Borja Mayoral,Getafe,Spain La Liga,25/26,F,3,F_3
976374,Vladyslav Vanat,Girona FC,Spain La Liga,25/26,F,3,F_3
974713,Luis Vázquez,Getafe,Spain La Liga,25/26,F,3,F_3
754710,Umar Sadiq,Valencia,Spain La Liga,25/26,F,3,F_3
909119,Hugo Duro,Valencia,Spain La Liga,25/26,F,3,F_3
1392592,Roberto Fernández,Espanyol,Spain La Liga,25/26,F,3,F_3
34120,Alexis Sánchez,Sevilla,Spain La Liga,25/26,F,2,F_2
35532,Salomón Rondón,Real Oviedo,Spain La Liga,25/26,F,3,F_3
962029,Lucas Beltrán,Valencia,Spain La Liga,25/26,F,2,F_2
1398524,Pablo Durán,Celta Vigo,Spain La Liga,25/26,F,3,F_3
605672,Gorka Guruzeta,Athletic Club,Spain La Liga,25/26,F,3,F_3
1515554,Adrián Liso,Getafe,Spain La Liga,25/26,F,3,F_3
981604,Alemão,Rayo Vallecano,Spain La Liga,25/26,F,3,F_3
1172477,Tani Oluwaseyi,Villarreal,Spain La Liga,25/26,F,3,F_3
1018190,Isaac Romero,Sevilla,Spain La Liga,25/26,F,3,F_3
